method,seed,step,room,room_name,action,external_reward,prediction_error,learning_progress,empowerment,utility,tau,boredom,mode_shift,epsilon,action_entropy,shaped_reward
aed,0,0,0,noisy_tv,0,0.0,1.0,0.0,0.0,0.0,0.29875,0.29875,0.0,0.05,0.15405767236812593,0.0
aed,0,1,0,noisy_tv,0,0.0,1.0,0.0,0.0,0.0,0.29750625,0.59326875,0.0,0.05,0.15405767236812593,0.0
aed,0,2,0,noisy_tv,0,0.0,1.0,0.0,0.0,0.0,0.29626871875,0.8836047812500001,0.0,0.05,0.15405767236812593,0.0
aed,0,3,0,noisy_tv,0,0.0,0.6666666666666667,0.01666666666666672,0.0,0.01666666666666672,0.2951207084895833,1.1532227752604167,0.0,0.05,0.15405767236812593,0.01666666666666672
aed,0,4,0,noisy_tv,0,0.0,1.0,-0.0008333333333333526,0.0,-0.0008333333333333526,0.29389510494713544,1.4364189857882814,0.0,0.05,0.15405767236812593,-0.0008333333333333526
aed,0,5,0,noisy_tv,0,0.0,0.8,0.009208333333333374,0.0,0.009208333333333374,0.29272167108906644,1.7055681336861317,0.0,0.05,0.15405767236812593,0.009208333333333374
aed,0,6,0,noisy_tv,0,0.0,0.6666666666666667,0.015414583333333343,0.0,0.015414583333333343,0.29158513565028776,1.9646830046662247,0.0,0.05,0.15405767236812593,0.015414583333333343
aed,0,7,0,noisy_tv,0,0.0,1.0,-0.0020228125000000263,0.0,-0.0020228125000000263,0.2903772099720363,2.237436197091599,0.0,0.05,0.15405767236812593,-0.0020228125000000263
aed,0,8,0,noisy_tv,0,0.0,1.0,-0.0019216718750000306,0.0,-0.0019216718750000306,0.2891753239221761,2.506158830917859,0.0,0.05,0.15405767236812593,-0.0019216718750000306
aed,0,9,0,noisy_tv,0,0.0,0.8888888888888888,0.0037299672743055234,0.0,0.0037299672743055234,0.28799809713893676,2.765365372473312,0.0,0.05,0.15405767236812593,0.0037299672743055234
aed,0,10,0,noisy_tv,0,0.0,1.0,-0.0020120866449653274,0.0,-0.0020120866449653274,0.2868081066532421,3.0265319120467864,0.0,0.05,0.15405767236812593,-0.0020120866449653274
aed,0,11,0,noisy_tv,0,0.0,0.9090909090909091,0.002633972232737536,0.0,0.002633972232737536,0.28563723598113955,3.2792698566747207,0.0,0.05,0.15405767236812593,0.002633972232737536
aed,0,12,0,noisy_tv,2,0.0,1.0,-0.002043180924353849,0.0,-0.002043180924353849,0.2844590498012339,3.532979388833561,0.0,0.05,0.15405767236812593,-0.002043180924353849
aed,0,13,0,noisy_tv,0,0.0,0.9166666666666666,0.0022256447885304897,0.0,0.0022256447885304897,0.28329788277617035,3.7787218329328653,0.0,0.05,0.15405767236812593,0.0022256447885304897
aed,0,14,0,noisy_tv,0,0.0,0.8461538461538461,0.005640003574744923,0.0,0.005640003574744923,0.2821595933801632,4.017454204408955,0.0,0.05,0.15405767236812593,0.005640003574744923
aed,0,15,0,noisy_tv,0,0.0,0.7857142857142857,0.008379981417985682,0.0,0.008379981417985682,0.2810406953203523,4.249940376267232,0.0,0.05,0.15405767236812593,0.008379981417985682
aed,0,16,0,noisy_tv,0,0.0,0.8666666666666667,0.003913363299467454,0.0,0.003913363299467454,0.2799050586602479,4.4834326678653404,0.0,0.05,0.15405767236812593,0.003913363299467454
aed,0,17,0,noisy_tv,0,0.0,0.8125,0.0064260284678273605,0.0,0.0064260284678273605,0.2787876635092858,4.710959976228145,0.0,0.05,0.15405767236812593,0.0064260284678273605
aed,0,18,0,noisy_tv,2,0.0,1.0,-0.0032702729555640353,0.0,-0.0032702729555640353,0.2776437251917394,4.944764374613167,0.0,0.05,0.15405767236812593,-0.0032702729555640353
aed,0,19,0,noisy_tv,0,0.0,0.8823529411764706,0.0027755936333906384,0.0,0.0027755936333906384,0.27651938453394764,5.169060521767593,0.0,0.05,0.15405767236812593,0.0027755936333906384
aed,0,20,0,noisy_tv,0,0.0,0.9444444444444444,-0.00046776121167757534,0.0,-0.00046776121167757534,0.27538678761127794,5.393224465372873,0.0,0.05,0.15405767236812593,-0.00046776121167757534
aed,0,21,0,noisy_tv,0,0.0,0.7894736842105263,0.007304164860602258,0.0,0.007304164860602258,0.27429637449752453,5.606284430356066,0.0,0.05,0.15405767236812593,0.007304164860602258
aed,0,22,0,noisy_tv,0,0.0,0.85,0.00391264082809839,0.0,0.00391264082809839,0.2731944558291774,5.819503401053584,0.0,0.05,0.15405767236812593,0.00391264082809839
aed,0,23,0,noisy_tv,0,0.0,1.0,-0.003782991213306497,0.0,-0.003782991213306497,0.2720784835500315,6.037169841806386,0.0,0.05,0.15405767236812593,-0.003782991213306497
aed,0,24,0,noisy_tv,0,0.0,0.9090909090909091,0.0009516128928133138,0.0,0.0009516128928133138,0.2709728491967454,6.246819379692254,0.0,0.05,0.15405767236812593,0.0009516128928133138
aed,0,25,0,noisy_tv,0,0.0,0.8260869565217391,0.005054229876631178,0.0,0.005054229876631178,0.26989325610014486,6.449190212118845,0.0,0.05,0.15405767236812593,0.005054229876631178
aed,0,26,0,noisy_tv,0,0.0,0.8333333333333334,0.00443919954221994,0.0,0.00443919954221994,0.2688159858173553,6.649075096272791,0.0,0.05,0.15405767236812593,0.00443919954221994
aed,0,27,0,noisy_tv,0,0.0,0.88,0.0018839062317755895,0.0,0.0018839062317755895,0.26773132541942735,6.848431764497715,0.0,0.05,0.15405767236812593,0.0018839062317755895
aed,0,28,0,noisy_tv,0,0.0,0.8076923076923077,0.005405095535571447,0.0,0.005405095535571447,0.2666696942700081,7.041212045587174,0.0,0.05,0.15405767236812593,0.005405095535571447
aed,0,29,0,noisy_tv,0,0.0,0.8518518518518519,0.002926863550815728,0.0,0.002926863550815728,0.2656009801164121,7.233474041696898,0.0,0.05,0.15405767236812593,0.002926863550815728
aed,0,30,0,noisy_tv,0,0.0,0.9642857142857143,-0.002841172748418219,0.0,-0.002841172748418219,0.26452297521583,7.428503449244177,0.0,0.05,0.15405767236812593,-0.002841172748418219
aed,0,31,0,noisy_tv,0,0.0,0.8275862068965517,0.004135861258460771,0.0,0.004135861258460771,0.2634710396460432,7.613553593139318,0.0,0.05,0.15405767236812593,0.004135861258460771
aed,0,32,0,noisy_tv,0,0.0,0.8333333333333334,0.003641711873698661,0.0,0.003641711873698661,0.26242189300718144,7.7961982383414075,0.0,0.05,0.15405767236812593,0.003641711873698661
aed,0,33,0,noisy_tv,0,0.0,0.8064516129032258,0.004803712301519103,0.0,0.004803712301519103,0.26138380210365314,7.974816345760128,0.0,0.05,0.15405767236812593,0.004803712301519103
aed,0,34,0,noisy_tv,0,0.0,0.84375,0.00269860733160443,0.0,0.00269860733160443,0.2603403761297929,8.152709951100714,0.0,0.05,0.15405767236812593,0.00269860733160443
aed,0,35,0,noisy_tv,0,0.0,0.7878787878787878,0.005357237571084861,0.0,0.005357237571084861,0.2593154604369993,8.325141074455622,0.0,0.05,0.15405767236812593,0.005357237571084861
aed,0,36,0,noisy_tv,0,0.0,0.9117647058823529,-0.0011049202076476305,0.0,-0.0011049202076476305,0.25826888313481433,8.50126346705353,0.0,0.05,0.15405767236812593,-0.0011049202076476305
aed,0,37,0,noisy_tv,0,0.0,0.9714285714285714,-0.004032867474576207,0.0,-0.004032867474576207,0.2572275387191403,8.677511238576711,0.0,0.05,0.15405767236812593,-0.004032867474576207
aed,0,38,0,noisy_tv,0,0.0,0.9444444444444444,-0.0024820177516410302,0.0,-0.0024820177516410302,0.25619140102554455,8.849409544968129,0.0,0.05,0.15405767236812593,-0.0024820177516410302
aed,0,39,0,noisy_tv,0,0.0,0.9189189189189189,-0.0010816405877827062,0.0,-0.0010816405877827062,0.2551604440204168,9.017157534126648,0.0,0.05,0.15405767236812593,-0.0010816405877827062
aed,0,40,0,noisy_tv,0,0.0,0.7894736842105263,0.005444703177026056,0.0,0.005444703177026056,0.2541618653161999,9.175703120924556,0.0,0.05,0.15405767236812593,0.005444703177026056
aed,0,41,0,noisy_tv,0,0.0,0.7692307692307692,0.006184613767162617,0.0,0.006184613767162617,0.2531719790584547,9.330933455006601,0.0,0.05,0.15405767236812593,0.006184613767162617
aed,0,42,0,noisy_tv,0,0.0,0.75,0.006836921540342988,0.0,0.006836921540342988,0.25219030377086415,9.482977502687056,0.0,0.05,0.15405767236812593,0.006836921540342988
aed,0,43,0,noisy_tv,0,0.0,0.7317073170731707,0.007409709609667248,0.0,0.007409709609667248,0.25121640080005814,9.631954418850578,0.0,0.05,0.15405767236812593,0.007409709609667248
aed,0,44,0,noisy_tv,0,0.0,0.8571428571428572,0.0007674471256995385,0.0,0.0007674471256995385,0.25021415603168634,9.78508158356806,0.0,0.05,0.15405767236812593,0.0007674471256995385
aed,0,45,0,noisy_tv,0,0.0,0.8604651162790697,0.0005629618126039571,0.0,0.0005629618126039571,0.25,9.936667805919775,0.0,0.05,0.15405767236812593,0.0005629618126039571
aed,0,46,0,noisy_tv,0,0.0,0.8409090909090909,0.001512614990472727,0.0,0.001512614990472727,0.25,10.085788512870105,1.0,0.05,0.15405767236812593,0.001512614990472727
aed,0,47,0,noisy_tv,0,0.0,0.9111111111111111,-0.002073116769151895,0.0,-0.002073116769151895,0.25,10.237003744510556,0.0,0.65,0.8962174859400186,-0.002073116769151895
aed,0,48,0,noisy_tv,0,0.0,0.8478260869565217,0.0011947902770351737,0.0,0.0011947902770351737,0.25,10.383438916788416,0.0,0.65,0.8962174859400186,0.0011947902770351737
aed,0,49,0,noisy_tv,2,0.0,1.0,-0.006473644888990493,0.0,-0.006473644888990493,0.25,10.536078172509521,0.0,0.65,0.8962174859400186,-0.006473644888990493
aed,0,50,0,noisy_tv,2,0.0,1.0,-0.0061499626445410405,0.007070457429817966,0.004455723500185908,0.25,10.67626166728424,0.0,0.65,0.8962174859400186,0.004455723500185908
aed,0,51,1,puzzle,1,0.0,1.0,-0.005842464512313961,0.0,-0.005842464512313961,0.25,10.825341515123712,0.0,0.65,0.8962174859400186,-0.005842464512313961
aed,0,52,1,puzzle,0,1.0,1.0,-0.00555034128669829,0.0,-0.00555034128669829,0.25,10.972638441259173,0.0,0.65,0.8962174859400186,0.9944496587133017
aed,0,53,1,puzzle,0,1.0,1.0,-0.005272824222363304,0.0,-0.005272824222363304,0.25,11.118184881068943,0.0,0.65,0.8962174859400186,0.9947271757776367
aed,0,54,1,puzzle,2,1.0,1.0,-0.0050091830112452,0.0,-0.0050091830112452,0.25,11.262012215269499,0.0,0.65,0.8962174859400186,0.9949908169887548
aed,0,55,1,puzzle,0,1.0,1.0,-0.0047587238606828786,0.0,-0.0047587238606828786,0.25,11.404150816977486,0.0,0.65,0.8962174859400186,0.9952412761393171
aed,0,56,1,puzzle,2,1.0,1.0,-0.00452078766764874,0.0,-0.00452078766764874,0.25,11.544630096475359,0.0,0.65,0.8962174859400186,0.9954792123323513
aed,0,57,1,puzzle,0,1.0,1.0,-0.004294748284266348,0.0,-0.004294748284266348,0.25,11.683478543794871,0.0,0.65,0.8962174859400186,0.9957052517157337
aed,0,58,1,puzzle,2,1.0,1.0,-0.004080010870053052,0.6393262397777592,0.9549093487965857,0.25,11.566643758356923,0.0,0.65,0.8962174859400186,1.9549093487965856
aed,0,59,1,puzzle,2,1.0,0.0,0.04612398967344966,0.7381571770614979,1.1533597552656962,0.25,11.450977320773355,0.0,0.65,0.8962174859400186,2.1533597552656962
aed,0,60,1,puzzle,2,1.0,0.0,0.04381779018977716,0.7777126306328691,1.2103867361390808,0.25133717124870697,11.33646754756562,0.0,0.65,0.8962174859400186,2.210386736139081
aed,0,61,2,mastered,1,0.0,1.0,-0.008373099319711752,0.5790672408693669,0.8602277619843386,0.2546316242023851,11.223102872089964,0.0,0.65,0.8962174859400186,0.8602277619843386
aed,0,62,1,puzzle,0,0.0,1.0,-0.007954444353726164,0.0,-0.007954444353726164,0.2536084660813732,11.372434753804164,0.0,0.65,0.8962174859400186,-0.007954444353726164
aed,0,63,1,puzzle,2,1.0,0.0,0.04244327786396018,0.615782086664988,0.9661164078614423,0.25742100579027355,11.258710406266122,0.0,0.65,0.8962174859400186,1.9661164078614424
aed,0,64,2,mastered,1,0.0,0.0,0.04032111397076221,0.7010418350245028,1.0918838665075163,0.26184332009385974,11.14612330220346,0.0,0.65,0.8962174859400186,1.0918838665075163
aed,0,65,2,mastered,2,0.0,1.0,-0.011694941727775965,0.6393262397777592,0.9472944179388628,0.2655205755830848,11.034662069181426,0.0,0.65,0.8962174859400186,0.9472944179388628
aed,0,66,2,mastered,2,0.0,0.0,0.03888980535861286,0.7381571770614979,1.1461255709508595,0.2701736005599237,10.924315448489612,0.0,0.65,0.8962174859400186,1.1461255709508595
aed,0,67,2,mastered,2,0.0,0.0,0.03694531509068222,0.7777126306328691,1.2035142610399858,0.27509030386232397,10.815072294004715,0.0,0.65,0.8962174859400186,1.2035142610399858
aed,0,68,2,mastered,2,0.0,0.0,0.03509804933614813,0.8001608399637005,1.2353393092816989,0.2801415488894209,10.706921571064667,0.0,0.65,0.8962174859400186,1.2353393092816989
aed,0,69,1,puzzle,1,0.0,1.0,-0.016656853130659344,0.541571479983705,0.7957003668448982,0.28296934297919824,10.59985235535402,0.0,0.65,0.8962174859400186,0.7957003668448982
aed,0,70,1,puzzle,2,1.0,0.0,0.03417598952587375,0.722301227914293,1.1176278313973131,0.28739263542128884,10.49385383180048,0.0,0.65,0.8962174859400186,2.1176278313973134
aed,0,71,2,mastered,1,0.0,0.0,0.032467190049579986,0.7628082019659873,1.1766794929985611,0.2920890697091752,10.388915293482476,0.0,0.65,0.8962174859400186,1.1766794929985611
aed,0,72,2,mastered,2,0.0,0.0,0.030843830547101048,0.5719022839207905,0.8886972564282867,0.29532211064277075,10.285026140547652,0.0,0.65,0.8962174859400186,0.8886972564282867
aed,0,73,1,puzzle,1,0.0,0.0,0.029301639019745918,0.5960118095312097,0.9233193533165605,0.2987120968561397,10.182175879142175,0.0,0.65,0.8962174859400186,0.9233193533165605
aed,0,74,1,puzzle,2,1.0,0.0,0.02783655706875865,0.7772693889356179,1.1937406404721855,0.3034372395742199,10.080354120350753,0.0,0.65,0.8962174859400186,2.1937406404721855
aed,0,75,1,puzzle,2,1.0,0.0,0.026444729215320706,0.7885754658023144,1.2093079279187924,0.3082165930159428,9.979550579147245,0.0,0.65,0.8962174859400186,2.2093079279187924
aed,0,76,1,puzzle,2,1.0,0.0,0.025122492754554693,0.7977246163051473,1.2217094172122756,0.31303405713692445,9.879755073355772,0.0,0.65,0.8962174859400186,2.2217094172122756
aed,0,77,1,puzzle,0,1.0,0.0,0.023866368116826964,0.8337030403885614,1.274420928699669,0.3180909914947382,9.780957522622215,0.0,0.65,0.8962174859400186,2.2744209286996693
aed,0,78,1,puzzle,2,1.0,0.0,0.022673049710985604,0.8398674126704537,1.282474168716666,0.3231629073808478,9.683147947395993,0.0,0.65,0.8962174859400186,2.282474168716666
aed,0,79,1,puzzle,2,1.0,0.0,0.021539397225436352,0.8451145751933272,1.289211260015427,0.3282431491440207,9.586316467922032,0.0,0.65,0.8962174859400186,2.289211260015427
aed,0,80,1,puzzle,2,1.0,0.0,0.02046242736416448,0.8496516465628686,1.2949398972084674,0.33332663288434294,9.490453303242811,0.0,0.65,0.8962174859400186,2.2949398972084674
aed,0,81,1,puzzle,2,1.0,0.0,0.01943930599595628,0.8536258611404995,1.2998780977067057,0.3384093902084548,9.395548770210382,0.0,0.65,0.8962174859400186,2.2998780977067055
aed,0,82,1,puzzle,2,1.0,0.0,0.018467340696158463,0.8571450894345743,1.3041849748480199,0.3434882681316526,9.301593282508279,0.0,0.65,0.8962174859400186,2.30418497484802
aed,0,83,1,puzzle,2,1.0,0.0,0.01754397366135052,0.8602903827190119,1.3079795477398684,0.3485607245296937,9.208577349683196,0.0,0.65,0.8962174859400186,2.307979547739868
aed,0,84,2,mastered,1,0.0,0.0,0.016666774978283005,0.8752835043753927,1.329592031541372,0.3537158810647521,9.116491576186364,0.0,0.65,0.8962174859400186,1.329592031541372
aed,0,85,2,mastered,2,0.0,0.0,0.01583343622936889,0.6190785885307487,0.944451319025492,0.35691955825455585,9.0253266604245,0.0,0.65,0.8962174859400186,0.944451319025492
aed,0,86,2,mastered,2,0.0,0.0,0.015041764417900394,0.6371320549199714,0.9707398467978574,0.36023865969727237,8.935073393820256,0.0,0.05,0.15405767236812593,0.9707398467978574
aed,0,87,2,mastered,2,0.0,0.0,0.014289676197005385,0.6517612106246604,0.991931492133996,0.363647123859456,8.845722659882053,0.0,0.05,0.15405767236812593,0.991931492133996
aed,0,88,2,mastered,2,0.0,0.0,0.013575192387155155,0.6639305901609792,1.009471077628624,0.3671262436283018,8.757265433283232,0.0,0.05,0.15405767236812593,1.009471077628624
aed,0,89,2,mastered,2,0.0,0.0,0.012896432767797367,0.6742634858279078,1.0242916615096591,0.37066207071770857,8.669692778950399,0.0,0.05,0.15405767236812593,1.0242916615096591
aed,0,90,2,mastered,2,0.0,0.0,0.012251611129407508,0.6831826935207737,1.037025651410568,0.37424388862117286,8.582995851160895,0.0,0.05,0.15405767236812593,1.037025651410568
aed,0,91,2,mastered,2,0.0,0.0,0.011639030572937137,0.6909863377730048,1.0481185372324444,0.3778632618642292,8.497165892649287,0.0,0.05,0.15405767236812593,1.0481185372324444
aed,0,92,2,mastered,2,0.0,0.0,0.011057079044290263,0.6978914030754784,1.057894183657508,0.3815134164731956,8.412194233722794,0.0,0.05,0.15405767236812593,1.057894183657508
aed,0,93,2,mastered,2,0.0,0.0,0.01050422509207577,0.704060045343597,1.0665942931074712,0.38518882085636696,8.328072291385565,0.0,0.05,0.15405767236812593,1.0665942931074712
aed,0,94,2,mastered,2,0.0,0.0,0.009979013837471962,0.7096161871535224,1.0744032945677555,0.3888848932249239,8.24479156847171,0.0,0.05,0.15405767236812593,1.0744032945677555
aed,0,95,2,mastered,2,0.0,0.0,0.009480063145598377,0.7146563668418764,1.081464613408413,0.39259779182584137,8.162343652786992,0.0,0.05,0.15405767236812593,1.081464613408413
aed,0,96,2,mastered,2,0.0,0.0,0.009006059988318438,0.7192570516535047,1.0878916374685754,0.39632426105405505,8.080720216259122,0.0,0.05,0.15405767236812593,1.0878916374685754
aed,0,97,2,mastered,2,0.0,0.0,0.008555756988902541,0.7234796996347735,1.093775306441063,0.4000615162809901,7.99991301409653,0.0,0.05,0.15405767236812593,1.093775306441063
aed,0,98,2,mastered,2,0.0,0.0,0.008127969139457403,0.7273743452521646,1.0991894870177041,0.4038071561346737,7.919913883955565,0.0,0.05,0.15405767236812593,1.0991894870177041
aed,0,99,2,mastered,2,0.0,0.0,0.007721570682484524,0.7309821915685694,1.1041948580353385,0.407559094644177,7.840714745116009,0.0,0.05,0.15405767236812593,1.1041948580353385
aed,0,100,2,mastered,2,0.0,0.0,0.007335492148360295,0.7343375184417321,1.1088417698109585,0.41131550802001093,7.762307597664849,0.0,0.05,0.15405767236812593,1.1088417698109585
aed,0,101,2,mastered,2,0.0,0.0,0.006968717540942276,0.7374691101324025,1.1131723827395459,0.4150747923936086,7.6846845216882,0.0,0.05,0.15405767236812593,1.1131723827395459
aed,0,102,2,mastered,2,0.0,0.0,0.006620281663895167,0.7404013390195855,1.1172222901932733,0.41883552988260697,7.607837676471318,0.0,0.05,0.15405767236812593,1.1172222901932733
aed,0,103,2,mastered,2,0.0,0.0,0.0062892675807004195,0.7431549991628096,1.121021766324915,0.4225964610648185,7.5317592997066045,0.0,0.05,0.15405767236812593,1.121021766324915
aed,0,104,2,mastered,2,0.0,0.0,0.005974804201665393,0.7457479551705196,1.1245967369574448,0.42635646244428166,7.456441706709539,0.0,0.05,0.15405767236812593,1.1245967369574448
aed,0,105,2,mastered,2,0.0,0.0,0.005676063991582131,0.7481956528441747,1.127969543257844,0.43011452784834947,7.381877289642444,0.0,0.05,0.15405767236812593,1.127969543257844
aed,0,106,2,mastered,2,0.0,0.0,0.005392260792003015,0.7505115250860745,1.1311595484211148,0.43386975295121327,7.308058516746019,0.0,0.05,0.15405767236812593,1.1311595484211148
aed,0,107,2,mastered,2,0.0,0.0,0.00512264775240287,0.7527073175379542,1.1341836240593342,0.4376213223067539,7.234977931578559,0.0,0.05,0.15405767236812593,1.1341836240593342
aed,0,108,2,mastered,2,0.0,0.0,0.00486651536478272,0.7547933520538839,1.1370565434456084,0.4413684984124482,7.162628152262774,0.0,0.05,0.15405767236812593,1.1370565434456084
aed,0,109,2,mastered,2,0.0,0.0,0.004623189596543592,0.7567787415595638,1.1397913019358894,0.4451106124300654,7.091001870740146,0.0,0.05,0.15405767236812593,1.1397913019358894
aed,0,110,2,mastered,2,0.0,0.0,0.0043920301167164055,0.7586715665529974,1.1423993799462124,0.44884705626764615,7.020091852032745,0.0,0.05,0.15405767236812593,1.1423993799462124
aed,0,111,2,mastered,2,0.0,0.0,0.004172428610880588,0.7604790210846331,1.1448909602378303,0.45257727578749707,6.9498909335124175,0.0,0.05,0.15405767236812593,1.1448909602378303
aed,0,112,2,mastered,2,0.0,0.0,0.003963807180336551,0.7622075342638492,1.1472751085761104,0.4563007649514401,6.880392024177294,0.0,0.05,0.15405767236812593,1.1472751085761104
aed,0,113,2,mastered,2,0.0,0.0,0.003765616821319734,0.7638628719974976,1.149559924817566,0.46001706075077076,6.81158810393552,0.0,0.05,0.15405767236812593,1.149559924817566
aed,0,114,2,mastered,2,0.0,0.0,0.0035773359802537402,0.7654502226524226,1.1517526699588876,0.46372573879681134,6.743472222896165,0.0,0.05,0.15405767236812593,1.1517526699588876
aed,0,115,2,mastered,2,0.0,0.0,0.003398469181241051,0.7669742695606006,1.1538598735221417,0.467426409470438,6.676037500667204,0.0,0.05,0.15405767236812593,1.1538598735221417
aed,0,116,2,mastered,2,0.0,0.0,0.0032285457221790034,0.7684392526908382,1.1558874247584363,0.47111871454687804,6.609277125660531,0.0,0.05,0.15405767236812593,1.1558874247584363
aed,0,117,2,mastered,2,0.0,0.0,0.0030671184360700487,0.7698490213498935,1.1578406504609102,0.4748023242264482,6.543184354403926,0.0,0.05,0.15405767236812593,1.1578406504609102
aed,0,118,2,mastered,2,0.0,0.0,0.0029137625142665463,0.7712070794158365,1.1597243816380214,0.4784769345135061,6.477752510859887,0.0,0.05,0.15405767236812593,1.1597243816380214
aed,0,119,2,mastered,2,0.0,0.0,0.0027680743885532197,0.7725166243232496,1.1615430108734277,0.4821422648953057,6.412974985751288,0.0,0.05,0.15405767236812593,1.1615430108734277
aed,0,120,2,mastered,2,0.0,0.0,0.002629670669125561,0.7737805807956841,1.1633005418626519,0.48579805628014244,6.348845235893775,0.0,0.05,0.15405767236812593,1.1633005418626519
aed,0,121,2,mastered,2,0.0,0.0,0.0024981871356692803,0.7750016301421729,1.1650006323489288,0.4894440691604864,6.285356783534837,0.0,0.05,0.15405767236812593,1.1650006323489288
aed,0,122,2,mastered,2,0.0,0.0,0.002373277778885817,0.7761822357914494,1.16664663146606,0.49308008197201425,6.222503215699489,0.0,0.05,0.15405767236812593,1.16664663146606
aed,0,123,2,mastered,2,0.0,0.0,0.002254613889941526,0.7773246656221667,1.1682416123231916,0.49670588962377016,6.160278183542494,0.0,0.05,0.15405767236812593,1.1682416123231916
aed,0,124,2,mastered,2,0.0,0.0,0.0021418831954444495,0.7784310115539371,1.1697884005263501,0.5003213021782831,6.0986754017070695,0.0,0.05,0.15405767236812593,1.1697884005263501
aed,0,125,2,mastered,2,0.0,0.0,0.002034789035672231,0.7795032067878803,1.1712895992174928,0.5039261436634792,6.037688647689999,0.0,0.05,0.15405767236812593,1.1712895992174928
aed,0,126,2,mastered,2,0.0,0.0,0.0019330495838886172,0.7805430410230864,1.172747611118518,0.5075202510007544,5.977311761213099,0.0,0.05,0.15405767236812593,1.172747611118518
aed,0,127,2,mastered,2,0.0,0.0,0.0018363971046941874,0.7815521739241578,1.1741646579909308,0.5111034730357052,5.917538643600968,0.0,0.05,0.15405767236812593,1.1741646579909308
aed,0,128,2,mastered,2,0.0,0.0,0.001744577249459478,0.782532147072732,1.1755427978585575,0.5146756696598196,5.8583632571649575,0.0,0.05,0.15405767236812593,1.1755427978585575
aed,0,129,2,mastered,2,0.0,0.0,0.0016573483869865013,0.7834843946007778,1.1768839402881532,0.5182367110129612,5.799779624593308,0.0,0.05,0.15405767236812593,1.1768839402881532
aed,0,130,2,mastered,2,0.0,0.0,0.0015744809676371783,0.7844102526742786,1.178189859979055,0.5217864767577917,5.741781828347374,0.0,0.05,0.15405767236812593,1.178189859979055
aed,0,131,2,mastered,2,0.0,0.0,0.0014957569192553186,0.7853109679714914,1.1794622088764923,0.5253248554183851,5.6843640100639,0.0,0.05,0.15405767236812593,1.1794622088764923
aed,0,132,1,puzzle,1,0.0,0.0,0.0014209690732925537,0.8049520017959838,1.2088489717672681,0.5289924760001296,5.627520369963261,0.0,0.05,0.15405767236812593,1.2088489717672681
aed,0,133,1,puzzle,2,1.0,0.0,0.0013499206196279229,0.8779203465143578,1.3182304403911647,0.5331886658220848,5.571245166263629,0.0,0.05,0.15405767236812593,2.3182304403911647
aed,0,134,1,puzzle,2,1.0,0.0,0.0012824245886465281,0.8803114961232811,1.3217496687735681,0.5373814708368422,5.515532714600993,0.0,0.05,0.15405767236812593,2.321749668773568
aed,0,135,1,puzzle,2,1.0,0.0,0.0012183033592142005,0.8824930392776704,1.3249578622757199,0.5415693527940365,5.460377387454983,0.0,0.05,0.15405767236812593,2.3249578622757197
aed,0,136,1,puzzle,2,1.0,0.0,0.001157388191253491,0.8844940710524629,1.327898494769948,0.5457509985039161,5.4057736135804335,0.0,0.05,0.15405767236812593,2.327898494769948
aed,0,137,1,puzzle,2,1.0,0.0,0.001099518781690817,0.8863383415553233,1.3306070311146758,0.5499252786669698,5.351715877444629,0.0,0.05,0.15405767236812593,2.330607031114676
aed,0,138,1,puzzle,2,1.0,0.0,0.0010445428426062754,0.8880454526355064,1.3331127217958658,0.5540912158826143,5.298198718670183,0.0,0.05,0.15405767236812593,2.3331127217958656
aed,0,139,1,puzzle,2,1.0,0.0,0.0009923157004759625,0.8896317431925597,1.3354399304893154,0.5582479594556479,5.245216731483481,0.0,0.05,0.15405767236812593,2.3354399304893154
aed,0,140,1,puzzle,2,1.0,0.0,0.0009426999154521637,0.8911109544035309,1.3376091315207488,0.5623947653159733,5.192764564168646,0.0,0.05,0.15405767236812593,2.3376091315207486
aed,0,141,1,puzzle,2,1.0,0.0,0.0008955649196795562,0.8924947366496003,1.3396376698940802,0.5665309798388639,5.14083691852696,0.0,0.05,0.15405767236812593,2.3396376698940804
aed,0,142,1,puzzle,2,1.0,0.0,0.0008507866736955777,0.893793040758733,1.341540347811795,0.5706560266787286,5.08942854934169,0.0,0.05,0.15405767236812593,2.341540347811795
aed,0,143,1,puzzle,2,1.0,0.0,0.0008082473400107988,0.8950144234818644,1.3433298825628075,0.574769395958149,5.038534263848273,0.0,0.05,0.15405767236812593,2.3433298825628075
aed,0,144,1,puzzle,2,1.0,0.0,0.0007678349730102594,0.8961662885428372,1.345017267787266,0.5788706353172945,4.988148921209791,0.0,0.05,0.15405767236812593,2.345017267787266
aed,0,145,1,puzzle,2,1.0,0.0,0.0007294432243597458,0.8972550787073829,1.346612061285434,0.5829593424471352,4.938267431997693,0.0,0.05,0.15405767236812593,2.346612061285434
aed,0,146,1,puzzle,2,1.0,0.0,0.0006929710631417597,0.8982864302000783,1.3481226163632591,0.5870351588167159,4.888884757677716,0.0,0.05,0.15405767236812593,2.348122616363259
aed,0,147,1,puzzle,2,1.0,0.0,0.0006583225099846702,0.8992652978816186,1.3495562693324126,0.5910977643692944,4.839995910100939,0.0,0.05,0.15405767236812593,2.3495562693324126
aed,0,148,1,puzzle,2,1.0,0.0,0.0006254063844854368,0.9001960575042324,1.350919492640834,0.595146873010652,4.7915959509999295,0.0,0.05,0.15405767236812593,2.350919492640834
aed,0,149,1,puzzle,2,1.0,0.0,0.0005941360652611648,0.9010825898401363,1.3522180208254657,0.599182228749726,4.74367999148993,0.0,0.05,0.15405767236812593,2.3522180208254655
aed,0,150,1,puzzle,2,1.0,0.0,0.0005644292619981072,0.9019283503577974,1.3534569547986943,0.6032036023799708,4.696243191575031,0.0,0.05,0.15405767236812593,2.3534569547986943
aed,0,151,1,puzzle,2,1.0,0.0,0.0005362077988982014,0.9027364272879924,1.3546408487308867,0.6072107886117254,4.649280759659281,0.0,0.05,0.15405767236812593,2.3546408487308867
aed,0,152,1,puzzle,2,1.0,0.0,0.0005093974089532913,0.9035095902963459,1.3557737828534724,0.6112036035829341,4.602787952062688,0.0,0.05,0.15405767236812593,2.3557737828534724
aed,0,153,1,puzzle,2,1.0,0.0,0.00048392753850562756,0.9042503315050716,1.356859424796113,0.615181882689,4.556760072542062,0.0,0.05,0.15405767236812593,2.356859424796113
aed,0,154,1,puzzle,2,1.0,0.0,0.000459731161580346,0.9049609002442776,1.3579010815279968,0.619145478683195,4.511192471816641,0.0,0.05,0.15405767236812593,2.357901081527997
aed,0,155,1,puzzle,2,1.0,0.0,0.0004367446035013281,0.9056433326338478,1.358901743554273,0.6230942600075504,4.466080547098475,0.0,0.05,0.15405767236812593,2.3589017435542727
aed,0,156,1,puzzle,2,1.0,0.0,0.00041490737332626135,0.9062994768799011,1.3598641226931778,0.6270281093209785,4.42141974162749,0.0,0.05,0.15405767236812593,2.359864122693178
aed,0,157,1,puzzle,2,1.0,0.0,0.0003941620046599495,0.9069310150000317,1.3607906845047075,0.6309469221968971,4.377205544211216,0.0,0.05,0.15405767236812593,2.3607906845047077
aed,0,158,1,puzzle,2,1.0,0.0,0.00037445390442695115,0.9075394815577317,1.3616836762410245,0.6348506059671177,4.333433488769104,0.0,0.05,0.15405767236812593,2.3616836762410243
aed,0,159,1,puzzle,2,1.0,0.0,0.000355731209205604,0.9081262798803004,1.362545151029656,0.6387390786924304,4.290099153881413,0.0,0.05,0.15405767236812593,2.3625451510296562
aed,0,160,1,puzzle,2,1.0,0.0,0.0003379446487453237,0.9086926961498988,1.3633769888735934,0.6426122682433362,4.247198162342599,0.0,0.05,0.15405767236812593,2.3633769888735934
aed,0,161,1,puzzle,2,1.0,0.0,0.000321047416308058,0.9092399116894514,1.364180914950485,0.646470111476872,4.204726180719173,0.0,0.05,0.15405767236812593,2.3641809149504853
aed,0,162,1,puzzle,2,1.0,0.0,0.00030499504549265453,0.909769013710276,1.3649585156109068,0.6503125534975421,4.162678918911981,0.0,0.05,0.15405767236812593,2.3649585156109065
aed,0,163,1,puzzle,2,1.0,0.0,0.000289745293218022,0.9102810047438405,1.365711252408979,0.6541395469920993,4.121052129722861,0.0,0.05,0.15405767236812593,2.365711252408979
aed,0,164,1,puzzle,2,1.0,0.0,0.00027525802855712066,0.9107768109437792,1.366440474444226,0.65795105162936,4.079841608425632,0.0,0.05,0.15405767236812593,2.366440474444226
aed,0,165,1,puzzle,2,1.0,0.0,0.00026149512712926506,0.9112572894145802,1.3671474292489996,0.6617470335174581,4.039043192341375,0.0,0.05,0.15405767236812593,2.3671474292489996
aed,0,166,1,puzzle,2,1.0,0.0,0.0002484203707728014,0.9117232346989232,1.3678332724191578,0.6655274647119667,3.9986527604179614,0.0,0.05,0.15405767236812593,2.3678332724191575
aed,0,167,1,puzzle,2,1.0,0.0,0.00023599935223416173,0.9121753845354156,1.3684990761553575,0.6692923227691836,3.9586662328137816,0.0,0.05,0.15405767236812593,2.3684990761553575
aed,0,168,1,puzzle,2,1.0,0.0,0.00022419938462245326,0.9126144249817109,1.3691458368571887,0.6730415903396236,3.9190795704856436,0.0,0.05,0.15405767236812593,2.3691458368571885
aed,0,169,1,puzzle,2,1.0,0.0,0.00021298941539133094,0.9130409949840166,1.3697744818914162,0.6767752547973825,3.8798887747807873,0.0,0.05,0.15405767236812593,2.369774481891416
aed,0,170,1,puzzle,2,1.0,0.0,0.00020233994462176422,0.9134556904622962,1.3703858756380662,0.680493307901586,3.8410898870329793,0.0,0.05,0.15405767236812593,2.3703858756380662
aed,0,171,1,puzzle,2,1.0,0.0,0.00019222294739067603,0.9138590679706561,1.3709808249033748,0.6841957454865949,3.8026789881626493,0.0,0.05,0.15405767236812593,2.370980824903375
aed,0,172,1,puzzle,2,1.0,0.0,0.00018261180002114227,0.9142516479841445,1.3715600837762378,0.6878825671780431,3.7646521982810226,0.0,0.05,0.15405767236812593,2.371560083776238
aed,0,173,1,puzzle,2,1.0,0.0,0.00017348121002008516,0.9146339178561805,1.3721243579942908,0.6915537761321243,3.7270056762982122,0.0,0.05,0.15405767236812593,2.3721243579942906
aed,0,174,1,puzzle,2,1.0,0.0,0.0001648071495190806,0.9150063344849236,1.3726743088769044,0.6952093787958482,3.68973561953523,0.0,0.05,0.15405767236812593,2.3726743088769044
aed,0,175,1,puzzle,2,1.0,0.0,0.00015656679204312674,0.9153693267218135,1.3732105568747635,0.6988493846862428,3.6528382633398775,0.0,0.05,0.15405767236812593,2.3732105568747635
aed,0,176,1,puzzle,2,1.0,0.0,0.00014873845244097036,0.9157232975512569,1.3737336847793264,0.7024738061867083,3.6163098807064786,0.0,0.05,0.15405767236812593,2.3737336847793262
aed,0,177,1,puzzle,2,1.0,0.0,0.00014130152981892173,0.9160686260666907,1.374244240629855,0.706082658358924,3.5801467818994137,0.0,0.05,0.15405767236812593,2.3742442406298547
aed,0,178,1,puzzle,2,1.0,0.0,0.00013423645332797567,0.9164056692651423,1.3747427403510415,0.7096759587688847,3.5443453140804198,0.0,0.05,0.15405767236812593,2.3747427403510413
aed,0,179,1,puzzle,2,1.0,0.0,0.00012752463066157673,0.9167347636796614,1.3752296701501536,0.7132537273257911,3.5089018609396154,0.0,0.05,0.15405767236812593,2.3752296701501536
aed,0,180,1,puzzle,2,1.0,0.0,0.00012114839912849822,0.9170562268666403,1.3757054886990892,0.7168159861326576,3.473812842330219,0.0,0.05,0.15405767236812593,2.375705488699089
aed,0,181,2,mastered,1,0.0,0.0,0.00011509097917207327,0.9254775020332259,1.3883313440290108,0.7204235629221394,3.439074713906917,0.0,0.05,0.15405767236812593,1.3883313440290108
aed,0,182,2,mastered,2,0.0,0.0,0.00010933643021346926,0.8058079519486953,1.2088212643532563,0.7231155514292951,3.404683966767848,0.0,0.05,0.15405767236812593,1.2088212643532563
aed,0,183,2,mastered,2,0.0,0.0,0.00010386960870279599,0.8066411860997285,1.2100656487582955,0.72580030191594,3.3706371271001694,0.0,0.05,0.15405767236812593,1.2100656487582955
aed,0,184,2,mastered,2,0.0,0.0,9.867612826765628e-05,0.8074527271818696,1.2112777669010721,0.7284776892408656,3.336930755829168,0.0,0.05,0.15405767236812593,1.2112777669010721
aed,0,185,2,mastered,2,0.0,0.0,9.374232185427344e-05,0.8082435341775758,1.2124590435882179,0.7311475960126024,3.303561448270876,0.0,0.05,0.15405767236812593,1.2124590435882179
aed,0,186,2,mastered,2,0.0,0.0,8.90552057615597e-05,0.8090145071860975,1.2136108159849077,0.7338099121124638,3.2705258337881675,0.0,0.05,0.15405767236812593,1.2136108159849077
aed,0,187,2,mastered,2,0.0,0.0,8.46024454734817e-05,0.8097664920077424,1.2147343404570872,0.736464534254187,3.237820575450286,0.0,0.05,0.15405767236812593,1.2147343404570872
aed,0,188,2,mastered,2,0.0,0.0,8.037232319980762e-05,0.8105002842987659,1.2158307987713486,0.7391113655767728,3.205442369695783,0.0,0.05,0.15405767236812593,1.2158307987713486
aed,0,189,2,mastered,2,0.0,0.0,7.635370703981724e-05,0.8112166333436405,1.2169013037225005,0.7417503152675015,3.173387945998825,0.0,0.05,0.15405767236812593,1.2169013037225005
aed,0,190,2,mastered,2,0.0,0.0,7.253602168782645e-05,0.8119162454856805,1.2179469042502085,0.744381298212415,3.1416540665388366,0.0,0.05,0.15405767236812593,1.2179469042502085
aed,0,191,2,mastered,2,0.0,0.0,6.890922060343507e-05,0.8125997872520154,1.2189685900986267,0.7470042346718461,3.110237525873448,0.0,0.05,0.15405767236812593,1.2189685900986267
aed,0,192,2,mastered,2,0.0,0.0,6.546375957326321e-05,0.8132678882046128,1.2199672960664925,0.7496190499788193,3.0791351506147135,0.0,0.05,0.15405767236812593,1.2199672960664925
aed,0,193,2,mastered,2,0.0,0.0,6.219057159460016e-05,0.813921143545286,1.2209439058895235,0.7522256742583728,3.0483437991085665,0.0,0.05,0.15405767236812593,1.2209439058895235
aed,0,194,2,mastered,2,0.0,0.0,5.90810430148702e-05,0.8145601164994245,1.2218992557921515,0.7548240421660417,3.0178603611174806,0.0,0.05,0.15405767236812593,1.2218992557921515
aed,0,195,2,mastered,2,0.0,0.0,5.612699086412652e-05,0.8151853405003241,1.2228341377413503,0.7574140926439182,2.987681757506306,0.0,0.05,0.15405767236812593,1.2228341377413503
aed,0,196,2,mastered,2,0.0,0.0,5.3320641320920344e-05,0.8157973211935519,1.2237493024316488,0.7599957686928569,2.957804939931243,0.0,0.05,0.15405767236812593,1.2237493024316488
aed,0,197,2,mastered,2,0.0,0.0,5.065460925487422e-05,0.8163965382786305,1.2246454620272005,0.7625690171595286,2.9282268905319304,0.0,0.05,0.15405767236812593,1.2246454620272005
aed,0,198,2,mastered,2,0.0,0.0,4.812187879213057e-05,0.8169834472034188,1.2255232926839204,0.7651337885371506,2.8989446216266113,0.0,0.05,0.15405767236812593,1.2255232926839204
aed,0,199,2,mastered,2,0.0,0.0,4.5715784852524e-05,0.8175584807249375,1.2263834368722588,0.7676900367788262,2.869955175410345,0.0,0.05,0.15405767236812593,1.2263834368722588
aed,0,200,2,mastered,2,0.0,0.0,4.3429995609897795e-05,0.8181220503489094,1.227226505518974,0.770237719122527,2.8412556236562416,0.0,0.05,0.15405767236812593,1.227226505518974
aed,0,201,2,mastered,2,0.0,0.0,4.125849582940289e-05,0.8186745476590072,1.22805307998434,0.7727767959268361,2.812843067419679,0.0,0.05,0.15405767236812593,1.22805307998434
aed,0,202,2,mastered,2,0.0,0.0,3.9195571037932767e-05,0.8192163455456662,1.2288637138895373,0.7753072305166496,2.7847146367454823,0.0,0.05,0.15405767236812593,1.2288637138895373
aed,0,203,2,mastered,2,0.0,0.0,3.723579248603615e-05,0.8197477993433245,1.229658934807473,0.7778289890381037,2.7568674903780273,0.0,0.05,0.15405767236812593,1.229658934807473
aed,0,204,2,mastered,2,0.0,0.0,3.5374002861734304e-05,0.8202692478840501,1.230439245828937,0.7803420403220578,2.729298815474247,0.0,0.05,0.15405767236812593,1.230439245828937
aed,0,205,2,mastered,2,0.0,0.0,3.3605302718647595e-05,0.8207810144747226,1.2312051270148026,0.7828463557555215,2.7020058273195042,0.0,0.05,0.15405767236812593,1.2312051270148026
aed,0,206,2,mastered,2,0.0,0.0,3.192503758271518e-05,0.8212834078042743,1.2319570367439943,0.7853419091604639,2.6749857690463092,0.0,0.05,0.15405767236812593,1.2319570367439943
aed,0,207,2,mastered,2,0.0,0.0,3.0328785703579494e-05,0.8217767227867974,1.2326954129658996,0.7878286766794911,2.648235911355846,0.0,0.05,0.15405767236812593,1.2326954129658996
aed,0,208,2,mastered,2,0.0,0.0,2.8812346418400497e-05,0.8222612413458509,1.2334206743651948,0.7903066366679197,2.6217535522422875,0.0,0.05,0.15405767236812593,1.2334206743651948
aed,0,209,2,mastered,2,0.0,0.0,2.7371729097480407e-05,0.8227372331447329,1.2341332214461969,0.792775769591811,2.5955360167198647,0.0,0.05,0.15405767236812593,1.2341332214461969
aed,0,210,2,mastered,2,0.0,0.0,2.6003142642606414e-05,0.8232049562670781,1.23483343754326,0.7952360579315683,2.569580656552666,0.0,0.05,0.15405767236812593,1.23483343754326
aed,0,211,2,mastered,2,0.0,0.0,2.4702985510476104e-05,0.8236646578517346,1.2355216897631123,0.7976874860907259,2.5438848499871396,0.0,0.05,0.15405767236812593,1.2355216897631123
aed,0,212,2,mastered,2,0.0,0.0,2.346783623495232e-05,0.8241165746854948,1.2361983298644772,0.8001300403095947,2.518446001487268,0.0,0.05,0.15405767236812593,1.2361983298644772
aed,0,213,2,mastered,2,0.0,0.0,2.2294444423204686e-05,0.8245609337569768,1.2368636950798886,0.8025637085834462,2.4932615414723953,0.0,0.05,0.15405767236812593,1.2368636950798886
aed,0,214,2,mastered,2,0.0,0.0,2.1179722202044446e-05,0.8249979527746025,1.2375181088841058,0.8049884805849494,2.4683289260576715,0.0,0.05,0.15405767236812593,1.2375181088841058
aed,0,215,2,mastered,2,0.0,0.0,2.012073609194222e-05,0.8254278406514197,1.2381618817132214,0.8074043475905908,2.4436456367970947,0.0,0.05,0.15405767236812593,1.2381618817132214
aed,0,216,2,mastered,2,0.0,0.0,1.9114699287345132e-05,0.825850797959244,1.2387953116381534,0.8098113024108285,2.4192091804291236,0.0,0.05,0.15405767236812593,1.2387953116381534
aed,0,217,2,mastered,2,0.0,0.0,1.815896432297786e-05,0.8262670173543851,1.2394186849959006,0.8122093393237539,2.3950170886248325,0.0,0.05,0.15405767236812593,1.2394186849959006
aed,0,218,2,mastered,2,0.0,0.0,1.7251016106828952e-05,0.8266766839770421,1.2400322769816698,0.8145984540120434,2.371066917738584,0.0,0.05,0.15405767236812593,1.2400322769816698
aed,0,219,2,mastered,2,0.0,0.0,1.6388465301487545e-05,0.8270799758262802,1.240636352204722,0.8169786435030069,2.3473562485611983,0.0,0.05,0.15405767236812593,1.240636352204722
aed,0,220,2,mastered,2,0.0,0.0,1.556904203641314e-05,0.8274770641123245,1.2412311652105232,0.8193499061115445,2.3238826860755863,0.0,0.05,0.15405767236812593,1.2412311652105232
aed,0,221,2,mastered,2,0.0,0.0,1.4790589934592481e-05,0.827868113587785,1.241816960971612,0.8217122413858448,2.3006438592148304,0.0,0.05,0.15405767236812593,1.241816960971612
aed,0,222,2,mastered,2,0.0,0.0,1.4051060437862836e-05,0.8282532828592898,1.2423939753493725,0.8240656500556625,2.277637420622682,0.0,0.05,0.15405767236812593,1.2423939753493725
aed,0,223,2,mastered,2,0.0,0.0,1.3348507415969697e-05,0.8286327246808765,1.2429624355287308,0.8264101339830278,2.254861046416455,0.0,0.05,0.15405767236812593,1.2429624355287308
aed,0,224,2,mastered,2,0.0,0.0,1.268108204517123e-05,0.8290065862303935,1.2435225604276352,0.8287456961152508,2.2323124359522906,0.0,0.05,0.15405767236812593,1.2435225604276352
aed,0,225,2,mastered,2,0.0,0.0,1.2047027942912661e-05,0.8293750093700757,1.2440745610830566,0.8310723404400899,2.209989311592768,0.0,0.05,0.15405767236812593,1.2440745610830566
aed,0,226,2,mastered,2,0.0,0.0,1.1444676545767048e-05,0.829738130892332,1.2446186410150437,0.8333900719429647,2.18788941847684,0.0,0.05,0.15405767236812593,1.2446186410150437
aed,0,227,2,mastered,2,0.0,0.0,1.0872442718478699e-05,0.8300960827517568,1.245154996570354,0.8356988965661016,2.1660105242920715,0.0,0.05,0.15405767236812593,1.245154996570354
aed,0,228,2,mastered,2,0.0,0.0,1.0328820582554746e-05,0.8304489922842457,1.2456838172469513,0.8379988211695059,2.1443504190491507,0.0,0.05,0.15405767236812593,1.2456838172469513
aed,0,229,2,mastered,2,0.0,0.0,9.812379553427011e-06,0.8307969824140714,1.2462052860006605,0.8402898534936616,2.122906914858659,0.0,0.05,0.15405767236812593,1.2462052860006605
aed,0,230,2,mastered,2,0.0,0.0,9.321760575755657e-06,0.8311401718496859,1.2467195795351045,0.8425720021238688,2.101677845710072,0.0,0.05,0.15405767236812593,1.2467195795351045
aed,0,231,2,mastered,2,0.0,0.0,8.855672546967874e-06,0.8314786752689738,1.2472268685760077,0.8448452764561296,2.0806610672529713,0.0,0.05,0.15405767236812593,1.2472268685760077
aed,0,232,2,mastered,2,0.0,0.0,8.412888919619486e-06,0.8318126034946192,1.2477273181308486,0.8471096866645033,2.0598544565804415,0.0,0.05,0.15405767236812593,1.2477273181308486
aed,0,233,2,mastered,2,0.0,0.0,7.992244473638505e-06,0.8321420636602115,1.2482210877347908,0.8493652436698547,2.039255912014637,0.0,0.05,0.15405767236812593,1.2482210877347908
aed,0,234,2,mastered,2,0.0,0.0,7.592632249956577e-06,0.8324671593676488,1.2487083316837233,0.851611959109924,2.0188633528944906,0.0,0.05,0.15405767236812593,1.2487083316837233
aed,0,235,2,mastered,2,0.0,0.0,7.213000637458755e-06,0.8327879908363999,1.2491891992552373,0.8538498453106506,1.9986747193655456,0.0,0.05,0.15405767236812593,1.2491891992552373
aed,0,236,2,mastered,2,0.0,0.0,6.852350605585805e-06,0.8331046550450819,1.2496638349182285,0.8560789152586884,1.9786879721718902,0.0,0.05,0.15405767236812593,1.2496638349182285
aed,0,237,2,mastered,2,0.0,0.0,6.5097330753065145e-06,0.8334172458658556,1.2501323785318588,0.8582991825750543,1.9589010924501713,0.0,0.05,0.15405767236812593,1.2501323785318588
aed,0,238,2,mastered,2,0.0,0.0,6.184246421541206e-06,0.8337258541920414,1.2505949655344837,0.8605106614898514,1.9393120815256695,0.0,0.05,0.15405767236812593,1.2505949655344837
aed,0,239,2,mastered,2,0.0,0.0,5.875034100464145e-06,0.8340305680593633,1.2510517271231454,0.8627133668180179,1.9199189607104128,0.0,0.05,0.15405767236812593,1.2510517271231454
aed,0,240,2,mastered,2,0.0,0.0,5.581282395440934e-06,0.834331472761196,1.2515027904241893,0.8649073139360488,1.9007197711033086,0.0,0.05,0.15405767236812593,1.2515027904241893
aed,0,241,2,mastered,2,0.0,0.0,5.302218275668886e-06,0.8346286509581642,1.251948278655522,0.8670925187596461,1.8817125733922755,0.0,0.05,0.15405767236812593,1.251948278655522
aed,0,242,2,mastered,2,0.0,0.0,5.03710736188544e-06,0.8349221827824173,1.2523883112809877,0.8692689977222527,1.8628954476583528,0.0,0.05,0.15405767236812593,1.2523883112809877
aed,0,243,2,mastered,2,0.0,0.0,4.785251993791166e-06,0.8352121459368761,1.2528230041573079,0.871436767754428,1.8442664931817692,0.0,0.05,0.15405767236812593,1.2528230041573079
aed,0,244,2,mastered,2,0.0,0.0,4.545989394101605e-06,0.8354986157897534,1.2532524696740241,0.873595846264026,1.8258238282499515,0.0,0.05,0.15405767236812593,1.2532524696740241
aed,0,245,2,mastered,2,0.0,0.0,4.318689924396525e-06,0.8357816654645958,1.253676816886818,0.8757462511171399,1.8075655899674519,0.0,0.05,0.15405767236812593,1.253676816886818
aed,0,246,2,mastered,2,0.0,0.0,4.102755428176701e-06,0.8360613659261008,1.2540961516445794,0.8778880006197771,1.7894899340677772,0.0,0.05,0.15405767236812593,1.2540961516445794
aed,0,247,2,mastered,2,0.0,0.0,3.897617656767861e-06,0.8363377860619516,1.2545105767105842,0.8800211135002312,1.7715950347270994,0.0,0.05,0.15405767236812593,1.2545105767105842
aed,0,248,2,mastered,2,0.0,0.0,3.702736773929477e-06,0.8366109927608665,1.2549201918780735,0.8821456088921203,1.7538790843798284,0.0,0.05,0.15405767236812593,1.2549201918780735
aed,0,249,2,mastered,2,0.0,0.0,3.517599935233003e-06,0.836881050987091,1.2553250940805718,0.8842615063180626,1.7363402935360301,0.0,0.05,0.15405767236812593,1.2553250940805718
aed,0,250,2,mastered,2,0.0,0.0,3.341719938471354e-06,0.8371480238515077,1.2557253774972001,0.8863688256739582,1.71897689060067,0.0,0.05,0.15405767236812593,1.2557253774972001
aed,0,251,2,mastered,2,0.0,0.0,3.1746339415477824e-06,0.8374119726795471,1.2561211336532623,0.8884675872138548,1.7017871216946632,0.0,0.05,0.15405767236812593,1.2561211336532623
aed,0,252,2,mastered,2,0.0,0.0,3.01590224447039e-06,0.8376729570760798,1.2565124515163641,0.8905578115353673,1.6847692504777165,0.0,0.05,0.15405767236812593,1.2565124515163641
aed,0,253,2,mastered,2,0.0,0.0,2.8651071322468745e-06,0.8379310349874225,1.256899417588266,0.8926395195656318,1.6679215579729394,0.0,0.05,0.15405767236812593,1.256899417588266
aed,0,254,2,mastered,2,0.0,0.0,2.721851775634532e-06,0.8381862627606441,1.2572821159927419,0.8947127325477674,1.6512423423932099,0.0,0.05,0.15405767236812593,1.2572821159927419
aed,0,255,2,mastered,2,0.0,0.0,2.5857591868528045e-06,0.8384386952002723,1.257660628559595,0.8967774720278265,1.6347299189692777,0.0,0.05,0.15405767236812593,1.257660628559595
aed,0,256,2,mastered,2,0.0,0.0,2.456471227510163e-06,0.8386883856225591,1.2580350349050662,0.8988337598422127,1.618382619779585,0.0,0.05,0.15405767236812593,1.2580350349050662
aed,0,257,2,mastered,2,0.0,0.0,2.333647666134651e-06,0.8389353859074358,1.2584054125088198,0.9008816181055457,1.6021987935817892,0.0,0.05,0.15405767236812593,1.2584054125088198
aed,0,258,2,mastered,2,0.0,0.0,2.21696528282792e-06,0.8391797465482309,1.2587718367876293,0.9029210691989561,1.5861768056459713,0.0,0.05,0.15405767236812593,1.2587718367876293
aed,0,259,2,mastered,2,0.0,0.0,2.106117018686526e-06,0.8394215166993206,1.2591343811659998,0.9049521357587913,1.5703150375895116,0.0,0.05,0.15405767236812593,1.2591343811659998
aed,0,260,2,mastered,2,0.0,0.0,2.0008111677521982e-06,0.8396607442217723,1.2594931171438262,0.9069748406657164,1.5546118872136165,0.0,0.05,0.15405767236812593,1.2594931171438262
aed,0,261,2,mastered,2,0.0,0.0,1.9007706093645876e-06,0.8398974757270897,1.2598481143612439,0.9089892070341941,1.5390657683414803,0.0,0.05,0.15405767236812593,1.2598481143612439
aed,0,262,2,mastered,2,0.0,0.0,1.8057320788963582e-06,0.8401317566191668,1.2601994406608292,0.9109952582023272,1.5236751106580655,0.0,0.05,0.15405767236812593,1.2601994406608292
aed,0,263,2,mastered,2,0.0,0.0,1.7154454749515434e-06,0.840363631134517,1.2605471621472504,0.9129930177220518,1.5084383595514848,0.0,0.05,0.15405767236812593,1.2605471621472504
aed,0,264,2,mastered,2,0.0,0.0,1.6296732012039642e-06,0.8405931423808731,1.260891343244511,0.9149825093496641,1.49335397595597,0.0,0.05,0.15405767236812593,1.260891343244511
aed,0,265,2,mastered,2,0.0,0.0,1.548189541143766e-06,0.8408203323742353,1.2612320467508942,0.9169637570366703,1.4784204361964102,0.0,0.05,0.15405767236812593,1.2612320467508942
aed,0,266,2,mastered,2,0.0,0.0,1.4707800640865787e-06,0.8410452420744361,1.2615693338917182,0.9189367849209455,1.463636231834446,0.0,0.05,0.15405767236812593,1.2615693338917182
aed,0,267,2,mastered,2,0.0,0.0,1.3972410608822477e-06,0.841267911419281,1.2619032643699823,0.9209016173181908,1.4489998695161015,0.0,0.05,0.15405767236812593,1.2619032643699823
aed,0,268,2,mastered,2,0.0,0.0,1.3273790078381374e-06,0.8414883793573754,1.262233896415071,0.9228582787136751,1.4345098708209405,0.0,0.05,0.15405767236812593,1.262233896415071
aed,0,269,2,mastered,2,0.0,0.0,1.2610100574462295e-06,0.8417066838796311,1.2625612868295042,0.9248067937542542,1.420164772112731,0.0,0.05,0.15405767236812593,1.2625612868295042
aed,0,270,2,mastered,2,0.0,0.0,1.1979595545739163e-06,0.8419228620495718,1.2628854910339125,0.9267471872406525,1.4059631243916038,0.0,0.05,0.15405767236812593,1.2628854910339125
aed,0,271,2,mastered,2,0.0,0.0,1.1380615768452208e-06,0.8421369500324676,1.263206563110278,0.9286794841200007,1.3919034931476877,0.0,0.05,0.15405767236812593,1.263206563110278
aed,0,272,2,mastered,2,0.0,0.0,1.0811584980029595e-06,0.8423489831233456,1.2635245558435164,0.9306037094786183,1.3779844582162109,0.0,0.05,0.15405767236812593,1.2635245558435164
aed,0,273,2,mastered,2,0.0,0.0,1.027100573102813e-06,0.8425589957739438,1.2638395207614888,0.9325198885350326,1.3642046136340487,0.0,0.05,0.15405767236812593,1.2638395207614888
aed,0,274,2,mastered,2,0.0,0.0,9.757455444476703e-07,0.8427670216186427,1.2641515081735084,0.9344280466332251,1.3505625674977082,0.0,0.05,0.15405767236812593,1.2641515081735084
aed,0,275,2,mastered,2,0.0,0.0,9.269582672252897e-07,0.8429730934994242,1.2644605672074036,0.936328209236096,1.3370569418227312,0.0,0.05,0.15405767236812593,1.2644605672074036
aed,0,276,2,mastered,2,0.0,0.0,8.80610353864023e-07,0.8431772434899126,1.264766745845223,0.9382204019191417,1.3236863724045038,0.0,0.05,0.15405767236812593,1.264766745845223
aed,0,277,2,mastered,2,0.0,0.0,8.36579836170821e-07,0.8433795029185059,1.265070090957595,0.940104650364334,1.3104495086804588,0.0,0.05,0.15405767236812593,1.265070090957595
aed,0,278,2,mastered,2,0.0,0.0,7.947508443622806e-07,0.8435799023906766,1.2653706483368594,0.9419809803541965,1.2973450135936542,0.0,0.05,0.15405767236812593,1.2653706483368594
aed,0,279,2,mastered,2,0.0,0.0,7.550133021441664e-07,0.8437784718104501,1.2656684627289772,0.9438494177660705,1.2843715634577175,0.0,0.05,0.15405767236812593,1.2656684627289772
aed,0,280,2,mastered,2,0.0,0.0,7.172626370369592e-07,0.8439752404011049,1.2659635778642946,0.9457099885665616,1.2715278478231404,0.0,0.05,0.15405767236812593,1.2659635778642946
aed,0,281,2,mastered,2,0.0,0.0,6.813995051851107e-07,0.8441702367251315,1.2662560364872024,0.9475627188061648,1.258812569344909,0.0,0.05,0.15405767236812593,1.2662560364872024
aed,0,282,2,mastered,2,0.0,0.0,6.473295299258557e-07,0.8443634887034707,1.266545880384736,0.9494076346140576,1.24622444365146,0.0,0.05,0.15405767236812593,1.266545880384736
aed,0,283,2,mastered,2,0.0,0.0,6.149630534295632e-07,0.8445550236340832,1.266833150414178,0.9512447621930582,1.2337621992149455,0.0,0.05,0.15405767236812593,1.266833150414178
aed,0,284,2,mastered,2,0.0,0.0,5.84214900758084e-07,0.8447448682098426,1.2671178865296646,0.9530741278147412,1.221424577222796,0.0,0.05,0.15405767236812593,1.2671178865296646
aed,0,285,2,mastered,2,0.0,0.0,5.550041557201801e-07,0.8449330485358183,1.2674001278078832,0.9548957578147069,1.209210331450568,0.0,0.05,0.15405767236812593,1.2674001278078832
aed,0,286,1,puzzle,0,0.0,0.0,5.272539479341705e-07,0.8297986275125447,1.244698468522765,0.9565947713682472,1.1971182281360624,0.0,0.05,0.15405767236812593,1.244698468522765
aed,0,287,1,puzzle,2,1.0,0.0,5.008912505374627e-07,0.9257711319517905,1.3886571988189362,0.9590050835055006,1.1851470458547018,0.0,0.05,0.15405767236812593,2.3886571988189362
aed,0,288,1,puzzle,2,1.0,0.0,4.758466880105893e-07,0.9260581176119397,1.3890876522645976,0.9614054963492961,1.1732955753961547,0.0,0.05,0.15405767236812593,2.389087652264598
aed,0,289,1,puzzle,2,1.0,0.0,4.520543536100596e-07,0.9263387131447268,1.3895085217714438,0.9637960114764068,1.161562619642193,0.0,0.05,0.15405767236812593,2.389508521771444
aed,0,290,1,puzzle,2,1.0,0.0,4.2945163592955754e-07,0.926613159189597,1.3899201682360314,0.9661766322602049,1.1499469934457711,0.0,0.05,0.15405767236812593,2.3899201682360314
aed,0,291,1,puzzle,2,1.0,0.0,4.079790541330788e-07,0.9268816838031143,1.3903229336837255,0.9685473637673225,1.1384475235113134,0.0,0.05,0.15405767236812593,2.3903229336837253
aed,0,292,1,puzzle,2,1.0,0.0,3.875801014264252e-07,0.9271445032939585,1.390717142521039,0.9709082126610911,1.1270630482762003,0.0,0.05,0.15405767236812593,2.390717142521039
aed,0,293,1,puzzle,2,1.0,0.0,3.6820109635510404e-07,0.9274018229911696,1.3911031026878506,0.9732591871112249,1.1157924177934382,0.0,0.05,0.15405767236812593,2.3911031026878504
aed,0,294,1,puzzle,2,1.0,0.0,3.4979104153734884e-07,0.9276538379518416,1.391481106718804,0.9756002967092628,1.1046344936155037,0.0,0.05,0.15405767236812593,2.391481106718804
aed,0,295,1,puzzle,2,1.0,0.0,3.3230148946048097e-07,0.9279007336138383,1.3918514327222469,0.9779315523893277,1.0935881486793486,0.0,0.05,0.15405767236812593,2.391851432722247
aed,0,296,1,puzzle,2,1.0,0.0,3.156864149874569e-07,0.9281426863984933,1.3922143452841549,0.9802529663538019,1.0826522671925551,0.0,0.05,0.15405767236812593,2.392214345284155
aed,0,297,1,puzzle,2,1.0,0.0,2.999020942380845e-07,0.9283798642677717,1.392570096303752,0.9825645520035516,1.0718257445206296,0.0,0.05,0.15405767236812593,2.3925700963037517
aed,0,298,1,puzzle,2,1.0,0.0,2.849069895261797e-07,0.928612427239903,1.392918925766844,0.9848663238723682,1.0611074870754234,0.0,0.05,0.15405767236812593,2.392918925766844
aed,0,299,1,puzzle,2,1.0,0.0,2.7066164004987117e-07,0.9288405278670824,1.3932610624622634,0.9871582975653177,1.0504964122046692,0.0,0.05,0.15405767236812593,2.3932610624622637
aed,0,300,1,puzzle,2,1.0,0.0,2.571285580473772e-07,0.9290643116785158,1.3935967246463317,0.9894404897007228,1.0399914480826224,0.0,0.05,0.15405767236812593,2.393596724646332
aed,0,301,1,puzzle,2,1.0,0.0,2.442721301450085e-07,0.9292839175917179,1.393926120659707,0.9917129178555179,1.0295915336017962,0.0,0.05,0.15405767236812593,2.3939261206597067
aed,0,302,1,puzzle,2,1.0,0.0,2.3205852363775765e-07,0.9294994782947358,1.3942494495006275,0.9939756005137435,1.0192956182657782,0.0,0.05,0.15405767236812593,2.3942494495006272
aed,0,303,1,puzzle,2,1.0,0.0,2.204555974558702e-07,0.9297111206016853,1.3945669013581254,0.9962285570179654,1.0091026620831205,0.0,0.05,0.15405767236812593,2.394566901358125
aed,0,304,1,puzzle,2,1.0,0.0,2.094328175830763e-07,0.929918965783777,1.3948786581084829,0.998471807523418,0.9990116354622893,0.0,0.05,0.15405767236812593,2.3948786581084827
aed,0,305,1,puzzle,2,1.0,0.0,1.9896117670392282e-07,0.9301231298778098,1.3951848937778912,1.0007053729546904,0.9890215191076664,0.0,0.05,0.15405767236812593,2.3951848937778912
aed,0,306,1,puzzle,2,1.0,0.0,1.8901311786872657e-07,0.930323723973912,1.395485774973986,1.002929274964787,0.9791313039165898,0.0,0.05,0.15405767236812593,2.395485774973986
aed,0,307,1,puzzle,2,1.0,0.0,1.795624619752903e-07,0.9305208544841737,1.3957814612887225,1.0051435358964065,0.9693399908774238,0.0,0.05,0.15405767236812593,2.3957814612887223
aed,0,308,1,puzzle,2,1.0,0.0,1.7058433887652562e-07,0.9307146233936362,1.3960721056747931,1.0073481787452983,0.9596465909686496,0.0,0.05,0.15405767236812593,2.396072105674793
aed,0,309,1,puzzle,2,1.0,0.0,1.6205512193269958e-07,0.9309051284950103,1.3963578547976374,1.00954322712556,0.950050125058963,0.0,0.05,0.15405767236812593,2.396357854797637
aed,0,310,1,puzzle,2,1.0,0.0,1.5395236583606475e-07,0.93109246360834,1.3966388493648758,1.0117287052367565,0.9405496238083734,0.0,0.05,0.15405767236812593,2.3966388493648756
aed,0,311,1,puzzle,2,1.0,0.0,1.462547475442615e-07,0.9312767187867456,1.396915224434866,1.013904637832747,0.9311441275702896,0.0,0.05,0.15405767236812593,2.396915224434866
aed,0,312,1,puzzle,2,1.0,0.0,1.3894201016704822e-07,0.9314579805092851,1.3971871097059376,1.0160710501921129,0.9218326862945867,0.0,0.05,0.15405767236812593,2.3971871097059374
aed,0,313,1,puzzle,2,1.0,0.0,1.3199490965869583e-07,0.9316363318618599,1.3974546297876995,1.0182279680900908,0.9126143594316408,0.0,0.05,0.15405767236812593,2.3974546297876995
aed,0,314,1,puzzle,2,1.0,0.0,1.2539516417576096e-07,0.9318118527070478,1.397717904455736,1.020375417771919,0.9034882158373244,0.0,0.05,0.15405767236812593,2.397717904455736
aed,0,315,1,puzzle,2,1.0,0.0,1.191254059669728e-07,0.9319846198436447,1.397977048890873,1.0225134259275137,0.8944533336789512,0.0,0.05,0.15405767236812593,2.3979770488908727
aed,0,316,1,puzzle,2,1.0,0.0,1.131691356686245e-07,0.9321547071566495,1.39823217390411,1.0246420196673967,0.8855088003421616,0.0,0.05,0.15405767236812593,2.39823217390411
aed,0,317,1,puzzle,2,1.0,0.0,1.0751067888519328e-07,0.9323221857583602,1.398483386148219,1.026761226499801,0.87665371233874,0.0,0.05,0.15405767236812593,2.398483386148219
aed,0,318,1,puzzle,2,1.0,0.0,1.0213514494093359e-07,0.9324871241211968,1.3987307883169402,1.0288710743088865,0.8678871752153526,0.0,0.05,0.15405767236812593,2.39873078831694
aed,0,319,1,puzzle,2,1.0,0.0,9.702838769388668e-08,0.9326495882028184,1.3989744793326153,1.0309715913340052,0.8592083034631991,0.0,0.05,0.15405767236812593,2.3989744793326153
aed,0,320,1,puzzle,2,1.0,0.0,9.217696830919247e-08,0.9328096415640632,1.3992145545230632,1.0330628061499503,0.8506162204285671,0.0,0.05,0.15405767236812593,2.399214554523063
aed,0,321,1,puzzle,2,1.0,0.0,8.756811989373272e-08,0.9329673454801793,1.399451105788389,1.0351447476481426,0.8421100582242814,0.0,0.05,0.15405767236812593,2.3994511057883887
aed,0,322,1,puzzle,2,1.0,0.0,8.318971389904602e-08,0.9331227590458124,1.3996842217584327,1.037217445018694,0.8336889576420387,0.0,0.05,0.15405767236812593,2.3996842217584327
aed,0,323,1,puzzle,0,1.0,0.0,7.903022820409383e-08,0.9405729445106323,1.4108594957961766,1.0393356552725814,0.8253520680656182,0.0,0.05,0.15405767236812593,2.410859495796177
aed,0,324,1,puzzle,2,1.0,0.0,7.507871679388905e-08,0.9407105139874136,1.411065846059837,1.0414443062265177,0.817098547384962,0.0,0.05,0.15405767236812593,2.411065846059837
aed,0,325,1,puzzle,2,1.0,0.0,7.132478095419464e-08,0.9408461266566901,1.4112692613098161,1.0435434310019343,0.8089275619111124,0.0,0.05,0.15405767236812593,2.4112692613098163
aed,0,326,1,puzzle,2,1.0,0.0,6.775854190648499e-08,0.9409798301962249,1.411469813052879,1.045633062912189,0.8008382862920013,0.0,0.05,0.15405767236812593,2.411469813052879
aed,0,327,1,puzzle,2,1.0,0.0,6.437061481116077e-08,0.941111670656951,1.4116675703560413,1.0477132354494083,0.7928299034290812,0.0,0.05,0.15405767236812593,2.411667570356041
aed,0,328,1,puzzle,2,1.0,0.0,6.115208407060271e-08,0.9412416925339138,1.4118625999529548,1.049783982271926,0.7849016043947904,0.0,0.05,0.15405767236812593,2.411862599952955
aed,0,329,1,puzzle,2,1.0,0.0,5.809447986707259e-08,0.9413699388334594,1.412054966344669,1.0518453371922898,0.7770525883508425,0.0,0.05,0.15405767236812593,2.412054966344669
aed,0,330,1,puzzle,2,1.0,0.0,5.5189755873718844e-08,0.9414964511369064,1.4122447318951155,1.0538973341658038,0.769282062467334,0.0,0.05,0.15405767236812593,2.4122447318951155
aed,0,331,1,puzzle,2,1.0,0.0,5.2430268080032986e-08,0.9416212696609141,1.4124319569216393,1.0559400072795828,0.7615892418426606,0.0,0.05,0.15405767236812593,2.4124319569216395
aed,0,332,1,puzzle,2,1.0,0.0,4.9808754676031316e-08,0.9417444333147491,1.4126166997808782,1.0579733907420894,0.753973349424234,0.0,0.05,0.15405767236812593,2.4126166997808784
aed,0,333,1,puzzle,2,1.0,0.0,4.731831694222972e-08,0.9418659797546416,1.4127990169502793,1.0599975188731303,0.7464336159299917,0.0,0.05,0.15405767236812593,2.412799016950279
aed,0,334,1,puzzle,2,1.0,0.0,4.4952401095118217e-08,0.9419859454353947,1.4129789631054932,1.062012426094292,0.7389692797706917,0.0,0.05,0.15405767236812593,2.412978963105493
aed,0,335,1,puzzle,2,1.0,0.0,4.2704781040362295e-08,0.9421043656594186,1.4131565911939088,1.06401814691979,0.7315795869729848,0.0,0.05,0.15405767236812593,2.413156591193909
aed,0,336,1,puzzle,2,1.0,0.0,4.056954198834422e-08,0.9422212746233363,1.4133319525045462,1.0660147159477138,0.7242637911032549,0.0,0.05,0.15405767236812593,2.4133319525045462
aed,0,337,1,puzzle,2,1.0,0.0,3.8541064888927006e-08,0.9423367054623011,1.4135050967345164,1.0680021678516478,0.7170211531922224,0.0,0.05,0.15405767236812593,2.413505096734516
aed,0,338,1,puzzle,2,1.0,0.0,3.661401164448058e-08,0.9424506902921596,1.413676072052251,1.069980537372651,0.7098509416603002,0.0,0.05,0.15405767236812593,2.413676072052251
aed,0,339,1,puzzle,2,1.0,0.0,3.4783311062256595e-08,0.9425632602495826,1.413844925157685,1.0719498593115762,0.7027524322436971,0.0,0.05,0.15405767236812593,2.413844925157685
aed,0,340,1,puzzle,2,1.0,0.0,3.304414550914376e-08,0.9426744455302755,1.4140117013395586,1.073910168521716,0.6957249079212601,0.0,0.05,0.15405767236812593,2.4140117013395583
aed,0,341,1,puzzle,2,1.0,0.0,3.139193823368655e-08,0.9427842754253836,1.4141764445300136,1.0758614999017577,0.6887676588420475,0.0,0.05,0.15405767236812593,2.4141764445300136
aed,0,342,1,puzzle,2,1.0,0.0,2.982234132200228e-08,0.9428927783561812,1.414339197356613,1.0778038883890322,0.681879982253627,0.0,0.05,0.15405767236812593,2.414339197356613
aed,0,343,1,puzzle,2,1.0,0.0,2.8331224255902083e-08,0.9429999819071538,1.414500001191955,1.0797373689530467,0.6750611824310907,0.0,0.05,0.15405767236812593,2.4145000011919553
aed,0,344,1,puzzle,2,1.0,0.0,2.6914663043107037e-08,0.9431059128575418,1.4146588962009756,1.0816619765892863,0.6683105706067798,0.0,0.05,0.15405767236812593,2.414658896200976
aed,0,345,1,puzzle,2,1.0,0.0,2.5568929890951674e-08,0.9432105972114501,1.414815921386105,1.0835777463132705,0.661627464900712,0.0,0.05,0.15405767236812593,2.414815921386105
aed,0,346,1,puzzle,2,1.0,0.0,2.429048339640408e-08,0.9433140602265851,1.4149711146303612,1.0854847131548562,0.6550111902517048,0.0,0.05,0.15405767236812593,2.414971114630361
aed,0,347,1,puzzle,2,1.0,0.0,2.307595922658388e-08,0.9434163264416987,1.4151245127385073,1.0873829121527745,0.6484610783491878,0.0,0.05,0.15405767236812593,2.4151245127385073
aed,0,348,1,puzzle,2,1.0,0.0,2.1922161265254698e-08,0.9435174197028053,1.4152761514763692,1.0892723783493925,0.6419764675656959,0.0,0.05,0.15405767236812593,2.415276151476369
aed,0,349,1,puzzle,2,1.0,0.0,2.082605320199193e-08,0.9436173631882436,1.4154260656084185,1.0911531467856876,0.635556702890039,0.0,0.05,0.15405767236812593,2.4154260656084183
aed,0,350,1,puzzle,2,1.0,0.0,1.9784750541892353e-08,0.9437161794326255,1.4155742889336889,1.0930252524964277,0.6292011358611386,0.0,0.05,0.15405767236812593,2.415574288933689
aed,0,351,1,puzzle,2,1.0,0.0,1.879551301479773e-08,0.943813890349752,1.415720854320141,1.0948887305055461,0.6229091245025272,0.0,0.05,0.15405767236812593,2.415720854320141
aed,0,352,1,puzzle,2,1.0,0.0,1.7855737364057854e-08,0.9439105172545316,1.4158657937375347,1.096743615821706,0.616680033257502,0.0,0.05,0.15405767236812593,2.4158657937375345
aed,0,353,1,puzzle,2,1.0,0.0,1.6962950495854962e-08,0.9440060808839624,1.4160091382888942,1.098589943434042,0.610513232924927,0.0,0.05,0.15405767236812593,2.416009138288894
aed,0,354,1,puzzle,2,1.0,0.0,1.6114802971062187e-08,0.9441006014172161,1.416150918240627,1.1004277483080749,0.6044081005956777,0.0,0.05,0.15405767236812593,2.416150918240627
aed,0,355,1,puzzle,2,1.0,0.0,1.53090628225091e-08,0.9441940984948762,1.4162911630513773,1.1022570653817916,0.598364019589721,0.0,0.05,0.15405767236812593,2.416291163051377
aed,0,356,1,puzzle,2,1.0,0.0,1.4543609681383623e-08,0.9442865912373716,1.416429901399667,1.104077929561881,0.5923803793938237,0.0,0.05,0.15405767236812593,2.416429901399667
aed,0,357,1,puzzle,2,1.0,0.0,1.3816429197314436e-08,0.9443780982626367,1.4165671612103843,1.1058903757201235,0.5864565755998855,0.0,0.05,0.15405767236812593,2.4165671612103843
aed,0,358,1,puzzle,2,1.0,0.0,1.3125607737448707e-08,0.9444686377030549,1.41670296968019,1.107694438689924,0.5805920098438867,0.0,0.05,0.15405767236812593,2.4167029696801903
aed,0,359,1,puzzle,2,1.0,0.0,1.2469327350576295e-08,0.9445582272216898,1.4168373533018621,1.1094901532629835,0.5747860897454479,0.0,0.05,0.15405767236812593,2.416837353301862
aed,0,360,1,puzzle,2,1.0,0.0,1.1845860983047467e-08,0.9446468840278738,1.4169703378876717,1.111277554186107,0.5690382288479934,0.0,0.05,0.15405767236812593,2.4169703378876717
aed,0,361,1,puzzle,2,1.0,0.0,1.1253567933895111e-08,0.944734624892154,1.4171019485917988,1.1130566761581355,0.5633478465595134,0.0,0.05,0.15405767236812593,2.4171019485917986
aed,0,362,1,puzzle,0,1.0,0.0,1.0690889537200333e-08,0.949890964221662,1.4248364570233825,1.1148655750624616,0.5577143680939183,0.0,0.05,0.15405767236812593,2.4248364570233827
aed,0,363,1,puzzle,2,1.0,0.0,1.0156345060340333e-08,0.9499709993443826,1.4249565091729188,1.116666029733014,0.5521372244129791,0.0,0.05,0.15405767236812593,2.424956509172919
aed,0,364,1,puzzle,2,1.0,0.0,9.648527807323315e-09,0.9500502178852348,1.42507533647638,1.1184580762667309,0.5466158521688493,0.0,0.05,0.15405767236812593,2.4250753364763797
aed,0,365,1,puzzle,2,1.0,0.0,9.166101416957143e-09,0.9501286342177634,1.4251929604927465,1.120241750687861,0.5411496936471608,0.0,0.05,0.15405767236812593,2.4251929604927467
aed,0,366,1,puzzle,2,1.0,0.0,8.707796346109285e-09,0.950206262359538,1.4253094022471031,1.1220170889456573,0.5357381967106892,0.0,0.05,0.15405767236812593,2.425309402247103
aed,0,367,1,puzzle,2,1.0,0.0,8.272406528803807e-09,0.950283115983464,1.4254246822476027,1.1237841269121671,0.5303808147435823,0.0,0.05,0.15405767236812593,2.425424682247603
aed,0,368,1,puzzle,2,1.0,0.0,7.858786202363618e-09,0.9503592084286555,1.4255388205017696,1.1255429003801152,0.5250770065961465,0.0,0.05,0.15405767236812593,2.4255388205017696
aed,0,369,1,puzzle,2,1.0,0.0,7.465846892245441e-09,0.9504345527108886,1.4256518365321798,1.1272934450608756,0.5198262365301851,0.0,0.05,0.15405767236812593,2.4256518365321798
aed,0,370,1,puzzle,2,1.0,0.0,7.092554547633184e-09,0.9505091615326587,1.4257637493915427,1.129035796582529,0.5146279741648833,0.0,0.05,0.15405767236812593,2.4257637493915425
aed,0,371,1,puzzle,2,1.0,0.0,6.737926820251526e-09,0.950583047292858,1.425874577677214,1.1307699904880024,0.5094816944232344,0.0,0.05,0.15405767236812593,2.425874577677214
aed,0,372,1,puzzle,2,1.0,0.0,6.4010304792389416e-09,0.9506562220960866,1.4259843395451601,1.1324960622332882,0.5043868774790021,0.0,0.05,0.15405767236812593,2.42598433954516
aed,0,373,1,puzzle,2,1.0,0.0,6.0809789552769945e-09,0.9507286977616174,1.4260930527234053,1.134214047185739,0.4993430087042121,0.0,0.05,0.15405767236812593,2.426093052723405
aed,0,374,1,puzzle,2,1.0,0.0,5.7769300075131395e-09,0.950800485832029,1.4262007345249736,1.135923980622435,0.49434957861717,0.0,0.05,0.15405767236812593,2.426200734524974
aed,0,375,1,puzzle,2,1.0,0.0,5.4880835071374845e-09,0.9508715975815236,1.426307401860369,1.1376258977286249,0.4894060828309983,0.0,0.05,0.15405767236812593,2.426307401860369
aed,0,376,1,puzzle,2,1.0,0.0,5.213679331780605e-09,0.9509420440239313,1.4264130712495762,1.1393198335962296,0.4845120220026883,0.0,0.05,0.15405767236812593,2.426413071249576
aed,0,377,1,puzzle,2,1.0,0.0,4.952995365191585e-09,0.9510118359204363,1.4265177588336497,1.1410058232224167,0.4796669017826614,0.0,0.05,0.15405767236812593,2.4265177588336497
aed,0,378,1,puzzle,2,1.0,0.0,4.7053455969319994e-09,0.9510809837870132,1.4266214803858654,1.142683901508234,0.4748702327648348,0.0,0.05,0.15405767236812593,2.4266214803858652
aed,0,379,1,puzzle,2,1.0,0.0,4.470078317085399e-09,0.951149497901607,1.4267242513224887,1.1443541032573052,0.47012153043718646,0.0,0.05,0.15405767236812593,2.4267242513224887
aed,0,380,1,puzzle,2,1.0,0.0,4.246574401231131e-09,0.951217388311044,1.4268260867131404,1.1460164631745844,0.4654203151328146,0.0,0.05,0.15405767236812593,2.4268260867131404
aed,0,381,1,puzzle,2,1.0,0.0,4.034245681169573e-09,0.951284664837715,1.4269270012908182,1.1476710158651655,0.4607661119814865,0.0,0.05,0.15405767236812593,2.426927001290818
aed,0,382,1,puzzle,2,1.0,0.0,3.8325333971111e-09,0.9513513370860068,1.4270270094615436,1.1493177958331473,0.4561584508616716,0.0,0.05,0.15405767236812593,2.4270270094615434
aed,0,383,1,puzzle,2,1.0,0.0,3.6409067272555426e-09,0.9514174144485209,1.427126125313688,1.1509568374805499,0.4515968663530549,0.0,0.05,0.15405767236812593,2.4271261253136878
aed,0,384,1,puzzle,0,1.0,0.0,3.458861390892765e-09,0.955337200228732,1.4330058038019595,1.1526170823121569,0.44708089768952436,0.0,0.05,0.15405767236812593,2.4330058038019597
aed,0,385,1,puzzle,2,1.0,0.0,3.285918321348128e-09,0.9553985129238164,1.433097772671643,1.1542694857639544,0.44261008871262913,0.0,0.05,0.15405767236812593,2.433097772671643
aed,0,386,1,puzzle,2,1.0,0.0,3.1216224052807195e-09,0.9554592838110803,1.433188928838243,1.1559140829793257,0.43818398782550283,0.0,0.05,0.15405767236812593,2.433188928838243
aed,0,387,1,puzzle,2,1.0,0.0,2.965541285016678e-09,0.9555195211652538,1.4332792847134221,1.1575509089879963,0.4338021479472478,0.0,0.05,0.15405767236812593,2.4332792847134224
aed,0,388,1,puzzle,2,1.0,0.0,2.817264220765846e-09,0.9555792330830241,1.4333688524418002,1.1591799987052653,0.4294641264677753,0.0,0.05,0.15405767236812593,2.4333688524418005
aed,0,389,1,puzzle,2,1.0,0.0,2.6764010097275537e-09,0.9556384274879582,1.4334576439083384,1.1608013869312808,0.42516948520309755,0.0,0.05,0.15405767236812593,2.4334576439083384
aed,0,390,1,puzzle,2,1.0,0.0,2.5425809592411787e-09,0.9556971121352537,1.4335456707454615,1.1624151083503516,0.4209177903510666,0.0,0.05,0.15405767236812593,2.4335456707454615
aed,0,391,1,puzzle,2,1.0,0.0,2.4154519112791194e-09,0.9557552946163366,1.4336329443399567,1.1640211975302996,0.4167086124475559,0.0,0.05,0.15405767236812593,2.4336329443399567
aed,0,392,1,puzzle,2,1.0,0.0,2.2946793157151615e-09,0.9558129823633047,1.4337194758396363,1.1656196889218464,0.41254152632308033,0.0,0.05,0.15405767236812593,2.433719475839636
aed,0,393,1,puzzle,2,1.0,0.0,2.1799453499294037e-09,0.9558701826532217,1.433805276159778,1.167210616858036,0.40841611105984954,0.0,0.05,0.15405767236812593,2.433805276159778
aed,0,394,1,puzzle,2,1.0,0.0,2.0709480824329312e-09,0.9559269026122716,1.4338903559893554,1.1687940155536927,0.40433194994925103,0.0,0.05,0.15405767236812593,2.433890355989355
aed,0,395,1,puzzle,2,1.0,0.0,1.9674006783112853e-09,0.9559831492197786,1.4339747257970685,1.1703699191049095,0.40028863044975854,0.0,0.05,0.15405767236812593,2.4339747257970687
aed,0,396,1,puzzle,2,1.0,0.0,1.8690306443957247e-09,0.9560389293120961,1.4340583958371749,1.1719383614885708,0.39628574414526097,0.0,0.05,0.15405767236812593,2.434058395837175
aed,0,397,1,puzzle,2,1.0,0.0,1.7755791121759385e-09,0.9560942495863697,1.4341413761551336,1.1734993765619035,0.3923228867038083,0.0,0.05,0.15405767236812593,2.4341413761551336
aed,0,398,1,puzzle,2,1.0,0.0,1.6868001565671412e-09,0.9561491166041791,1.434223676593069,1.1750529980620592,0.3883996578367702,0.0,0.05,0.15405767236812593,2.434223676593069
aed,0,399,1,puzzle,2,1.0,0.0,1.6024601487387848e-09,0.9562035367950665,1.43430530679506,1.1765992596057242,0.38451566125840253,0.0,0.05,0.15405767236812593,2.4343053067950597
aed,0,400,1,puzzle,2,1.0,0.0,1.5223371413018413e-09,0.9562575164599498,1.434386276212262,1.178138194688757,0.3806705046458185,0.0,0.05,0.15405767236812593,2.434386276212262
aed,0,401,1,puzzle,2,1.0,0.0,1.4462202842367509e-09,0.9563110617744299,1.4344665941078651,1.1796698366858525,0.3768637995993603,0.0,0.05,0.15405767236812593,2.434466594107865
aed,0,402,1,puzzle,2,1.0,0.0,1.3739092700249123e-09,0.9563641787919939,1.4345462695619,1.181194218850233,0.3730951616033667,0.0,0.05,0.15405767236812593,2.4345462695619
aed,0,403,1,puzzle,2,1.0,0.0,1.3052138065236685e-09,0.956416873447121,1.4346253114758953,1.1827113743133613,0.36936420998733305,0.0,0.05,0.15405767236812593,2.4346253114758953
aed,0,404,1,puzzle,2,1.0,0.0,1.2399531161974833e-09,0.956469151558287,1.4347037285773836,1.1842213360846814,0.3656705678874597,0.0,0.05,0.15405767236812593,2.4347037285773836
aed,0,405,1,puzzle,2,1.0,0.0,1.1779554603876106e-09,0.9565210188308826,1.4347815294242794,1.1857241370513794,0.3620138622085851,0.0,0.05,0.15405767236812593,2.4347815294242796
aed,0,406,1,puzzle,2,1.0,0.0,1.1190576873682292e-09,0.9565724808600363,1.4348587224091123,1.1872198099781681,0.35839372358649924,0.0,0.05,0.15405767236812593,2.4348587224091123
aed,0,407,1,puzzle,2,1.0,0.0,1.0631048029998181e-09,0.9566235431333565,1.4349353157631395,1.188708387507093,0.35480978635063426,0.0,0.05,0.15405767236812593,2.4349353157631395
aed,0,408,1,puzzle,2,1.0,0.0,1.0099495628498274e-09,0.9566742110335867,1.4350113175603296,1.1901899021573592,0.3512616884871279,0.0,0.05,0.15405767236812593,2.4350113175603294
aed,0,409,1,puzzle,2,1.0,0.0,9.594520847073353e-10,0.9567244898411822,1.4350867357212254,1.1916643863251786,0.34774907160225665,0.0,0.05,0.15405767236812593,2.4350867357212254
aed,0,410,1,puzzle,2,1.0,0.0,9.114794804719694e-10,0.9567743847368106,1.4351615780166955,1.1931318722836362,0.3442715808862341,0.0,0.05,0.15405767236812593,2.4351615780166957
aed,0,411,1,puzzle,2,1.0,0.0,8.659055064483698e-10,0.9568239008037777,1.435235852071572,1.1945923921825758,0.34082886507737176,0.0,0.05,0.15405767236812593,2.435235852071572
aed,0,412,1,puzzle,2,1.0,0.0,8.226102311259511e-10,0.9568730430303758,1.435309565368174,1.1960459780485038,0.33742057642659806,0.0,0.05,0.15405767236812593,2.435309565368174
aed,0,413,1,puzzle,2,1.0,0.0,7.814797195696536e-10,0.9569218163121765,1.4353827252497446,1.1974926617845099,0.33404637066233206,0.0,0.05,0.15405767236812593,2.4353827252497444
aed,0,414,1,puzzle,2,1.0,0.0,7.424057335911706e-10,0.956970225454238,1.4354553389237628,1.198932475170206,0.33070590695570873,0.0,0.05,0.15405767236812593,2.435455338923763
aed,0,415,1,puzzle,2,1.0,0.0,7.052854469116115e-10,0.9570182751732659,1.435527413465184,1.200365449861681,0.32739884788615164,0.0,0.05,0.15405767236812593,2.4355274134651843
aed,0,416,1,puzzle,2,1.0,0.0,6.700211745660314e-10,0.9570659700996944,1.4355989558195628,1.2017916173914702,0.32412485940729013,0.0,0.05,0.15405767236812593,2.4355989558195628
aed,0,417,1,puzzle,2,1.0,0.0,6.365201158377296e-10,0.9571133147797266,1.4356699728061102,1.2032110091685435,0.3208836108132172,0.0,0.05,0.15405767236812593,2.43566997280611
aed,0,418,1,puzzle,2,1.0,0.0,6.046941100458434e-10,0.9571603136772977,1.4357404711206407,1.204623656478304,0.31767477470508504,0.0,0.05,0.15405767236812593,2.4357404711206407
aed,0,419,1,puzzle,2,1.0,0.0,5.744594045435508e-10,0.9572069711759924,1.435810457338448,1.2060295904826048,0.3144980269580342,0.0,0.05,0.15405767236812593,2.435810457338448
aed,0,420,1,puzzle,2,1.0,0.0,5.457364343163743e-10,0.9572532915809058,1.435879937917095,1.2074288422197772,0.31135304668845387,0.0,0.05,0.15405767236812593,2.435879937917095
aed,0,421,1,puzzle,2,1.0,0.0,5.184496126005542e-10,0.957299279120453,1.435948919199129,1.208821442604674,0.3082395162215693,0.0,0.05,0.15405767236812593,2.435948919199129
aed,0,422,1,puzzle,2,1.0,0.0,4.92527131970527e-10,0.9573449379481263,1.4360174074147165,1.210207422428724,0.3051571210593536,0.0,0.05,0.15405767236812593,2.4360174074147167
aed,0,423,1,puzzle,2,1.0,0.0,4.679007753720003e-10,0.9573902721442022,1.436085408684204,1.2115868123600015,0.3021055498487601,0.0,0.05,0.15405767236812593,2.436085408684204
aed,0,424,1,puzzle,2,1.0,0.0,4.4450573660340015e-10,0.9574352857174023,1.4361529290206092,1.2129596429433045,0.2990844943502725,0.0,0.05,0.15405767236812593,2.436152929020609
aed,0,425,1,puzzle,2,1.0,0.0,4.222804497732314e-10,0.9574799826065105,1.436219974332046,1.2143259446002481,0.2960936494067698,0.0,0.05,0.15405767236812593,2.436219974332046
aed,0,426,1,puzzle,2,1.0,0.0,4.011664272845689e-10,0.9575243666819391,1.436286550424075,1.2156857476293674,0.2931327129127021,0.0,0.05,0.15405767236812593,2.436286550424075
aed,0,427,1,puzzle,2,1.0,0.0,3.8110810592034087e-10,0.9575684417472615,1.4363526630020003,1.2170390822062305,0.29020138578357507,0.0,0.05,0.15405767236812593,2.4363526630020003
aed,0,428,1,puzzle,2,1.0,0.0,3.620527006243233e-10,0.9576122115406945,1.4364183176730945,1.2183859783835649,0.28729937192573934,0.0,0.05,0.15405767236812593,2.4364183176730947
aed,0,429,1,puzzle,2,1.0,0.0,3.4395006559310754e-10,0.9576556797365455,1.4364835199487682,1.219726466091391,0.2844263782064819,0.0,0.05,0.15405767236812593,2.4364835199487684
aed,0,430,1,puzzle,2,1.0,0.0,3.267525623134519e-10,0.9576988499466166,1.4365482752466774,1.2210605751371673,0.2815821144244171,0.0,0.05,0.15405767236812593,2.436548275246677
aed,0,431,1,puzzle,2,1.0,0.0,3.104149341977797e-10,0.9577417257215751,1.4366125888927777,1.2223883352059453,0.27876629328017294,0.0,0.05,0.15405767236812593,2.4366125888927774
aed,0,432,1,puzzle,2,1.0,0.0,2.948941874878904e-10,0.9577843105522882,1.4366764661233264,1.2237097758605322,0.2759786303473712,0.0,0.05,0.15405767236812593,2.4366764661233264
aed,0,433,1,puzzle,2,1.0,0.0,2.801494781134962e-10,0.9578266078711142,1.4367399120868207,1.2250249265416637,0.27321884404389746,0.0,0.05,0.15405767236812593,2.4367399120868205
aed,0,434,1,puzzle,2,1.0,0.0,2.6614200420782093e-10,0.9578686210531697,1.4368029318458966,1.226333816568185,0.27048665560345847,0.0,0.05,0.15405767236812593,2.4368029318458966
aed,0,435,1,puzzle,2,1.0,0.0,2.528349039974299e-10,0.9579103534175573,1.4368655303791706,1.22763647513724,0.2677817890474239,0.0,0.05,0.15405767236812593,2.436865530379171
aed,0,436,1,puzzle,2,1.0,0.0,2.4019315879755834e-10,0.9579518082285602,1.4369277125830335,1.2289329313244688,0.26510397115694967,0.0,0.05,0.15405767236812593,2.4369277125830333
aed,0,437,1,puzzle,2,1.0,0.0,2.2818350085768063e-10,0.9579929886968113,1.4369894832734003,1.2302232140842135,0.2624529314453802,0.0,0.05,0.15405767236812593,2.4369894832734005
aed,0,438,1,puzzle,2,1.0,0.0,2.1677432581479606e-10,0.9580338979804303,1.4370508471874197,1.2315073522497297,0.2598284021309264,0.0,0.05,0.15405767236812593,2.43705084718742
aed,0,439,1,puzzle,2,1.0,0.0,2.059356095240563e-10,0.9580745391861222,1.437111808985119,1.2327853745334068,0.2572301181096171,0.0,0.05,0.15405767236812593,2.4371118089851187
aed,0,440,1,puzzle,2,1.0,0.0,1.9563882904785382e-10,0.9581149153702627,1.4371723732510329,1.2340573095269949,0.2546578169285209,0.0,0.05,0.15405767236812593,2.437172373251033
aed,0,441,1,puzzle,2,1.0,0.0,1.8585688759546125e-10,0.9581550295399468,1.437232544495777,1.235323185701839,0.2521112387592357,0.0,0.05,0.15405767236812593,2.437232544495777
aed,0,442,1,puzzle,2,1.0,0.0,1.7656404321568807e-10,0.9581948846540109,1.4372923271575804,1.2365830314091177,0.24959012637164332,0.0,0.05,0.15405767236812593,2.4372923271575804
aed,0,443,1,puzzle,2,1.0,0.0,1.677358410549036e-10,0.9582344836240276,1.4373517256037773,1.2378368748800912,0.2470942251079269,0.0,0.05,0.15405767236812593,2.4373517256037776
aed,0,444,1,puzzle,2,1.0,0.0,1.5934904900215836e-10,0.9582738293152848,1.437410744132276,1.239084744226352,0.24462328285684762,0.0,0.05,0.15405767236812593,2.437410744132276
aed,0,445,1,puzzle,2,1.0,0.0,1.513815965520507e-10,0.9583129245477284,1.4374693869729742,1.240326667440085,0.24217705002827913,0.0,0.05,0.15405767236812593,2.437469386972974
aed,0,446,1,puzzle,2,1.0,0.0,1.438125167244481e-10,0.9583517720968887,1.4375276582891456,1.2415626723943303,0.23975527952799633,0.0,0.05,0.15405767236812593,2.4375276582891456
aed,0,447,1,puzzle,2,1.0,0.0,1.3662189088822554e-10,0.9583903746947807,1.437585562178793,1.2427927868432525,0.23735772673271635,0.0,0.05,0.15405767236812593,2.4375855621787927
aed,0,448,1,puzzle,2,1.0,0.0,1.297907963438142e-10,0.9584287350307827,1.437643102675965,1.244017038422416,0.23498414946538917,0.0,0.05,0.15405767236812593,2.437643102675965
aed,0,449,1,puzzle,2,1.0,0.0,1.2330125652662353e-10,0.958466855752494,1.437700283752042,1.2452354546490643,0.23263430797073528,0.0,0.05,0.15405767236812593,2.437700283752042
aed,0,450,1,puzzle,2,1.0,0.0,1.1713619370029244e-10,0.958504739466573,1.4377571093169959,1.246448062922404,0.23030796489102792,0.0,0.05,0.15405767236812593,2.437757109316996
aed,0,451,1,puzzle,2,1.0,0.0,1.1127938401527757e-10,0.958542388739551,1.4378135832206058,1.247654890523895,0.22800488524211765,0.0,0.05,0.15405767236812593,2.437813583220606
aed,0,452,1,puzzle,2,1.0,0.0,1.0571541481451371e-10,0.9585798060986248,1.4378697092536528,1.248855964617544,0.22572483638969648,0.0,0.05,0.15405767236812593,2.4378697092536528
aed,0,453,1,puzzle,2,1.0,0.0,1.004296440737883e-10,0.9586169940324434,1.4379254911490948,1.2500513122502017,0.22346758802579952,0.0,0.05,0.15405767236812593,2.4379254911490946
aed,0,454,1,puzzle,2,1.0,0.0,9.540816187009867e-11,0.9586539549918522,1.4379809325831865,1.2512409603518668,0.22123291214554153,0.0,0.05,0.15405767236812593,2.4379809325831863
aed,0,455,1,puzzle,2,1.0,0.0,9.063775377659371e-11,0.9586906913906468,1.4380360371766079,1.2524249357359907,0.2190205830240861,0.0,0.05,0.15405767236812593,2.438036037176608
aed,0,456,1,puzzle,2,1.0,0.0,8.610586608776413e-11,0.9587272056062837,1.4380908084955313,1.2536032650997884,0.21683037719384524,0.0,0.05,0.15405767236812593,2.4380908084955313
aed,0,457,1,puzzle,2,1.0,0.0,8.180057278337583e-11,0.9587634999805897,1.4381452500526852,1.2547759750245528,0.21466207342190677,0.0,0.05,0.15405767236812593,2.4381452500526852
aed,0,458,1,puzzle,2,1.0,0.0,7.771054414420719e-11,0.9587995768204528,1.4381993653083898,1.255943091975972,0.2125154526876877,0.0,0.05,0.15405767236812593,2.4381993653083898
aed,0,459,1,puzzle,2,1.0,0.0,7.382501693699681e-11,0.9588354383984907,1.4382531576715611,1.2571046423044498,0.21039029816081084,0.0,0.05,0.15405767236812593,2.438253157671561
aed,0,460,1,puzzle,2,1.0,0.0,7.013376609014688e-11,0.958871086953705,1.4383066305006913,1.258260652245431,0.20828639517920272,0.0,0.05,0.15405767236812593,2.4383066305006915
aed,0,461,1,puzzle,2,1.0,0.0,6.66270777856396e-11,0.9589065246921289,1.4383597871048206,1.2594111479197279,0.2062035312274107,0.0,0.05,0.15405767236812593,2.4383597871048206
aed,0,462,1,puzzle,2,1.0,0.0,6.329572389635749e-11,0.9589417537874454,1.438412630744464,1.2605561553338516,0.20414149591513658,0.0,0.05,0.15405767236812593,2.4384126307444642
aed,0,463,1,puzzle,2,1.0,0.0,6.013093770153963e-11,0.9589767763816036,1.4384651646325364,1.261695700380345,0.20210008095598522,0.0,0.05,0.15405767236812593,2.4384651646325364
aed,0,464,1,puzzle,2,1.0,0.0,5.7124390816462646e-11,0.9590115945854151,1.438517391935247,1.2628298088381196,0.20007908014642536,0.0,0.05,0.15405767236812593,2.438517391935247
aed,0,465,1,puzzle,2,1.0,0.0,5.426817127563966e-11,0.9590462104791367,1.4385693157729733,1.2639585063727938,0.1980782893449611,0.0,0.05,0.15405767236812593,2.4385693157729733
aed,0,466,1,puzzle,2,1.0,0.0,5.1554762711857665e-11,0.9590806261130407,1.4386209392211158,1.2650818185370354,0.1960975064515115,0.0,0.05,0.15405767236812593,2.438620939221116
aed,0,467,1,puzzle,2,1.0,0.0,4.897702457626469e-11,0.9591148435079719,1.438672265310935,1.266199770770905,0.19413653138699638,0.0,0.05,0.15405767236812593,2.438672265310935
aed,0,468,1,puzzle,2,1.0,0.0,4.652817334745142e-11,0.9591488646558937,1.4387232970303687,1.2673123884022022,0.19219516607312642,0.0,0.05,0.15405767236812593,2.4387232970303687
aed,0,469,1,puzzle,2,1.0,0.0,4.420176468007892e-11,0.9591826915204172,1.4387740373248277,1.2684196966468153,0.19027321441239517,0.0,0.05,0.15405767236812593,2.4387740373248277
aed,0,470,1,puzzle,2,1.0,0.0,4.199167644607497e-11,0.9592163260373253,1.4388244890979798,1.2695217206090712,0.18837048226827122,0.0,0.05,0.15405767236812593,2.4388244890979798
aed,0,471,1,puzzle,2,1.0,0.0,3.989209262377116e-11,0.95924977011508,1.438874655212512,1.2706184852820885,0.1864867774455885,0.0,0.05,0.15405767236812593,2.438874655212512
aed,0,472,1,puzzle,2,1.0,0.0,3.789748799258261e-11,0.9592830256353165,1.4389245384908722,1.2717100155481325,0.18462190967113262,0.0,0.05,0.15405767236812593,2.4389245384908724
aed,0,473,1,puzzle,2,1.0,0.0,3.600261359295352e-11,0.9593160944533343,1.438974141716004,1.2727963361789718,0.1827756905744213,0.0,0.05,0.15405767236812593,2.4389741417160042
aed,0,474,1,puzzle,2,1.0,0.0,3.420248291330585e-11,0.9593489783985684,1.439023467632055,1.2738774718362373,0.1809479336686771,0.0,0.05,0.15405767236812593,2.439023467632055
aed,0,475,1,puzzle,2,1.0,0.0,3.24923587676405e-11,0.9593816792750587,1.4390725189450804,1.2749534470717816,0.17913845433199033,0.0,0.05,0.15405767236812593,2.43907251894508
aed,0,476,1,puzzle,2,1.0,0.0,3.086774082925847e-11,0.9594141988618995,1.439121298323717,1.2760242863280413,0.17734706978867043,0.0,0.05,0.15405767236812593,2.439121298323717
aed,0,477,1,puzzle,2,1.0,0.0,2.932435378779558e-11,0.9594465389136888,1.4391698083998576,1.2770900139384003,0.17557359909078374,0.0,0.05,0.15405767236812593,2.439169808399858
aed,0,478,1,puzzle,2,1.0,0.0,2.7858136098405805e-11,0.9594787011609586,1.439218051769296,1.2781506541275547,0.1738178630998759,0.0,0.05,0.15405767236812593,2.439218051769296
aed,0,479,1,puzzle,2,1.0,0.0,2.6465229293485457e-11,0.9595106873106073,1.4392660309923762,1.2792062310118788,0.17207968446887714,0.0,0.05,0.15405767236812593,2.439266030992376
aed,0,480,1,puzzle,2,1.0,0.0,2.5141967828811226e-11,0.959542499046311,1.4393137485946084,1.2802567685997925,0.17035888762418838,0.0,0.05,0.15405767236812593,2.4393137485946084
aed,0,481,1,puzzle,2,1.0,0.0,2.3884869437370675e-11,0.9595741380289297,1.4393612070672794,1.28130229079213,0.1686552987479465,0.0,0.05,0.15405767236812593,2.4393612070672797
aed,0,482,1,puzzle,2,1.0,0.0,2.269062596550211e-11,0.9596056058969121,1.4394084088680588,1.2823428213825099,0.16696874576046702,0.0,0.05,0.15405767236812593,2.4394084088680588
aed,0,483,1,puzzle,2,1.0,0.0,2.155609466722705e-11,0.9596369042666787,1.4394553564215742,1.283378384057705,0.16529905830286235,0.0,0.05,0.15405767236812593,2.439455356421574
aed,0,484,1,puzzle,0,1.0,0.0,2.0478289933865668e-11,0.9625694007491504,1.4438541011442039,1.2844307626431375,0.16364606771983373,0.0,0.05,0.15405767236812593,2.443854101144204
aed,0,485,1,puzzle,2,1.0,0.0,1.9454375437172366e-11,0.9625987933574208,1.4438981900555856,1.2854780997801996,0.1620096070426354,0.0,0.05,0.15405767236812593,2.4438981900555854
aed,0,486,1,puzzle,2,1.0,0.0,1.848165666531377e-11,0.9626280283112406,1.4439420424853426,1.2865204194937252,0.16038951097220905,0.0,0.05,0.15405767236812593,2.4439420424853426
aed,0,487,1,puzzle,2,1.0,0.0,1.755757383204811e-11,0.9626571070855314,1.4439856606458545,1.2875577456994858,0.15878561586248696,0.0,0.05,0.15405767236812593,2.4439856606458545
aed,0,488,1,puzzle,2,1.0,0.0,1.6679695140445677e-11,0.9626860311356665,1.4440290467201795,1.2885901022045894,0.1571977597038621,0.0,0.05,0.15405767236812593,2.4440290467201793
aed,0,489,1,puzzle,2,1.0,0.0,1.584571038342341e-11,0.9627148018978082,1.444072202862558,1.2896175127078793,0.15562578210682348,0.0,0.05,0.15405767236812593,2.444072202862558
aed,0,490,1,puzzle,2,1.0,0.0,1.5053424864252238e-11,0.9627434207892356,1.4441151311989069,1.2906400008003343,0.15406952428575524,0.0,0.05,0.15405767236812593,2.444115131198907
aed,0,491,1,puzzle,2,1.0,0.0,1.430075362103961e-11,0.9627718892086619,1.4441578338272936,1.291657589965469,0.1525288290428977,0.0,0.05,0.15405767236812593,2.4441578338272936
aed,0,492,1,puzzle,2,1.0,0.0,1.3585715939987617e-11,0.9628002085365486,1.4442003128184087,1.2926703035797338,0.15100354075246872,0.0,0.05,0.15405767236812593,2.444200312818409
aed,0,493,1,puzzle,2,1.0,0.0,1.2906430142988229e-11,0.962828380135415,1.4442425702160289,1.2936781649129154,0.14949350534494402,0.0,0.05,0.15405767236812593,2.444242570216029
aed,0,494,1,puzzle,2,1.0,0.0,1.2261108635838859e-11,0.9628564053501371,1.4442846080374667,1.2946811971285381,0.14799857029149457,0.0,0.05,0.15405767236812593,2.4442846080374667
aed,0,495,1,puzzle,2,1.0,0.0,1.1648053204046885e-11,0.9628842855082427,1.444326428274012,1.2956794232842654,0.14651858458857964,0.0,0.05,0.15405767236812593,2.444326428274012
aed,0,496,1,puzzle,2,1.0,0.0,1.1065650543844553e-11,0.9629120219202013,1.4443680328913675,1.2966728663323008,0.14505339874269385,0.0,0.05,0.15405767236812593,2.4443680328913677
aed,0,497,1,puzzle,2,1.0,0.0,1.051236801665233e-11,0.9629396158797022,1.4444094238300655,1.2976615491197898,0.1436028647552669,0.0,0.05,0.15405767236812593,2.4444094238300655
aed,0,498,1,puzzle,2,1.0,0.0,9.986749615819694e-12,0.9629670686639402,1.444450603005897,1.2986454943892203,0.14216683610771422,0.0,0.05,0.15405767236812593,2.444450603005897
aed,0,499,1,puzzle,2,1.0,0.0,9.48741213502872e-12,0.9629943815338773,1.4444915723103033,1.2996247247788257,0.14074516774663706,0.0,0.05,0.15405767236812593,2.4444915723103033
aed,0,500,1,puzzle,2,1.0,0.0,9.01304152827729e-12,0.9630215557345139,1.4445323336107838,1.3005992628229857,0.1393377160691707,0.0,0.05,0.15405767236812593,2.444532333610784
aed,0,501,1,puzzle,2,1.0,0.0,8.562389451863407e-12,0.9630485924951523,1.444572888751291,1.3015691309526272,0.137944338908479,0.0,0.05,0.15405767236812593,2.444572888751291
aed,0,502,1,puzzle,2,1.0,0.0,8.134269979270232e-12,0.9630754930296435,1.4446132395525992,1.3025343514956271,0.13656489551939419,0.0,0.05,0.15405767236812593,2.4446132395525995
aed,0,503,2,mastered,1,0.0,0.0,7.727556480306733e-12,0.9655857394720875,1.4483786092158588,1.3035135727842284,0.13519924656420024,0.0,0.05,0.15405767236812593,1.4483786092158588
aed,0,504,2,mastered,2,0.0,0.0,7.341178656291398e-12,0.8300070832899882,1.2450106249423234,1.3034710580450188,0.19230768720125369,0.0,0.05,0.15405767236812593,1.2450106249423234
aed,0,505,2,mastered,2,0.0,0.0,6.974119723476833e-12,0.8302137307738577,1.2453205961677607,1.3034303057356327,0.24849431989711313,0.0,0.05,0.15405767236812593,1.2453205961677607
aed,0,506,2,mastered,2,0.0,0.0,6.625413737302982e-12,0.8304185973788938,1.245627896074966,1.3033912936873295,0.3037727743105055,0.0,0.05,0.15405767236812593,1.245627896074966
aed,0,507,2,mastered,2,0.0,0.0,6.2941430504378344e-12,0.8306217099313403,1.2459325649033046,1.3033540000434094,0.3581564817075052,0.0,0.05,0.15405767236812593,1.2459325649033046
aed,0,508,2,mastered,2,0.0,0.0,5.9794358979159466e-12,0.8308230946852173,1.2462346420338053,1.3033184032533613,0.4116586781099862,0.0,0.05,0.15405767236812593,1.2462346420338053
aed,0,509,2,mastered,2,0.0,0.0,5.680464103020146e-12,0.8310227773380473,1.2465341660127516,1.3032844820671583,0.464292407383293,0.0,0.05,0.15405767236812593,1.2465341660127516
aed,0,510,2,mastered,2,0.0,0.0,5.39644089786913e-12,0.8312207830460415,1.2468311745744587,1.3032522155296948,0.5160705242646962,0.0,0.05,0.15405767236812593,1.2468311745744587
aed,0,511,2,mastered,2,0.0,0.0,5.126618852975683e-12,0.8314171364388006,1.2471257046633273,1.303221582975363,0.567005697334085,0.0,0.05,0.15405767236812593,1.2471257046633273
aed,0,512,2,mastered,2,0.0,0.0,4.870287910326891e-12,0.8316118616335092,1.2474177924551342,1.3031925640227617,0.6171104119283717,0.0,0.05,0.15405767236812593,1.2474177924551342
aed,0,513,2,mastered,2,0.0,0.0,4.6267735148105555e-12,0.8318049822486766,1.2477074733776417,1.3031651385695362,0.6663969730009826,0.0,0.05,0.15405767236812593,1.2477074733776417
aed,0,514,2,mastered,2,0.0,0.0,4.395434839070022e-12,0.8319965214174171,1.247994782130521,1.3031392867873413,0.7148775079277929,0.0,0.05,0.15405767236812593,1.247994782130521
aed,0,515,2,mastered,2,0.0,0.0,4.175663097116525e-12,0.8321865018003121,1.2482797527046439,1.3031149891169278,0.762563969260799,0.0,0.05,0.15405767236812593,1.2482797527046439
aed,0,516,2,mastered,2,0.0,0.0,3.966879942260695e-12,0.8323749455978416,1.2485624184007293,1.3030922262633469,0.8094681374308085,0.0,0.05,0.15405767236812593,1.2485624184007293
aed,0,517,2,mastered,2,0.0,0.0,3.768535945147662e-12,0.8325618745624306,1.2488428118474144,1.3030709791912674,0.8556016234003533,0.0,0.05,0.15405767236812593,1.2488428118474144
aed,0,518,2,mastered,2,0.0,0.0,3.5801091478902715e-12,0.8327473100100973,1.249120965018726,1.3030512291204046,0.9009758712680282,0.0,0.05,0.15405767236812593,1.249120965018726
aed,0,519,2,mastered,2,0.0,0.0,3.401103690495756e-12,0.8329312728317415,1.2493969092510133,1.3030329575210577,0.9456021608253924,0.0,0.05,0.15405767236812593,1.2493969092510133
aed,0,520,2,mastered,2,0.0,0.0,3.23104850597097e-12,0.8331137835040704,1.2496706752593365,1.3030161461097491,0.989491610067551,0.0,0.05,0.15405767236812593,1.2496706752593365
aed,0,521,2,mastered,2,0.0,0.0,3.0694960806724197e-12,0.8332948621001883,1.2499422931533521,1.3030007768449672,1.0326551776584907,0.0,0.05,0.15405767236812593,1.2499422931533521
aed,0,522,2,mastered,2,0.0,0.0,2.916021276638806e-12,0.8334745282998504,1.2502117924526917,1.3029868319230058,1.07510366535222,0.0,0.05,0.15405767236812593,1.2502117924526917
aed,0,523,2,mastered,2,0.0,0.0,2.770220212806861e-12,0.8336528013993961,1.2504792021018645,1.3029742937739002,1.1168477203707334,0.0,0.05,0.15405767236812593,1.2504792021018645
aed,0,524,2,mastered,2,0.0,0.0,2.631709202166521e-12,0.8338297003213856,1.2507445504847101,1.3029631450574541,1.1578978377397702,0.0,0.05,0.15405767236812593,1.2507445504847101
aed,0,525,2,mastered,2,0.0,0.0,2.5001237420581935e-12,0.8340052436239314,1.2510078654383974,1.3029533686593588,1.198264362583334,0.0,0.05,0.15405767236812593,1.2510078654383974
aed,0,526,2,mastered,2,0.0,0.0,2.3751175549552867e-12,0.8341794495097526,1.2512691742670041,1.3029449476873969,1.2379574923778933,0.0,0.05,0.15405767236812593,1.2512691742670041
aed,0,527,2,mastered,2,0.0,0.0,2.25636167720752e-12,0.8343523358349447,1.2515285037546735,1.3029378654677333,1.2769872791671741,0.0,0.05,0.15405767236812593,1.2515285037546735
aed,0,528,2,mastered,2,0.0,0.0,2.1435435933471435e-12,0.8345239201174985,1.2517858801783914,1.3029321055412866,1.3153636317383974,0.0,0.05,0.15405767236812593,1.2517858801783914
aed,0,529,2,mastered,2,0.0,0.0,2.0363664136797866e-12,0.834694219545554,1.2520413293203674,1.302927651660182,1.353096317760828,0.0,0.05,0.15405767236812593,1.2520413293203674
aed,0,530,2,mastered,2,0.0,0.0,1.934548092995795e-12,0.8348632509854065,1.2522948764800441,1.3029244877842814,1.3901949658874568,0.0,0.05,0.15405767236812593,1.2522948764800441
aed,0,531,2,mastered,2,0.0,0.0,1.83782068834601e-12,0.8350310309892832,1.2525465464857628,1.3029225980777888,1.4266690678206082,0.0,0.05,0.15405767236812593,1.2525465464857628
aed,0,532,2,mastered,2,0.0,0.0,1.7459296539287087e-12,0.8351975758028891,1.2527963637060797,1.3029219669059302,1.4625279803422526,0.0,0.05,0.15405767236812593,1.2527963637060797
aed,0,533,2,mastered,2,0.0,0.0,1.6586331712322707e-12,0.8353629013727231,1.2530443520607433,1.3029225788317043,1.497780927309791,0.0,0.05,0.15405767236812593,1.2530443520607433
aed,0,534,2,mastered,2,0.0,0.0,1.5757015126706552e-12,0.8355270233531888,1.253290535031359,1.3029244186127025,1.5324370016180366,0.0,0.05,0.15405767236812593,1.253290535031359
aed,0,535,2,mastered,2,0.0,0.0,1.4969164370371234e-12,0.8356899571135004,1.2535349356717476,1.3029274711979977,1.5665051671281063,0.0,0.05,0.15405767236812593,1.2535349356717476
aed,0,536,2,mastered,2,0.0,0.0,1.4220706151852684e-12,0.8358517177443774,1.253777576617988,1.3029317217250975,1.5999942605639348,0.0,0.05,0.15405767236812593,1.253777576617988
aed,0,537,2,mastered,2,0.0,0.0,1.3509670844260048e-12,0.8360123200645637,1.2540184800981966,1.302937155516963,1.6329129933770619,0.0,0.05,0.15405767236812593,1.2540184800981966
aed,0,538,2,mastered,2,0.0,0.0,1.2834187302047039e-12,0.836171778627146,1.2542576679420023,1.3029437580790884,1.6652699535803772,0.0,0.05,0.15405767236812593,1.2542576679420023
aed,0,539,2,mastered,2,0.0,0.0,1.2192477936944689e-12,0.8363301077257027,1.2544951615897733,1.3029515150966418,1.6970736075514419,0.0,0.05,0.15405767236812593,1.2544951615897733
aed,0,540,2,mastered,2,0.0,0.0,1.1582854040097464e-12,0.8364873214002745,1.25473098210157,1.3029604124316663,1.7283323018060237,0.0,0.05,0.15405767236812593,1.25473098210157
aed,0,541,2,mastered,2,0.0,0.0,1.1003711338092586e-12,0.8366434334431626,1.2549651501658443,1.3029704361203371,1.7590542647424563,0.0,0.05,0.15405767236812593,1.2549651501658443
aed,0,542,2,mastered,2,0.0,0.0,1.0453525771187961e-12,0.8367984574045758,1.255197686107909,1.302981572370275,1.7892476083573976,0.0,0.05,0.15405767236812593,1.255197686107909
aed,0,543,2,mastered,2,0.0,0.0,9.930849482628562e-13,0.8369524065981128,1.2554286098981622,1.3029938075579144,1.8189203299335759,0.0,0.05,0.15405767236812593,1.2554286098981622
aed,0,544,2,mastered,2,0.0,0.0,9.434307008497134e-13,0.8371052941060954,1.2556579411600866,1.3030071282259252,1.8480803137000787,0.0,0.05,0.15405767236812593,1.2556579411600866
aed,0,545,2,mastered,2,0.0,0.0,8.962591658072264e-13,0.8372571327847509,1.2558856991780225,1.3030215210806857,1.8767353324657412,0.0,0.05,0.15405767236812593,1.2558856991780225
aed,0,546,2,mastered,2,0.0,0.0,8.514462075168651e-13,0.8374079352692596,1.256111902904741,1.303036972989806,1.9048930492261487,0.0,0.05,0.15405767236812593,1.256111902904741
aed,0,547,2,mastered,2,0.0,0.0,8.088738971410225e-13,0.8375577139786553,1.256336570968792,1.3030534709797008,1.9325610187447961,0.0,0.05,0.15405767236812593,1.256336570968792
aed,0,548,1,puzzle,1,0.0,0.0,7.684302022839712e-13,0.8442821584812594,1.2664232377226576,1.3031203198134158,1.9499324906481064,0.0,0.05,0.15405767236812593,1.2664232377226576
aed,0,549,1,puzzle,2,1.0,0.0,7.300086921697731e-13,0.9656110582272484,1.4484165873416026,1.3040968011510565,1.9304331657416254,0.0,0.05,0.15405767236812593,2.448416587341603
aed,0,550,1,puzzle,2,1.0,0.0,6.935082575612844e-13,0.9656362499838248,1.4484543749764307,1.3050685890201834,1.9111288340842092,0.0,0.05,0.15405767236812593,2.4484543749764307
aed,0,551,1,puzzle,2,1.0,0.0,6.588328446832198e-13,0.9656613158529185,1.4484919737800366,1.3060357059439827,1.892017545743367,0.0,0.05,0.15405767236812593,2.448491973780037
aed,0,552,1,puzzle,2,1.0,0.0,6.25891202449059e-13,0.9656862569318588,1.4485293853984142,1.3069981743412549,1.8730973702859333,0.0,0.05,0.15405767236812593,2.4485293853984142
aed,0,553,1,puzzle,2,1.0,0.0,5.945966423266061e-13,0.9657110743044236,1.44856661145723,1.307956016526835,1.854366396583074,0.0,0.05,0.15405767236812593,2.44856661145723
aed,0,554,1,puzzle,2,1.0,0.0,5.648668102102756e-13,0.9657357690410547,1.448603653562147,1.3089092547120114,1.8358227326172432,0.0,0.05,0.15405767236812593,2.448603653562147
aed,0,555,1,puzzle,2,1.0,0.0,5.366234696997616e-13,0.9657603421990701,1.4486405132991418,1.309857911004947,1.8174645052910707,0.0,0.05,0.15405767236812593,2.448640513299142
aed,0,556,1,puzzle,2,1.0,0.0,5.097922962147744e-13,0.965784794822871,1.4486771922348165,1.3108020074110964,1.79928986023816,0.0,0.05,0.15405767236812593,2.4486771922348165
aed,0,557,1,puzzle,2,1.0,0.0,4.843026814040349e-13,0.9658091279441462,1.4487136919167036,1.3117415658336244,1.7812969616357783,0.0,0.05,0.15405767236812593,2.4487136919167036
aed,0,558,1,puzzle,2,1.0,0.0,4.600875473338334e-13,0.9658333425820694,1.4487500138735643,1.3126766080738241,1.7634839920194205,0.0,0.05,0.15405767236812593,2.448750013873564
aed,0,559,1,puzzle,2,1.0,0.0,4.3708316996714175e-13,0.965857439743499,1.4487861596156855,1.3136071558315334,1.7458491520992263,0.0,0.05,0.15405767236812593,2.4487861596156852
aed,0,560,1,puzzle,2,1.0,0.0,4.1522901146878393e-13,0.9658814204231678,1.448822130635167,1.3145332307055515,1.728390660578234,0.0,0.05,0.15405767236812593,2.448822130635167
aed,0,561,1,puzzle,2,1.0,0.0,3.944675608953454e-13,0.9659052856038675,1.4488579284061958,1.3154548541940547,1.7111067539724516,0.0,0.05,0.15405767236812593,2.4488579284061958
aed,0,562,1,puzzle,2,1.0,0.0,3.747441828505778e-13,0.9659290362566434,1.4488935543853398,1.3163720476950111,1.693995686432727,0.0,0.05,0.15405767236812593,2.44889355438534
aed,0,563,1,puzzle,2,1.0,0.0,3.560069737080486e-13,0.9659526733409646,1.4489290100118029,1.3172848325065951,1.6770557295683997,0.0,0.05,0.15405767236812593,2.4489290100118026
aed,0,564,1,puzzle,2,1.0,0.0,3.382066250226466e-13,0.9659761978049116,1.4489642967077057,1.3181932298276007,1.6602851722727157,0.0,0.05,0.15405767236812593,2.4489642967077057
aed,0,565,1,puzzle,2,1.0,0.0,3.212962937715139e-13,0.9659996105853415,1.4489994158783335,1.3190972607578544,1.6436823205499884,0.0,0.05,0.15405767236812593,2.4489994158783333
aed,0,566,1,puzzle,2,1.0,0.0,3.05231479082938e-13,0.9660229126080678,1.449034368912407,1.3199969462986272,1.6272454973444885,0.0,0.05,0.15405767236812593,2.449034368912407
aed,0,567,1,puzzle,2,1.0,0.0,2.899699051287914e-13,0.9660461047880246,1.4490691571823269,1.3208923073530456,1.6109730423710436,0.0,0.05,0.15405767236812593,2.449069157182327
aed,0,568,1,puzzle,2,1.0,0.0,2.7547140987235157e-13,0.9660691880294304,1.4491037820444213,1.3217833647265025,1.594863311947333,0.0,0.05,0.15405767236812593,2.4491037820444213
aed,0,569,1,puzzle,2,1.0,0.0,2.616978393787339e-13,0.9660921632259509,1.4491382448391883,1.322670139127066,1.5789146788278596,0.0,0.05,0.15405767236812593,2.4491382448391885
aed,0,570,1,puzzle,2,1.0,0.0,2.486129474097976e-13,0.9661150312608607,1.4491725468915397,1.3235526511658884,1.563125532039581,0.0,0.05,0.15405767236812593,2.44917254689154
aed,0,571,1,puzzle,2,1.0,0.0,2.3618230003930766e-13,0.9661377930071952,1.449206689511029,1.3244309213576142,1.547494276719185,0.0,0.05,0.15405767236812593,2.449206689511029
aed,0,572,1,puzzle,2,1.0,0.0,2.2437318503734196e-13,0.9661604493279056,1.4492406739920827,1.3253049701207866,1.5320193339519932,0.0,0.05,0.15405767236812593,2.4492406739920827
aed,0,573,1,puzzle,2,1.0,0.0,2.1315452578547538e-13,0.9661830010760103,1.4492745016142285,1.3261748177782537,1.5166991406124732,0.0,0.05,0.15405767236812593,2.4492745016142283
aed,0,574,1,puzzle,2,1.0,0.0,2.0249679949620113e-13,0.9662054490947407,1.4493081736423137,1.327040484557574,1.5015321492063485,0.0,0.05,0.15405767236812593,2.4493081736423137
aed,0,575,1,puzzle,2,1.0,0.0,1.9237195952139152e-13,0.9662277942176853,1.4493416913267203,1.3279019905914198,1.486516827714285,0.0,0.05,0.15405767236812593,2.4493416913267203
aed,0,576,1,puzzle,2,1.0,0.0,1.8275336154532182e-13,0.9662500372689362,1.4493750559035872,1.3287593559179804,1.4716516594371423,0.0,0.05,0.15405767236812593,2.4493750559035874
aed,0,577,1,puzzle,2,1.0,0.0,1.7361569346805577e-13,0.9662721790632244,1.4494082685950103,1.3296126004813655,1.4569351428427708,0.0,0.05,0.15405767236812593,2.4494082685950103
aed,0,578,1,puzzle,2,1.0,0.0,1.6493490879465272e-13,0.9662942204060577,1.4494413306092515,1.330461744132005,1.442365791414343,0.0,0.05,0.15405767236812593,2.4494413306092513
aed,0,579,2,mastered,1,0.0,0.0,1.566881633549202e-13,0.9683661995714474,1.452549299357328,1.3313221819081318,1.4279421335001996,0.0,0.05,0.15405767236812593,1.452549299357328
aed,0,580,2,mastered,2,0.0,0.0,1.4885375518717436e-13,0.8444303822146032,1.2666455733220536,1.3312487988652013,1.4782659377083454,0.0,0.05,0.15405767236812593,1.2666455733220536
aed,0,581,2,mastered,2,0.0,0.0,1.4141106742781552e-13,0.8445776011815689,1.2668664017724949,1.3311768868797378,1.5277937634385048,0.0,0.05,0.15405767236812593,1.2668664017724949
aed,0,582,2,mastered,2,0.0,0.0,1.3434051405642464e-13,0.8447238273075776,1.2670857409615006,1.3311064311501466,1.5765365159927658,0.0,0.05,0.15405767236812593,1.2670857409615006
aed,0,583,2,mastered,2,0.0,0.0,1.2762348835360335e-13,0.8448690723173145,1.2673036084760994,1.3310374170367762,1.624504959393515,0.0,0.05,0.15405767236812593,1.2673036084760994
aed,0,584,2,mastered,2,0.0,0.0,1.2124231393592346e-13,0.8450133477391061,1.2675200216087803,1.3309698300596364,1.671709718250436,0.0,0.05,0.15405767236812593,1.2675200216087803
aed,0,585,2,mastered,2,0.0,0.0,1.151801982391272e-13,0.8451566649091412,1.267734997363827,1.3309036558961573,1.7181612796002619,0.0,0.05,0.15405767236812593,1.267734997363827
aed,0,586,2,mastered,2,0.0,0.0,1.0942118832717095e-13,0.8452990349756182,1.2679485524635368,1.3308388803789943,1.7638699947197167,0.0,0.05,0.15405767236812593,1.2679485524635368
aed,0,587,2,mastered,2,0.0,0.0,1.0395012891081204e-13,0.8454404689027593,1.2681607033542428,1.3307754894938706,1.8088460809121474,0.0,0.05,0.15405767236812593,1.2681607033542428
aed,0,588,2,mastered,2,0.0,0.0,9.875262246527148e-14,0.845580977474729,1.2683714662121923,1.3307134693774623,1.853099623268296,0.0,0.05,0.15405767236812593,1.2683714662121923
aed,0,589,2,mastered,2,0.0,0.0,9.3814991342008e-14,0.8457205712994506,1.2685808569492698,1.3306528063153211,1.8966405764016643,0.0,0.05,0.15405767236812593,1.2685808569492698
aed,0,590,2,mastered,2,0.0,0.0,8.912424177490752e-14,0.8458592608123168,1.2687888912185643,1.3305934867398375,1.9394787661589208,0.0,0.05,0.15405767236812593,1.2687888912185643
aed,0,591,2,mastered,2,0.0,0.0,8.46680296861623e-14,0.8459970562798186,1.2689955844198124,1.3305354972282373,1.9816238913057564,0.0,0.05,0.15405767236812593,1.2689955844198124
aed,0,592,2,mastered,2,0.0,0.0,8.043462820185412e-14,0.8461339678030706,1.2692009517046863,1.3304788245006196,2.023085525188632,0.0,0.05,0.15405767236812593,1.2692009517046863
aed,0,593,2,mastered,2,0.0,0.0,7.641289679176135e-14,0.8462700053212419,1.2694050079819392,1.3304234554180263,2.063873117372833,0.0,0.05,0.15405767236812593,1.2694050079819392
aed,0,594,2,mastered,2,0.0,0.0,7.259225195217339e-14,0.846405178614916,1.2696077679224467,1.3303693769805485,2.1039959952572067,0.0,0.05,0.15405767236812593,1.2696077679224467
aed,0,595,2,mastered,2,0.0,0.0,6.896263935456463e-14,0.8465394973093501,1.2698092459640942,1.3303165763254663,2.1434633656660065,0.0,0.05,0.15405767236812593,1.2698092459640942
aed,0,596,2,mastered,2,0.0,0.0,6.551450738683653e-14,0.8466729708776598,1.2700094563165552,1.3302650407254217,2.1822843164182126,0.0,0.05,0.15405767236812593,1.2700094563165552
aed,0,597,2,mastered,2,0.0,0.0,6.223878201749461e-14,0.8468056086439265,1.2702084129659519,1.3302147575866246,2.2204678178747033,0.0,0.05,0.15405767236812593,1.2702084129659519
aed,0,598,2,mastered,2,0.0,0.0,5.912684291661994e-14,0.846937419786216,1.270406129679383,1.3301657144470882,2.258022724463661,0.0,0.05,0.15405767236812593,1.270406129679383
aed,0,599,2,mastered,2,0.0,0.0,5.6170500770788784e-14,0.8470684133395399,1.270602620009366,1.3301178989748996,2.294957776184558,0.0,0.05,0.15405767236812593,1.270602620009366
aed,0,600,2,mastered,2,0.0,0.0,5.3361975732249334e-14,0.8471985981987235,1.2707978972981384,1.330071298966516,2.3312816000910903,0.0,0.05,0.15405767236812593,1.2707978972981384
aed,0,601,2,mastered,2,0.0,0.0,5.069387694563692e-14,0.8473279831212226,1.2709919746818845,1.3300259023450929,2.3670027117533876,0.0,0.05,0.15405767236812593,1.2709919746818845
aed,0,602,2,mastered,2,0.0,0.0,4.815918309835507e-14,0.8474565767298541,1.2711848650948292,1.3299816971588414,2.4021295166998655,0.0,0.05,0.15405767236812593,1.2711848650948292
aed,0,603,2,mastered,2,0.0,0.0,4.57512239434374e-14,0.8475843875154755,1.271376581273259,1.3299386715794135,2.4366703118390216,0.0,0.05,0.15405767236812593,1.271376581273259
aed,0,604,2,mastered,2,0.0,0.0,4.3463662746265454e-14,0.8477114238395856,1.271567135759422,1.3298968139003136,2.470633286861523,0.0,0.05,0.15405767236812593,1.271567135759422
aed,0,605,2,mastered,2,0.0,0.0,4.1290479608952216e-14,0.8478376939368739,1.2717565409053522,1.3298561125353388,2.504026525622894,0.0,0.05,0.15405767236812593,1.2717565409053522
aed,0,606,2,mastered,2,0.0,0.0,3.9225955628504646e-14,0.8479632059176989,1.2719448088765877,1.329816556017045,2.5368580075071225,0.0,0.05,0.15405767236812593,1.2719448088765877
aed,0,607,2,mastered,2,0.0,0.0,3.726465784707932e-14,0.8480879677705169,1.2721319516558127,1.3297781329952387,2.569135608771477,0.0,0.05,0.15405767236812593,1.2721319516558127
aed,0,608,2,mastered,2,0.0,0.0,3.540142495472544e-14,0.8482119873642433,1.2723179810464003,1.3297408322354947,2.600867103872856,0.0,0.05,0.15405767236812593,1.2723179810464003
aed,0,609,2,mastered,2,0.0,0.0,3.3631353706989115e-14,0.8483352724505657,1.2725029086758821,1.3297046426176966,2.632060166775942,0.0,0.05,0.15405767236812593,1.2725029086758821
aed,0,610,2,mastered,2,0.0,0.0,3.1949786021639685e-14,0.8484578306661963,1.2726867459993265,1.3296695531346048,2.662722372243461,0.0,0.05,0.15405767236812593,1.2726867459993265
aed,0,611,2,mastered,2,0.0,0.0,3.0352296720557726e-14,0.8485796695350777,1.272869504302647,1.3296355528904449,2.692861197108824,0.0,0.05,0.15405767236812593,1.272869504302647
aed,0,612,2,mastered,2,0.0,0.0,2.883468188452979e-14,0.8487007964705258,1.2730511947058174,1.3296026310995217,2.7224840215314403,0.0,0.05,0.15405767236812593,1.2730511947058174
aed,0,613,2,mastered,2,0.0,0.0,2.739294779030335e-14,0.8488212187773443,1.2732318281660437,1.3295707770848542,2.751598130234936,0.0,0.05,0.15405767236812593,1.2732318281660437
aed,0,614,2,mastered,2,0.0,0.0,2.6023300400788102e-14,0.8489409436538572,1.2734114154808118,1.329539980276834,2.780210713728609,0.0,0.05,0.15405767236812593,1.2734114154808118
aed,0,615,2,mastered,2,0.0,0.0,2.4722135380748772e-14,0.8490599781939312,1.2735899672909214,1.3295102302119044,2.808328869512306,0.0,0.05,0.15405767236812593,1.2735899672909214
aed,0,616,2,mastered,2,0.0,0.0,2.3486028611711288e-14,0.849178329388922,1.2737674940834065,1.329481516531262,2.8359596032650387,0.0,0.05,0.15405767236812593,1.2737674940834065
aed,0,617,2,mastered,2,0.0,0.0,2.23117271811257e-14,0.8492960041295917,1.2739440061944098,1.3294538289795776,2.863109830017556,0.0,0.05,0.15405767236812593,1.2739440061944098
aed,0,618,2,mastered,2,0.0,0.0,2.1196140822069414e-14,0.8494130092079787,1.2741195138119892,1.3294271574037397,2.8897863753091313,0.0,0.05,0.15405767236812593,1.2741195138119892
aed,0,619,2,mastered,2,0.0,0.0,2.0136333780965986e-14,0.8495293513192259,1.2742940269788592,1.3294014917516153,2.915995976328796,0.0,0.05,0.15405767236812593,1.2742940269788592
aed,0,620,2,mastered,2,0.0,0.0,1.912951709191769e-14,0.8496450370633578,1.2744675555950558,1.3293768220708324,2.9417452830412847,0.0,0.05,0.15405767236812593,1.2744675555950558
aed,0,621,2,mastered,2,0.0,0.0,1.8173041237321762e-14,0.8497600729470417,1.2746401094205808,1.3293531385075812,2.9670408592978723,0.0,0.05,0.15405767236812593,1.2746401094205808
aed,0,622,2,mastered,2,0.0,0.0,1.726438917545567e-14,0.8498744653852779,1.2748116980779343,1.329330431305433,2.9918891839323924,0.0,0.05,0.15405767236812593,1.2748116980779343
aed,0,623,2,mastered,2,0.0,0.0,1.6401169716682905e-14,0.849988220703077,1.274982331054632,1.3293086908041791,3.0162966518426155,0.0,0.05,0.15405767236812593,1.274982331054632
aed,0,624,2,mastered,2,0.0,0.0,1.5581111230848775e-14,0.8501013451370898,1.2751520177056501,1.3292879074386865,3.040269575057226,0.0,0.05,0.15405767236812593,1.2751520177056501
aed,0,625,2,mastered,2,0.0,0.0,1.480205566930631e-14,0.8502138448371959,1.2753207672558087,1.3292680717377723,3.0638141837886175,0.0,0.05,0.15405767236812593,1.2753207672558087
aed,0,626,2,mastered,2,0.0,0.0,1.4061952885841011e-14,0.8503257258680746,1.275488588802126,1.329249174323094,3.0869366274716996,0.0,0.05,0.15405767236812593,1.275488588802126
aed,0,627,2,mastered,2,0.0,0.0,1.3358855241548948e-14,0.8504369942107202,1.2756554913160936,1.3292312059080589,3.1096429757889483,0.0,0.05,0.15405767236812593,1.2756554913160936
aed,0,628,2,mastered,2,0.0,0.0,1.2690912479471483e-14,0.8505476557639383,1.27582148364592,1.3292141572967482,3.131939219681887,0.0,0.05,0.15405767236812593,1.27582148364592
aed,0,629,2,mastered,2,0.0,0.0,1.2056366855497929e-14,0.8506577163458041,1.2759865745187182,1.3291980193828579,3.1538312723492075,0.0,0.05,0.15405767236812593,1.2759865745187182
aed,0,630,2,mastered,2,0.0,0.0,1.1453548512723045e-14,0.8507671816950909,1.276150772542648,1.3291827831486567,3.175324970231724,0.0,0.05,0.15405767236812593,1.276150772542648
aed,0,631,2,mastered,2,0.0,0.0,1.0880871087086888e-14,0.8508760574726666,1.2763140862090108,1.3291684396639585,3.1964260739843544,0.0,0.05,0.15405767236812593,1.2763140862090108
aed,0,632,2,mastered,2,0.0,0.0,1.0336827532732543e-14,0.8509843492628617,1.276476523894303,1.3291549800851101,3.217140269435318,0.0,0.05,0.15405767236812593,1.276476523894303
aed,0,633,2,mastered,2,0.0,0.0,9.819986156095901e-15,0.8510920625747982,1.276638093862207,1.3291423956539956,3.2374731685327536,0.0,0.05,0.15405767236812593,1.276638093862207
aed,0,634,1,puzzle,0,0.0,0.0,9.328986848291126e-15,0.8438412829126801,1.2657619243690295,1.3290754932975708,3.268412005775967,0.0,0.05,0.15405767236812593,1.2657619243690295
aed,0,635,1,puzzle,2,1.0,0.0,8.862537505876547e-15,0.9683871037086749,1.4525806555630212,1.3299430191088981,3.235727885718207,0.0,0.05,0.15405767236812593,2.452580655563021
aed,0,636,1,puzzle,2,1.0,0.0,8.419410630582739e-15,0.9684079133491473,1.4526118700237294,1.3308063633634721,3.203370606861025,0.0,0.05,0.15405767236812593,2.4526118700237296
aed,0,637,1,puzzle,2,1.0,0.0,7.998440099053585e-15,0.968428629238462,1.4526429438577009,1.3316655462659435,3.1713369007924146,0.0,0.05,0.15405767236812593,2.452642943857701
aed,0,638,1,puzzle,2,1.0,0.0,7.598518094100922e-15,0.9684492521138829,1.452673878170832,1.3325205879254678,3.1396235317844905,0.0,0.05,0.15405767236812593,2.452673878170832
aed,0,639,1,puzzle,2,1.0,0.0,7.218592189395855e-15,0.9684697827044515,1.4527046740566847,1.3333715083561237,3.1082272964666458,0.0,0.05,0.15405767236812593,2.452704674056685
aed,0,640,1,puzzle,2,1.0,0.0,6.857662579926071e-15,0.9684902217311124,1.4527353325966754,1.3342183274773265,3.0771450235019793,0.0,0.05,0.15405767236812593,2.452735332596675
aed,0,641,1,puzzle,2,1.0,0.0,6.514779450929775e-15,0.9685105699068242,1.4527658548602427,1.3350610651142412,3.0463735732669592,0.0,0.05,0.15405767236812593,2.4527658548602425
aed,0,642,1,puzzle,2,1.0,0.0,6.18904047838327e-15,0.9685308279366759,1.45279624190502,1.3358997409981952,3.0159098375342897,0.0,0.05,0.15405767236812593,2.4527962419050198
aed,0,643,1,puzzle,2,1.0,0.0,5.879588454464113e-15,0.9685509965179989,1.4528264947770042,1.3367343747670895,2.985750739158947,0.0,0.05,0.15405767236812593,2.452826494777004
aed,0,644,1,puzzle,2,1.0,0.0,5.5856090317409165e-15,0.9685710763404775,1.4528566145107218,1.3375649859658076,2.9558932317673574,0.0,0.05,0.15405767236812593,2.452856614510722
aed,0,645,1,puzzle,2,1.0,0.0,5.3063285801538656e-15,0.9685910680862547,1.4528866021293874,1.3383915940466256,2.926334299449684,0.0,0.05,0.15405767236812593,2.4528866021293876
aed,0,646,1,puzzle,2,1.0,0.0,5.04101215114617e-15,0.9686109724300427,1.4529164586450691,1.3392142183696178,2.897070956455187,0.0,0.05,0.15405767236812593,2.452916458645069
aed,0,647,1,puzzle,2,1.0,0.0,4.7889615435888676e-15,0.9686307900392233,1.4529461850588397,1.340032878203064,2.868100246890635,0.0,0.05,0.15405767236812593,2.4529461850588397
aed,0,648,1,puzzle,2,1.0,0.0,4.549513466409425e-15,0.9686505215739539,1.4529757823609353,1.3408475927238532,2.8394192444217285,0.0,0.05,0.15405767236812593,2.4529757823609355
aed,0,649,1,puzzle,2,1.0,0.0,4.322037793088954e-15,0.9686701676872679,1.453005251530906,1.3416583810178886,2.811025051977511,0.0,0.05,0.15405767236812593,2.453005251530906
aed,0,650,2,mastered,1,0.0,0.0,4.105935903434496e-15,0.970427062010707,1.4556405930160645,1.3424782920778795,2.782914801457736,0.0,0.05,0.15405767236812593,1.4556405930160645
aed,0,651,1,puzzle,0,0.0,0.0,3.900639108262772e-15,0.8416476606396852,1.2624714909595318,1.3423282580722877,2.8349424205559144,0.0,0.05,0.15405767236812593,1.2624714909595318
aed,0,652,1,puzzle,2,1.0,0.0,3.705607152849632e-15,0.9704458031238955,1.455668704685847,1.3431449603053554,2.8065929963503553,0.0,0.05,0.15405767236812593,2.4556687046858467
aed,0,653,1,puzzle,2,1.0,0.0,3.520326795207157e-15,0.9704644633649777,1.4556966950474701,1.343957718979066,2.7785270663868515,0.0,0.05,0.15405767236812593,2.45569669504747
aed,0,654,1,puzzle,2,1.0,0.0,3.3443104554467943e-15,0.9704830433428321,1.4557245650142514,1.3447665532092417,2.750741795722983,0.0,0.05,0.15405767236812593,2.4557245650142514
aed,0,655,1,puzzle,2,1.0,0.0,3.177094932674462e-15,0.9705015436598418,1.4557523154897658,1.3455714820206441,2.7232343777657535,0.0,0.05,0.15405767236812593,2.455752315489766
aed,0,656,1,puzzle,2,1.0,0.0,3.0182401860407378e-15,0.9705199649119796,1.4557799473679724,1.3463725243473808,2.696002033988096,0.0,0.05,0.15405767236812593,2.4557799473679722
aed,0,657,1,puzzle,2,1.0,0.0,2.867328176738694e-15,0.9705383076889016,1.4558074615333554,1.3471696990333106,2.669042013648215,0.0,0.05,0.15405767236812593,2.4558074615333556
aed,0,658,1,puzzle,2,1.0,0.0,2.723961767901761e-15,0.9705565725740288,1.455834858861046,1.3479630248324492,2.6423515935117328,0.0,0.05,0.15405767236812593,2.4558348588610457
aed,0,659,1,puzzle,2,1.0,0.0,2.587763679506675e-15,0.9705747601446343,1.455862140216954,1.3487525204093715,2.6159280775766156,0.0,0.05,0.15405767236812593,2.4558621402169543
aed,0,660,1,puzzle,2,1.0,0.0,2.4583754955313384e-15,0.9705928709719251,1.4558893064578902,1.349538204339614,2.5897687968008496,0.0,0.05,0.15405767236812593,2.45588930645789
aed,0,661,1,puzzle,2,1.0,0.0,2.3354567207547727e-15,0.9706109056211291,1.455916358431696,1.3503200951100744,2.563871108832841,0.0,0.05,0.15405767236812593,2.455916358431696
aed,0,662,1,puzzle,2,1.0,0.0,2.218683884717034e-15,0.9706288646515703,1.4559432969773576,1.3510982111194108,2.5382323977445127,0.0,0.05,0.15405767236812593,2.455943296977358
aed,0,663,1,puzzle,2,1.0,0.0,2.1077496904811827e-15,0.9706467486167504,1.4559701229251276,1.3518725706784394,2.5128500737670674,0.0,0.05,0.15405767236812593,2.4559701229251276
aed,0,664,1,puzzle,2,1.0,0.0,2.0023622059571195e-15,0.9706645580644284,1.4559968370966445,1.3526431920105304,2.487721573029397,0.0,0.05,0.15405767236812593,2.4559968370966443
aed,0,665,1,puzzle,2,1.0,0.0,1.9022440956592644e-15,0.9706822935366968,1.4560234403050472,1.353410093252003,2.462844357299103,0.0,0.05,0.15405767236812593,2.456023440305047
aed,0,666,1,puzzle,2,1.0,0.0,1.8071318908763025e-15,0.9706999555700546,1.4560499333550836,1.3541732924525185,2.4382159137261117,0.0,0.05,0.15405767236812593,2.4560499333550836
aed,0,667,1,puzzle,2,1.0,0.0,1.7167752963324858e-15,0.970717544695487,1.4560763170432323,1.354932807575472,2.4138337545888504,0.0,0.05,0.15405767236812593,2.456076317043232
aed,0,668,1,puzzle,2,1.0,0.0,1.6309365315158643e-15,0.9707350614385344,1.456102592157803,1.3556886564983839,2.389695417042962,0.0,0.05,0.15405767236812593,2.4561025921578032
aed,0,669,1,puzzle,2,1.0,0.0,1.5493897049400708e-15,0.9707525063193656,1.45612875947905,1.3564408570132873,2.3657984628725326,0.0,0.05,0.15405767236812593,2.45612875947905
aed,0,670,1,puzzle,2,1.0,0.0,1.4719202196930673e-15,0.9707698798528467,1.4561548197792715,1.3571894268271172,2.3421404782438073,0.0,0.05,0.15405767236812593,2.4561548197792717
aed,0,671,1,puzzle,2,1.0,0.0,1.3983242087084133e-15,0.970787182548618,1.4561807738229282,1.3579343835620963,2.318719073461369,0.0,0.05,0.15405767236812593,2.456180773822928
aed,0,672,1,puzzle,2,1.0,0.0,1.3284079982729928e-15,0.9708044149111511,1.456206622366728,1.3586757447561193,2.2955318827267557,0.0,0.05,0.15405767236812593,2.456206622366728
aed,0,673,1,puzzle,2,1.0,0.0,1.261987598359344e-15,0.9708215774398296,1.4562323661597456,1.3594135278631374,2.272576563899488,0.0,0.05,0.15405767236812593,2.4562323661597456
aed,0,674,1,puzzle,2,1.0,0.0,1.1988882184413737e-15,0.970838670629003,1.4562580059435055,1.360147750253539,2.249850798260493,0.0,0.05,0.15405767236812593,2.4562580059435053
aed,0,675,1,puzzle,2,1.0,0.0,1.138943807519305e-15,0.9708556949680603,1.4562835424520917,1.3608784292145317,2.227352290277888,0.0,0.05,0.15405767236812593,2.4562835424520917
aed,0,676,1,puzzle,2,1.0,0.0,1.0819966171433426e-15,0.9708726509414919,1.456308976412239,1.3616055819505202,2.205078767375109,0.0,0.05,0.15405767236812593,2.456308976412239
aed,0,677,1,puzzle,2,1.0,0.0,1.0278967862861736e-15,0.9708895390289511,1.456334308543428,1.3623292255834847,2.183027979701358,0.0,0.05,0.15405767236812593,2.456334308543428
aed,0,678,1,puzzle,2,1.0,0.0,9.765019469718655e-16,0.9709063597053212,1.4563595395579827,1.3630493771533572,2.1611976999043443,0.0,0.05,0.15405767236812593,2.4563595395579827
aed,0,679,1,puzzle,2,1.0,0.0,9.276768496232707e-16,0.9709231134407721,1.456384670161159,1.3637660536183962,2.139585722905301,0.0,0.05,0.15405767236812593,2.456384670161159
aed,0,680,1,puzzle,2,1.0,0.0,8.812930071421092e-16,0.9709398007008208,1.456409701051232,1.3644792718555605,2.1181898656762477,0.0,0.05,0.15405767236812593,2.456409701051232
aed,0,681,1,puzzle,2,1.0,0.0,8.372283567850036e-16,0.970956421946393,1.4564346329195903,1.3651890486608806,2.097007967019485,0.0,0.05,0.15405767236812593,2.4564346329195903
aed,0,682,1,puzzle,2,1.0,0.0,7.95366938945752e-16,0.9709729776338837,1.4564594664508264,1.3658954007498303,2.07603788734929,0.0,0.05,0.15405767236812593,2.456459466450826
aed,0,683,1,puzzle,2,1.0,0.0,7.555985919984657e-16,0.9709894682152085,1.4564842023228135,1.3665983447576953,2.055277508475797,0.0,0.05,0.15405767236812593,2.4564842023228133
aed,0,684,1,puzzle,2,1.0,0.0,7.178186623985416e-16,0.9710058941378648,1.4565088412067977,1.3672978972399408,2.0347247333910388,0.0,0.05,0.15405767236812593,2.456508841206798
aed,0,685,1,puzzle,2,1.0,0.0,6.819277292786151e-16,0.9710222558449881,1.4565333837674828,1.3679940746725785,2.0143774860571284,0.0,0.05,0.15405767236812593,2.456533383767483
aed,0,686,1,puzzle,2,1.0,0.0,6.47831342814684e-16,0.9710385537754027,1.4565578306631048,1.3686868934525311,1.9942337111965571,0.0,0.05,0.15405767236812593,2.4565578306631046
aed,0,687,1,puzzle,2,1.0,0.0,6.154397756739503e-16,0.9710547883636803,1.4565821825455212,1.3693763698979962,1.9742913740845915,0.0,0.05,0.15405767236812593,2.456582182545521
aed,0,688,1,puzzle,2,1.0,0.0,5.846677868902516e-16,0.9710709600401921,1.4566064400602887,1.3700625202488077,1.9545484603437455,0.0,0.05,0.15405767236812593,2.4566064400602885
aed,0,689,1,puzzle,2,1.0,0.0,5.554343975457398e-16,0.971087069231158,1.4566306038467376,1.3707453606667974,1.935002975740308,0.0,0.05,0.15405767236812593,2.4566306038467376
aed,0,690,1,puzzle,2,1.0,0.0,5.276626776684521e-16,0.9711031163587021,1.4566546745380535,1.3714249072361535,1.9156529459829048,0.0,0.05,0.15405767236812593,2.4566546745380533
aed,0,691,1,puzzle,2,1.0,0.0,5.012795437850298e-16,0.9711191018409044,1.456678652761357,1.3721011759637796,1.8964964165230758,0.0,0.05,0.15405767236812593,2.456678652761357
aed,0,692,1,puzzle,2,1.0,0.0,4.762155665957777e-16,0.9711350260918452,1.4567025391377681,1.3727741827796496,1.877531452357845,0.0,0.05,0.15405767236812593,2.456702539137768
aed,0,693,1,puzzle,2,1.0,0.0,4.52404788265989e-16,0.9711508895216594,1.4567263342824894,1.3734439435371637,1.8587561378342665,0.0,0.05,0.15405767236812593,2.4567263342824894
aed,0,694,1,puzzle,2,1.0,0.0,4.297845488526906e-16,0.9711666925365865,1.4567500388048802,1.3741104740135022,1.840168576455924,0.0,0.05,0.15405767236812593,2.45675003880488
aed,0,695,1,puzzle,2,1.0,0.0,4.0829532141005495e-16,0.9711824355390105,1.4567736533085163,1.3747737899099772,1.8217668906913647,0.0,0.05,0.15405767236812593,2.4567736533085163
aed,0,696,1,puzzle,2,1.0,0.0,3.8788055533955197e-16,0.9711981189275165,1.4567971783912752,1.3754339068523838,1.803549221784451,0.0,0.05,0.15405767236812593,2.456797178391275
aed,0,697,1,puzzle,2,1.0,0.0,3.6848652757257524e-16,0.9712137430969303,1.456820614645396,1.3760908403913488,1.7855137295666066,0.0,0.05,0.15405767236812593,2.456820614645396
aed,0,698,1,puzzle,2,1.0,0.0,3.500622011939461e-16,0.9712293084383667,1.4568439626575507,1.3767446060026798,1.7676585922709405,0.0,0.05,0.15405767236812593,2.4568439626575507
aed,0,699,1,puzzle,2,1.0,0.0,3.3255909113424885e-16,0.9712448153392763,1.4568672230089146,1.377395219087711,1.749982006348231,0.0,0.05,0.15405767236812593,2.4568672230089144
aed,0,700,1,puzzle,2,1.0,0.0,3.159311365775366e-16,0.9712602641834877,1.4568903962752318,1.3780426949736486,1.7324821862847486,0.0,0.05,0.15405767236812593,2.4568903962752318
aed,0,701,1,puzzle,2,1.0,0.0,3.001345797486598e-16,0.9712756553512492,1.456913483026874,1.3786870489139147,1.7151573644219011,0.0,0.05,0.15405767236812593,2.4569134830268737
aed,0,702,1,puzzle,2,1.0,0.0,2.8512785076122667e-16,0.9712909892192769,1.4569364838289156,1.3793282960884896,1.6980057907776822,0.0,0.05,0.15405767236812593,2.4569364838289154
aed,0,703,1,puzzle,2,1.0,0.0,2.708714582231651e-16,0.9713062661607934,1.4569593992411904,1.3799664516042531,1.6810257328699054,0.0,0.05,0.15405767236812593,2.4569593992411907
aed,0,704,1,puzzle,2,1.0,0.0,2.573278853120073e-16,0.9713214865455712,1.456982229818357,1.3806015304953236,1.6642154755412064,0.0,0.05,0.15405767236812593,2.4569822298183572
aed,0,705,1,puzzle,2,1.0,0.0,2.444614910464064e-16,0.9713366507399734,1.4570049761099604,1.3812335477233968,1.6475733207857943,0.0,0.05,0.15405767236812593,2.4570049761099604
aed,0,706,1,puzzle,2,1.0,0.0,2.322384164940863e-16,0.9713517591069929,1.4570276386604897,1.3818625181780824,1.6310975875779363,0.0,0.05,0.15405767236812593,2.45702763866049
aed,0,707,1,puzzle,2,1.0,0.0,2.2062649566938204e-16,0.9713668120062974,1.4570502180094462,1.382488456677239,1.614786611702157,0.0,0.05,0.15405767236812593,2.4570502180094462
aed,0,708,1,puzzle,2,1.0,0.0,2.0959517088591306e-16,0.9713818097942608,1.4570727146913913,1.3831113779673097,1.5986387455851354,0.0,0.05,0.15405767236812593,2.4570727146913915
aed,0,709,1,puzzle,2,1.0,0.0,1.9911541234161685e-16,0.9713967528240083,1.4570951292360126,1.383731296723653,1.582652358129284,0.0,0.05,0.15405767236812593,2.457095129236013
aed,0,710,1,puzzle,2,1.0,0.0,1.891596417245361e-16,0.9714116414454566,1.457117462168185,1.3843482275508756,1.566825834547991,0.0,0.05,0.15405767236812593,2.457117462168185
aed,0,711,1,puzzle,2,1.0,0.0,1.7970165963830948e-16,0.9714264760053422,1.4571397140080136,1.3849621849831613,1.5511575762025112,0.0,0.05,0.15405767236812593,2.4571397140080133
aed,0,712,1,puzzle,2,1.0,0.0,1.7071657665639409e-16,0.9714412568472695,1.4571618852709045,1.3855731834846001,1.535646000440486,0.0,0.05,0.15405767236812593,2.4571618852709047
aed,0,713,1,puzzle,2,1.0,0.0,1.6218074782357424e-16,0.9714559843117361,1.4571839764676044,1.3861812374495153,1.520289540436081,0.0,0.05,0.15405767236812593,2.4571839764676042
aed,0,714,1,puzzle,2,1.0,0.0,1.5407171043239541e-16,0.9714706587361824,1.4572059881042738,1.386786361202789,1.5050866450317202,0.0,0.05,0.15405767236812593,2.457205988104274
aed,0,715,1,puzzle,2,1.0,0.0,1.4636812491077588e-16,0.9714852804550167,1.4572279206825252,1.387388569000188,1.490035778581403,0.0,0.05,0.15405767236812593,2.4572279206825254
aed,0,716,1,puzzle,2,1.0,0.0,1.390497186652369e-16,0.9714998497996533,1.4572497746994801,1.3879878750286845,1.475135420795589,0.0,0.05,0.15405767236812593,2.45724977469948
aed,0,717,1,puzzle,2,1.0,0.0,1.3209723273197522e-16,0.9715143670985463,1.4572715506478198,1.3885842934067802,1.460384066587633,0.0,0.05,0.15405767236812593,2.4572715506478198
aed,0,718,1,puzzle,2,1.0,0.0,1.2549237109537632e-16,0.9715288326772271,1.457293249015841,1.3891778381848254,1.4457802259217567,0.0,0.05,0.15405767236812593,2.457293249015841
aed,0,719,1,puzzle,2,1.0,0.0,1.192177525406074e-16,0.971543246858338,1.4573148702875074,1.389768523345339,1.431322423662539,0.0,0.05,0.15405767236812593,2.457314870287507
aed,0,720,1,puzzle,2,1.0,0.0,1.132568649135771e-16,0.9715576099616582,1.4573364149424874,1.3903563628033246,1.4170091994259135,0.0,0.05,0.15405767236812593,2.4573364149424872
aed,0,721,1,puzzle,2,1.0,0.0,1.0759402166789838e-16,0.9715719223041451,1.4573578834562178,1.390941370406589,1.4028391074316544,0.0,0.05,0.15405767236812593,2.4573578834562175
aed,0,722,1,puzzle,2,1.0,0.0,1.0221432058450348e-16,0.9715861841999626,1.4573792762999438,1.3915235599360558,1.3888107163573378,0.0,0.05,0.15405767236812593,2.457379276299944
aed,0,723,1,puzzle,2,1.0,0.0,9.710360455527817e-17,0.971600395960511,1.4574005939407664,1.3921029451060793,1.3749226091937643,0.0,0.05,0.15405767236812593,2.4574005939407666
aed,0,724,1,puzzle,2,1.0,0.0,9.224842432751438e-17,0.9716145578944629,1.4574218368416945,1.3926795395647573,1.3611733831018267,0.0,0.05,0.15405767236812593,2.4574218368416947
aed,0,725,1,puzzle,2,1.0,0.0,8.763600311113854e-17,0.9716286703077938,1.4574430054616907,1.393253356894242,1.3475616492708085,0.0,0.05,0.15405767236812593,2.4574430054616907
aed,0,726,1,puzzle,2,1.0,0.0,8.325420295558172e-17,0.9716427335038058,1.4574641002557087,1.3938244106110493,1.3340860327781003,0.0,0.05,0.15405767236812593,2.4574641002557085
aed,0,727,1,puzzle,2,1.0,0.0,7.909149280780268e-17,0.9716567477831661,1.457485121674749,1.3943927141663677,1.3207451724503194,0.0,0.05,0.15405767236812593,2.457485121674749
aed,0,728,1,puzzle,2,1.0,0.0,7.513691816741245e-17,0.9716707134439337,1.4575060701659006,1.3949582809463654,1.3075377207258163,0.0,0.05,0.15405767236812593,2.4575060701659006
aed,0,729,1,puzzle,2,1.0,0.0,7.138007225904182e-17,0.971684630781585,1.4575269461723774,1.3955211242724954,1.294462343518558,0.0,0.05,0.15405767236812593,2.4575269461723774
aed,0,730,1,puzzle,2,1.0,0.0,6.781106864608968e-17,0.9716985000890467,1.45754775013357,1.3960812574018007,1.2815177200833725,0.0,0.05,0.15405767236812593,2.4575477501335703
aed,0,731,1,puzzle,2,1.0,0.0,6.442051521378532e-17,0.9717123216567285,1.4575684824850927,1.396638693527217,1.2687025428825387,0.0,0.05,0.15405767236812593,2.457568482485093
aed,0,732,1,puzzle,2,1.0,0.0,6.119948945309593e-17,0.971726095772537,1.4575891436588055,1.397193445777875,1.2560155174537133,0.0,0.05,0.15405767236812593,2.4575891436588053
aed,0,733,1,puzzle,2,1.0,0.0,5.813951498044126e-17,0.9717398227219181,1.457609734082877,1.3977455272194,1.2434553622791762,0.0,0.05,0.15405767236812593,2.457609734082877
aed,0,734,1,puzzle,2,1.0,0.0,5.523253923141918e-17,0.9717535027878785,1.4576302541818178,1.398294950854212,1.2310208086563845,0.0,0.05,0.15405767236812593,2.457630254181818
aed,0,735,1,puzzle,2,1.0,0.0,5.247091226984813e-17,0.9717671362510121,1.4576507043765181,1.3988417296218234,1.2187106005698207,0.0,0.05,0.15405767236812593,2.457650704376518
aed,0,736,1,puzzle,2,1.0,0.0,4.9847366656355754e-17,0.9717807233895256,1.4576710850842884,1.3993858763991358,1.2065234945641226,0.0,0.05,0.15405767236812593,2.4576710850842884
aed,0,737,1,puzzle,2,1.0,0.0,4.7354998323538006e-17,0.9717942644792666,1.4576913967189,1.3999274040007346,1.1944582596184814,0.0,0.05,0.15405767236812593,2.4576913967189
aed,0,738,1,puzzle,2,1.0,0.0,4.4987248407361096e-17,0.9718077597937528,1.4577116396906291,1.400466325179184,1.1825136770222966,0.0,0.05,0.15405767236812593,2.457711639690629
aed,0,739,1,puzzle,2,1.0,0.0,4.273788598699295e-17,0.9718212096041884,1.4577318144062825,1.4010026526253194,1.1706885402520737,0.0,0.05,0.15405767236812593,2.4577318144062827
aed,0,740,1,puzzle,2,1.0,0.0,4.0600991687643393e-17,0.9718346141794988,1.4577519212692482,1.401536398968539,1.1589816548495528,0.0,0.05,0.15405767236812593,2.4577519212692485
aed,0,741,1,puzzle,2,1.0,0.0,3.8570942103261224e-17,0.9718479737863509,1.4577719606795263,1.4020675767770938,1.1473918383010573,0.0,0.05,0.15405767236812593,2.4577719606795263
aed,0,742,1,puzzle,2,1.0,0.0,3.664239499809816e-17,0.9718612886891758,1.4577919330337636,1.4025961985583772,1.1359179199180467,0.0,0.05,0.15405767236812593,2.4577919330337634
aed,0,743,1,puzzle,2,1.0,0.0,3.481027524819321e-17,0.9718745591501967,1.457811838725295,1.403122276759212,1.1245587407188662,0.0,0.05,0.15405767236812593,2.457811838725295
aed,0,744,1,puzzle,2,1.0,0.0,3.306976148578353e-17,0.9718877854294524,1.4578316781441787,1.4036458237661367,1.1133131533116776,0.0,0.05,0.15405767236812593,2.4578316781441787
aed,0,745,1,puzzle,2,1.0,0.0,3.141627341149437e-17,0.9719009677848177,1.4578514516772265,1.404166851905692,1.102180021778561,0.0,0.05,0.15405767236812593,2.4578514516772265
aed,0,746,1,puzzle,2,1.0,0.0,2.984545974091965e-17,0.9719141064720312,1.457871159708047,1.4046853734447038,1.0911582215607754,0.0,0.05,0.15405767236812593,2.4578711597080467
aed,0,747,1,puzzle,2,1.0,0.0,2.835318675387364e-17,0.9719272017447126,1.457890802617069,1.4052014005905658,1.0802466393451675,0.0,0.05,0.15405767236812593,2.4578908026170687
aed,0,748,1,puzzle,2,1.0,0.0,2.6935527416179995e-17,0.9719402538543915,1.4579103807815872,1.405714945491521,1.069444172951716,0.0,0.05,0.15405767236812593,2.457910380781587
aed,0,749,1,puzzle,2,1.0,0.0,2.5588751045370976e-17,0.9719532630505259,1.4579298945757888,1.4062260202369423,1.0587497312221987,0.0,0.05,0.15405767236812593,2.4579298945757886
aed,0,750,1,puzzle,2,1.0,0.0,2.4309313493102437e-17,0.9719662295805228,1.4579493443707843,1.4067346368576117,1.0481622339099768,0.0,0.05,0.15405767236812593,2.4579493443707845
aed,0,751,1,puzzle,2,1.0,0.0,2.3093847818447315e-17,0.9719791536897647,1.4579687305346472,1.4072408073259968,1.037680611570877,0.0,0.05,0.15405767236812593,2.457968730534647
aed,0,752,1,puzzle,0,1.0,0.0,2.1939155427524915e-17,0.9735367506766989,1.4603051260150484,1.407756128919442,1.0273038054551682,0.0,0.05,0.15405767236812593,2.460305126015048
aed,0,753,1,puzzle,2,1.0,0.0,2.0842197656148713e-17,0.9735490466454915,1.4603235699682373,1.408268966124686,1.0170307674006165,0.0,0.05,0.15405767236812593,2.4603235699682373
aed,0,754,1,puzzle,2,1.0,0.0,1.980008777334127e-17,0.9735613024982914,1.4603419537474371,1.4087793310627998,1.0068604597266102,0.0,0.05,0.15405767236812593,2.460341953747437
aed,0,755,1,puzzle,0,1.0,0.0,1.8810083384674214e-17,0.9749094603516086,1.462364190527413,1.4092972553601228,0.9967918551293441,0.0,0.05,0.15405767236812593,2.462364190527413
aed,0,756,1,puzzle,2,1.0,0.0,1.7869579215440467e-17,0.9749211821517053,1.462381773227558,1.40981267794946,0.9868239365780507,0.0,0.05,0.15405767236812593,2.462381773227558
aed,0,757,1,puzzle,2,1.0,0.0,1.6976100254668453e-17,0.9749328658080024,1.4623992987120036,1.4103256110532727,0.9769556972122702,0.0,0.05,0.15405767236812593,2.4623992987120036
aed,0,758,1,puzzle,2,1.0,0.0,1.6127295241935033e-17,0.974944511537781,1.4624167673066715,1.4108360668345397,0.9671861402401475,0.0,0.05,0.15405767236812593,2.4624167673066717
aed,0,759,1,puzzle,2,1.0,0.0,1.5320930479838303e-17,0.974956119556562,1.462434179334843,1.411344057397041,0.957514278837746,0.0,0.05,0.15405767236812593,2.462434179334843
aed,0,760,1,puzzle,2,1.0,0.0,1.455488395584637e-17,0.9749676900781274,1.4624515351171912,1.4118495947856418,0.9479391360493685,0.0,0.05,0.15405767236812593,2.462451535117191
aed,0,761,1,puzzle,2,1.0,0.0,1.3827139758054035e-17,0.9749792233145416,1.4624688349718125,1.4123526909865727,0.9384597446888748,0.0,0.05,0.15405767236812593,2.4624688349718125
aed,0,762,1,puzzle,2,1.0,0.0,1.3135782770151356e-17,0.9749907194761605,1.4624860792142407,1.412853357927711,0.929075147241986,0.0,0.05,0.15405767236812593,2.4624860792142407
aed,0,763,1,puzzle,2,1.0,0.0,1.2478993631643788e-17,0.9750021787716575,1.4625032681574863,1.41335160747886,0.9197843957695662,0.0,0.05,0.15405767236812593,2.4625032681574863
aed,0,764,1,puzzle,2,1.0,0.0,1.1855043950061599e-17,0.9750136014080403,1.4625204021120604,1.4138474514520258,0.9105865518118705,0.0,0.05,0.15405767236812593,2.4625204021120606
aed,0,765,1,puzzle,2,1.0,0.0,1.1262291752558499e-17,0.9750249875906599,1.46253748138599,1.4143409016016957,0.9014806862937518,0.0,0.05,0.15405767236812593,2.46253748138599
aed,0,766,1,puzzle,2,1.0,0.0,1.0699177164930573e-17,0.975036337523239,1.4625545062848586,1.4148319696251115,0.8924658794308142,0.0,0.05,0.15405767236812593,2.4625545062848584
aed,0,767,1,puzzle,2,1.0,0.0,1.016421830668404e-17,0.9750476514078809,1.4625714771118212,1.4153206671625451,0.8835412206365061,0.0,0.05,0.15405767236812593,2.4625714771118212
aed,0,768,1,puzzle,2,1.0,0.0,9.65600739134984e-18,0.9750589294450901,1.4625883941676352,1.4158070057975707,0.874705808430141,0.0,0.05,0.15405767236812593,2.462588394167635
aed,0,769,1,puzzle,2,1.0,0.0,9.173207021782361e-18,0.9750701718337834,1.4626052577506752,1.416290997057336,0.8659587503458396,0.0,0.05,0.15405767236812593,2.462605257750675
aed,0,770,1,puzzle,2,1.0,0.0,8.714546670693227e-18,0.9750813787713143,1.4626220681569715,1.4167726524128343,0.8572991628423812,0.0,0.05,0.15405767236812593,2.4626220681569713
aed,0,771,1,puzzle,2,1.0,0.0,8.278819337158563e-18,0.9750925504534821,1.4626388256802232,1.4172519832791712,0.8487261712139573,0.0,0.05,0.15405767236812593,2.462638825680223
aed,0,772,1,puzzle,2,1.0,0.0,7.86487837030064e-18,0.9751036870745502,1.4626555306118254,1.4177290010158345,0.8402389095018178,0.0,0.05,0.15405767236812593,2.4626555306118254
aed,0,773,1,puzzle,2,1.0,0.0,7.471634451785603e-18,0.9751147888272621,1.462672183240893,1.4182037169269597,0.8318365204067996,0.0,0.05,0.15405767236812593,2.462672183240893
aed,0,774,1,puzzle,2,1.0,0.0,7.098052729196325e-18,0.9751258559028554,1.462688783854283,1.4186761422615963,0.8235181552027315,0.0,0.05,0.15405767236812593,2.462688783854283
aed,0,775,1,puzzle,2,1.0,0.0,6.743150092736528e-18,0.975136888491078,1.462705332736617,1.4191462882139714,0.8152829736507042,0.0,0.05,0.15405767236812593,2.462705332736617
aed,0,776,1,puzzle,2,1.0,0.0,6.4059925880996865e-18,0.9751478867802047,1.462721830170307,1.419614165923753,0.8071301439141972,0.0,0.05,0.15405767236812593,2.462721830170307
aed,0,777,1,puzzle,2,1.0,0.0,6.085692958694713e-18,0.9751588509570451,1.4627382764355676,1.420079786476312,0.7990588424750552,0.0,0.05,0.15405767236812593,2.4627382764355676
aed,0,778,1,puzzle,2,1.0,0.0,5.781408310759965e-18,0.9751697812069712,1.4627546718104567,1.4205431609029826,0.7910682540503047,0.0,0.05,0.15405767236812593,2.4627546718104565
aed,0,779,1,puzzle,2,1.0,0.0,5.492337895221966e-18,0.975180677713917,1.4627710165708756,1.4210043001813222,0.7831575715098016,0.0,0.05,0.15405767236812593,2.4627710165708754
aed,0,780,1,puzzle,2,1.0,0.0,5.2177210004608675e-18,0.9751915406604023,1.4627873109906033,1.4214632152353686,0.7753259957947035,0.0,0.05,0.15405767236812593,2.4627873109906036
aed,0,781,1,puzzle,2,1.0,0.0,4.95683495043783e-18,0.975202370227544,1.462803555341316,1.4219199169358983,0.7675727358367564,0.0,0.05,0.15405767236812593,2.462803555341316
aed,0,782,1,puzzle,2,1.0,0.0,4.7089932029159424e-18,0.9752131665950727,1.462819749892609,1.422374416100682,0.7598970084783889,0.0,0.05,0.15405767236812593,2.462819749892609
aed,0,783,1,puzzle,2,1.0,0.0,4.47354354277014e-18,0.9752239299413417,1.4628358949120126,1.4228267234947387,0.752298038393605,0.0,0.05,0.15405767236812593,2.4628358949120126
aed,0,784,1,puzzle,2,1.0,0.0,4.249866365631633e-18,0.9752346604433415,1.4628519906650124,1.42327684983059,0.7447750580096689,0.0,0.05,0.15405767236812593,2.4628519906650124
aed,0,785,1,puzzle,2,1.0,0.0,4.037373047350047e-18,0.9752453582767188,1.4628680374150782,1.4237248057685126,0.7373273074295722,0.0,0.05,0.15405767236812593,2.4628680374150784
aed,0,786,1,puzzle,2,1.0,0.0,3.8355043949825494e-18,0.975256023615781,1.4628840354236714,1.4241706019167883,0.7299540343552765,0.0,0.05,0.15405767236812593,2.4628840354236714
aed,0,787,1,puzzle,2,1.0,0.0,3.643729175233415e-18,0.975266656633518,1.462899984950277,1.4246142488319558,0.7226544940117238,0.0,0.05,0.15405767236812593,2.462899984950277
aed,0,788,1,puzzle,2,1.0,0.0,3.4615427164717444e-18,0.9752772575016092,1.4629158862524139,1.425055757019058,0.7154279490716066,0.0,0.05,0.15405767236812593,2.462915886252414
aed,0,789,1,puzzle,2,1.0,0.0,3.288465580648162e-18,0.9752878263904382,1.4629317395856574,1.4254951369318911,0.7082736695808904,0.0,0.05,0.15405767236812593,2.4629317395856574
aed,0,790,1,puzzle,2,1.0,0.0,3.124042301615757e-18,0.9752983634691079,1.462947545203662,1.42593239897325,0.7011909328850815,0.0,0.05,0.15405767236812593,2.462947545203662
aed,0,791,1,puzzle,2,1.0,0.0,2.9678401865349705e-18,0.9753088689054445,1.4629633033581668,1.4263675534951745,0.6941790235562306,0.0,0.05,0.15405767236812593,2.462963303358167
aed,0,792,1,puzzle,2,1.0,0.0,2.8194481772082164e-18,0.9753193428660247,1.462979014299037,1.4268006107991937,0.6872372333206683,0.0,0.05,0.15405767236812593,2.4629790142990373
aed,0,793,1,puzzle,2,1.0,0.0,2.6784757683478084e-18,0.9753297855161711,1.4629946782742567,1.427231581136569,0.6803648609874616,0.0,0.05,0.15405767236812593,2.4629946782742564
aed,0,794,1,puzzle,2,1.0,0.0,2.544551979930414e-18,0.9753401970199762,1.4630102955299642,1.427660474708536,0.673561212377587,0.0,0.05,0.15405767236812593,2.463010295529964
aed,0,795,1,puzzle,2,1.0,0.0,2.417324380933897e-18,0.9753505775403098,1.4630258663104647,1.4280873016665456,0.6668256002538112,0.0,0.05,0.15405767236812593,2.4630258663104647
aed,0,796,1,puzzle,2,1.0,0.0,2.296458161887202e-18,0.9753609272388315,1.4630413908582471,1.4285120721125042,0.6601573442512731,0.0,0.05,0.15405767236812593,2.463041390858247
aed,0,797,1,puzzle,2,1.0,0.0,2.1816352537928426e-18,0.9753712462760024,1.4630568694140036,1.4289347960990118,0.6535557708087604,0.0,0.05,0.15405767236812593,2.463056869414004
aed,0,798,1,puzzle,2,1.0,0.0,2.0725534911031955e-18,0.9753815348110951,1.4630723022166428,1.4293554836295999,0.6470202131006728,0.0,0.05,0.15405767236812593,2.4630723022166428
aed,0,799,1,puzzle,2,1.0,0.0,1.9689258165480376e-18,0.9753917930022069,1.4630876895033103,1.4297741446589682,0.6405500109696661,0.0,0.05,0.15405767236812593,2.4630876895033103
aed,0,800,1,puzzle,2,1.0,0.0,1.8704795257206336e-18,0.9754020210062714,1.4631030315094071,1.4301907890932204,0.6341445108599695,0.0,0.05,0.15405767236812593,2.463103031509407
aed,0,801,1,puzzle,2,1.0,0.0,1.776955549434602e-18,0.9754122189790673,1.463118328468601,1.4306054267900974,0.6278030657513698,0.0,0.05,0.15405767236812593,2.463118328468601
aed,0,802,1,puzzle,2,1.0,0.0,1.6881077719628706e-18,0.9754223870752309,1.4631335806128463,1.431018067559211,0.621525035093856,0.0,0.05,0.15405767236812593,2.4631335806128463
aed,0,803,1,puzzle,2,1.0,0.0,1.6037023833647301e-18,0.9754325254482693,1.463148788172404,1.431428721162277,0.6153097847429174,0.0,0.05,0.15405767236812593,2.463148788172404
aed,0,804,1,puzzle,2,1.0,0.0,1.5235172641964958e-18,0.975442634250565,1.4631639513758474,1.4318373973133447,0.6091566868954882,0.0,0.05,0.15405767236812593,2.463163951375847
aed,0,805,1,puzzle,2,1.0,0.0,1.4473414009866694e-18,0.9754527136333897,1.4631790704500847,1.4322441056790285,0.6030651200265333,0.0,0.05,0.15405767236812593,2.4631790704500847
aed,0,806,2,mastered,1,0.0,0.0,1.3749743309373352e-18,0.9766150801459963,1.4649226202189944,1.4326574982517282,0.597034468826268,0.0,0.05,0.15405767236812593,1.4649226202189944
aed,0,807,2,mastered,2,0.0,0.0,1.3062256143904695e-18,0.8417661466593769,1.2626492199890653,1.4320574568604147,0.7604723610093548,0.0,0.05,0.15405767236812593,1.2626492199890653
aed,0,808,2,mastered,2,0.0,0.0,1.2409143336709437e-18,0.8418839998543555,1.2628259997815332,1.4314612995750202,0.9215029371927482,0.0,0.05,0.15405767236812593,1.2628259997815332
aed,0,809,1,puzzle,1,0.0,0.0,1.1788686169873973e-18,0.8420374387602506,1.2630561581403759,1.430869273867847,1.0801010235482917,0.0,0.05,0.15405767236812593,1.2630561581403759
aed,0,810,1,puzzle,2,1.0,0.0,1.1199251861380274e-18,0.976624761033934,1.4649371415509012,1.4312896132062622,1.0693000133128088,0.0,0.05,0.15405767236812593,2.464937141550901
aed,0,811,1,puzzle,2,1.0,0.0,1.0639289268311256e-18,0.9766344138039733,1.46495162070596,1.4317079232437608,1.0586070131796808,0.0,0.05,0.15405767236812593,2.46495162070596
aed,0,812,1,puzzle,2,1.0,0.0,1.0107324804895692e-18,0.976644038599223,1.4649660578988346,1.4321242139170363,1.048020943047884,0.0,0.05,0.15405767236812593,2.4649660578988346
aed,0,813,1,puzzle,2,1.0,0.0,9.601958564650921e-19,0.9766536355617627,1.464980453342644,1.4325384951141642,1.0375407336174052,0.0,0.05,0.15405767236812593,2.464980453342644
aed,0,814,1,puzzle,2,1.0,0.0,9.121860636418353e-19,0.9766632048326402,1.4649948072489605,1.4329507766748382,1.027165326281231,0.0,0.05,0.15405767236812593,2.4649948072489605
aed,0,815,1,puzzle,2,1.0,0.0,8.665767604597439e-19,0.9766727465518942,1.4650091198278412,1.433361068390603,1.0168936730184186,0.0,0.05,0.15405767236812593,2.465009119827841
aed,0,816,2,mastered,1,0.0,0.0,8.232479224367568e-19,0.9777008066745756,1.4665512100118634,1.4337770190987094,1.0067247362882343,0.0,0.05,0.15405767236812593,1.4665512100118634
aed,0,817,2,mastered,2,0.0,0.0,7.820855263149192e-19,0.8421571513131034,1.263235726969655,1.433174312638064,1.1665960745937611,0.0,0.05,0.15405767236812593,1.263235726969655
aed,0,818,2,mastered,2,0.0,0.0,7.429812499991743e-19,0.8422762265811989,1.2634143398717983,1.4325755127742328,1.324091286750258,0.0,0.05,0.15405767236812593,1.2634143398717983
aed,0,819,2,mastered,2,0.0,0.0,7.058321874992143e-19,0.8423946705010034,1.263592005751505,1.4319805952391191,1.4792389633703693,0.0,0.05,0.15405767236812593,1.263592005751505
aed,0,820,2,mastered,2,0.0,0.0,6.705405781242549e-19,0.842512488930531,1.2637687333957965,1.4313895359299025,1.6320673762707716,0.0,0.05,0.15405767236812593,1.2637687333957965
aed,0,821,2,mastered,2,0.0,0.0,6.370135492180419e-19,0.842629687650692,1.263944531476038,1.430802310907633,1.782604481939659,0.0,0.05,0.15405767236812593,1.263944531476038
aed,0,822,1,puzzle,1,0.0,0.0,6.0516287175713985e-19,0.8439578339721452,1.2659367509582178,1.430227983107886,1.9290696692699305,0.0,0.05,0.15405767236812593,1.2659367509582178
aed,0,823,1,puzzle,2,1.0,0.0,5.749047281692824e-19,0.9777100028772344,1.4665650043158516,1.4306596682139257,1.9097789725772312,0.0,0.05,0.15405767236812593,2.466565004315852
aed,0,824,1,puzzle,2,1.0,0.0,5.461594917608177e-19,0.9777191726529801,1.46657875897947,1.4310892636677532,1.890681182851459,0.0,0.05,0.15405767236812593,2.46657875897947
aed,0,825,1,puzzle,2,1.0,0.0,5.188515171727772e-19,0.9777283161347898,1.4665924742021847,1.4315167797204256,1.8717743710229444,0.0,0.05,0.15405767236812593,2.4665924742021845
aed,0,826,2,mastered,1,0.0,0.0,4.929089413141383e-19,0.9786463337792288,1.4679695006688434,1.4319490433251676,1.853056627312715,0.0,0.05,0.15405767236812593,1.4679695006688434
aed,0,827,1,puzzle,1,0.0,0.0,4.682634942484315e-19,0.8458790301714456,1.2688185452571683,1.4313833908348277,1.997090906617247,0.0,0.05,0.15405767236812593,1.2688185452571683
aed,0,828,1,puzzle,2,1.0,0.0,4.448503195360102e-19,0.9786551716412453,1.467982757461868,1.4318163876679628,1.9771199975510747,0.0,0.05,0.15405767236812593,2.467982757461868
aed,0,829,1,puzzle,2,1.0,0.0,4.226078035592089e-19,0.9786639842087473,1.467995976313121,1.4322472856111887,1.957348797575564,0.0,0.05,0.15405767236812593,2.467995976313121
aed,0,830,1,puzzle,2,1.0,0.0,4.014774133812483e-19,0.9786727716083912,1.4680091574125869,1.4326760949701958,1.9377753095998083,0.0,0.05,0.15405767236812593,2.468009157412587
aed,0,831,1,puzzle,2,1.0,0.0,3.8140354271218575e-19,0.9786815339659295,1.4680223009488942,1.4331028260000893,1.91839755650381,0.0,0.05,0.15405767236812593,2.468022300948894
aed,0,832,1,puzzle,2,1.0,0.0,3.62333365576577e-19,0.9786902714062218,1.4680354071093327,1.4335274889056355,1.899213580938772,0.0,0.05,0.15405767236812593,2.4680354071093324
aed,0,833,1,puzzle,2,1.0,0.0,3.4421669729774826e-19,0.9786989840532462,1.4680484760798693,1.4339500938415068,1.8802214451293844,0.0,0.05,0.15405767236812593,2.4680484760798693
aed,0,834,1,puzzle,2,1.0,0.0,3.2700586243286097e-19,0.9787076720301036,1.4680615080451553,1.4343706509125251,1.8614192306780906,0.0,0.05,0.15405767236812593,2.4680615080451553
aed,0,835,1,puzzle,2,1.0,0.0,3.106555693112177e-19,0.9787163354590287,1.468074503188543,1.434789170173905,1.8428050383713097,0.0,0.05,0.15405767236812593,2.468074503188543
aed,0,836,1,puzzle,2,1.0,0.0,2.9512279084565703e-19,0.9787249744613937,1.4680874616920905,1.4352056616314959,1.8243769879875966,0.0,0.05,0.15405767236812593,2.4680874616920905
aed,0,837,1,puzzle,2,1.0,0.0,2.8036665130337434e-19,0.9787335891577198,1.4681003837365796,1.4356201352420213,1.8061332181077205,0.0,0.05,0.15405767236812593,2.4681003837365796
aed,0,838,1,puzzle,2,1.0,0.0,2.6634831873820523e-19,0.9787421796676846,1.4681132695015269,1.4360326009133189,1.7880718859266433,0.0,0.05,0.15405767236812593,2.4681132695015267
aed,0,839,1,puzzle,2,1.0,0.0,2.5303090280129513e-19,0.9787507461101259,1.4681261191651889,1.4364430685045781,1.770191167067377,0.0,0.05,0.15405767236812593,2.4681261191651886
aed,0,840,1,puzzle,2,1.0,0.0,2.4037935766122995e-19,0.9787592886030575,1.4681389329045862,1.4368515478265782,1.752489255396703,0.0,0.05,0.15405767236812593,2.468138932904586
aed,0,841,1,puzzle,2,1.0,0.0,2.2836038977816907e-19,0.9787678072636662,1.4681517108954993,1.4372580486419229,1.734964362842736,0.0,0.05,0.15405767236812593,2.4681517108954996
aed,0,842,1,puzzle,2,1.0,0.0,2.1694237028926e-19,0.9787763022083278,1.4681644533124918,1.4376625806652759,1.7176147192143087,0.0,0.05,0.15405767236812593,2.468164453312492
aed,0,843,1,puzzle,2,1.0,0.0,2.0609525177479723e-19,0.9787847735526084,1.4681771603289127,1.438065153563594,1.7004385720221658,0.0,0.05,0.15405767236812593,2.4681771603289127
aed,0,844,1,puzzle,2,1.0,0.0,1.957904891860576e-19,0.978793221411277,1.4681898321169156,1.4384657769563605,1.683434186301944,0.0,0.05,0.15405767236812593,2.4681898321169156
aed,0,845,1,puzzle,2,1.0,0.0,1.8600096472675476e-19,0.9788016458983089,1.4682024688474633,1.4388644604158158,1.6665998444389245,0.0,0.05,0.15405767236812593,2.4682024688474633
aed,0,846,1,puzzle,2,1.0,0.0,1.7670091649041679e-19,0.9788100471268926,1.4682150706903387,1.4392612134671885,1.6499338459945352,0.0,0.05,0.15405767236812593,2.4682150706903387
aed,0,847,1,puzzle,2,1.0,0.0,1.6786587066589572e-19,0.9788184252094407,1.4682276378141612,1.4396560455889233,1.6334345075345897,0.0,0.05,0.15405767236812593,2.468227637814161
aed,0,848,1,puzzle,2,1.0,0.0,1.5947257713260116e-19,0.9788267802575915,1.4682401703863872,1.4400489662129108,1.6171001624592438,0.0,0.05,0.15405767236812593,2.4682401703863874
aed,0,849,1,puzzle,2,1.0,0.0,1.514989482759709e-19,0.978835112382218,1.468252668573327,1.440439984724713,1.6009291608346514,0.0,0.05,0.15405767236812593,2.468252668573327
aed,0,850,1,puzzle,2,1.0,0.0,1.4392400086217248e-19,0.9788434216934391,1.4682651325401586,1.4408291104637903,1.584919869226305,0.0,0.05,0.15405767236812593,2.4682651325401586
aed,0,851,1,puzzle,2,1.0,0.0,1.3672780081906368e-19,0.9788517083006198,1.4682775624509299,1.4412163527237258,1.5690706705340418,0.0,0.05,0.15405767236812593,2.46827756245093
aed,0,852,1,puzzle,2,1.0,0.0,1.298914107781105e-19,0.9788599723123791,1.4682899584685687,1.4416017207524499,1.5533799638287014,0.0,0.05,0.15405767236812593,2.468289958468569
aed,0,853,1,puzzle,2,1.0,0.0,1.2339684023920498e-19,0.9788682138365996,1.4683023207548995,1.4419852237524622,1.5378461641904144,0.0,0.05,0.15405767236812593,2.4683023207548995
aed,0,854,1,puzzle,2,1.0,0.0,1.17226998227245e-19,0.9788764329804326,1.468314649470649,1.442366870881053,1.5224677025485103,0.0,0.05,0.15405767236812593,2.468314649470649
aed,0,855,1,puzzle,2,1.0,0.0,1.1136564831588267e-19,0.9788846298503034,1.4683269447754552,1.442746671250525,1.5072430255230251,0.0,0.05,0.15405767236812593,2.4683269447754554
aed,0,856,1,puzzle,2,1.0,0.0,1.0579736590008827e-19,0.9788928045519183,1.4683392068278773,1.4431246339284118,1.4921705952677948,0.0,0.05,0.15405767236812593,2.4683392068278773
aed,0,857,1,puzzle,2,1.0,0.0,1.0050749760508393e-19,0.9789009571902715,1.4683514357854073,1.4435007679376968,1.4772488893151168,0.0,0.05,0.15405767236812593,2.468351435785407
aed,0,858,1,puzzle,2,1.0,0.0,9.548212272482968e-20,0.9789090878696491,1.4683636318044737,1.4438750822570305,1.4624764004219657,0.0,0.05,0.15405767236812593,2.4683636318044737
aed,0,859,1,puzzle,2,1.0,0.0,9.070801658858829e-20,0.9789171966936389,1.4683757950404583,1.4442475858209476,1.447851636417746,0.0,0.05,0.15405767236812593,2.4683757950404583
aed,0,860,1,puzzle,2,1.0,0.0,8.617261575915899e-20,0.9789252837651345,1.468387925647702,1.4446182875200815,1.4333731200535687,0.0,0.05,0.15405767236812593,2.468387925647702
aed,0,861,1,puzzle,2,1.0,0.0,8.186398497120094e-20,0.9789333491863408,1.4684000237795112,1.4449871962013785,1.419039388853033,0.0,0.05,0.15405767236812593,2.468400023779511
aed,0,862,1,puzzle,2,1.0,0.0,7.777078572264098e-20,0.9789413930587779,1.468412089588167,1.4453543206683124,1.4048489949645027,0.0,0.05,0.15405767236812593,2.468412089588167
aed,0,863,1,puzzle,2,1.0,0.0,7.388224643650888e-20,0.9789494154832956,1.4684241232249433,1.4457196696810957,1.3908005050148575,0.0,0.05,0.15405767236812593,2.4684241232249433
aed,0,864,1,puzzle,2,1.0,0.0,7.018813411468344e-20,0.9789574165600655,1.4684361248400983,1.4460832519568907,1.376892499964709,0.0,0.05,0.15405767236812593,2.4684361248400983
aed,0,865,1,puzzle,2,1.0,0.0,6.667872740894919e-20,0.9789653963886031,1.4684480945829046,1.4464450761700207,1.3631235749650619,0.0,0.05,0.15405767236812593,2.4684480945829046
aed,0,866,1,puzzle,2,1.0,0.0,6.33447910385018e-20,0.9789733550677562,1.4684600326016342,1.4468051509521789,1.3494923392154112,0.0,0.05,0.15405767236812593,2.468460032601634
aed,0,867,1,puzzle,2,1.0,0.0,6.017755148657669e-20,0.9789812926957255,1.4684719390435883,1.447163484892636,1.335997415823257,0.0,0.05,0.15405767236812593,2.4684719390435883
aed,0,868,1,puzzle,2,1.0,0.0,5.716867391224795e-20,0.9789892093700617,1.4684838140550927,1.4475200865384483,1.3226374416650244,0.0,0.05,0.15405767236812593,2.4684838140550927
aed,0,869,1,puzzle,2,1.0,0.0,5.431024021663543e-20,0.9789971051876716,1.4684956577815074,1.4478749643946636,1.309411067248374,0.0,0.05,0.15405767236812593,2.4684956577815074
aed,0,870,1,puzzle,2,1.0,0.0,5.1594728205803736e-20,0.9790049802448266,1.46850747036724,1.4482281269245263,1.2963169565758903,0.0,0.05,0.15405767236812593,2.46850747036724
aed,0,871,1,puzzle,2,1.0,0.0,4.901499179551348e-20,0.9790128346371695,1.4685192519557542,1.4485795825496826,1.2833537870101315,0.0,0.05,0.15405767236812593,2.468519251955754
aed,0,872,1,puzzle,2,1.0,0.0,4.656424220573776e-20,0.9790206684597109,1.4685310026895664,1.448929339650382,1.2705202491400303,0.0,0.05,0.15405767236812593,2.4685310026895664
aed,0,873,1,puzzle,2,1.0,0.0,4.423603009545094e-20,0.979028481806847,1.4685427227102705,1.4492774065656813,1.25781504664863,0.0,0.05,0.15405767236812593,2.4685427227102705
aed,0,874,1,puzzle,2,1.0,0.0,4.202422859067841e-20,0.979036274772352,1.4685544121585279,1.4496237915936454,1.2452368961821436,0.0,0.05,0.15405767236812593,2.468554412158528
aed,0,875,1,puzzle,2,1.0,0.0,3.992301716114448e-20,0.979044047449397,1.4685660711740955,1.4499685029915477,1.2327845272203222,0.0,0.05,0.15405767236812593,2.4685660711740955
aed,0,876,1,puzzle,2,1.0,0.0,3.7926866303087185e-20,0.9790517999305418,1.4685776998958127,1.450311548976069,1.2204566819481188,0.0,0.05,0.15405767236812593,2.4685776998958127
aed,0,877,1,puzzle,2,1.0,0.0,3.6030522987932825e-20,0.9790595323077499,1.468589298461625,1.4506529377234967,1.2082521151286376,0.0,0.05,0.15405767236812593,2.468589298461625
aed,0,878,1,puzzle,2,1.0,0.0,3.422899683853619e-20,0.9790672446723884,1.4686008670085826,1.450992677369922,1.1961695939773511,0.0,0.05,0.15405767236812593,2.4686008670085826
aed,0,879,1,puzzle,2,1.0,0.0,3.251754699660938e-20,0.979074937115231,1.4686124056728465,1.4513307760114367,1.1842078980375776,0.0,0.05,0.15405767236812593,2.4686124056728467
aed,0,880,1,puzzle,2,1.0,0.0,3.0891669646778944e-20,0.9790826097264738,1.4686239145897106,1.451667241704328,1.172365819057202,0.0,0.05,0.15405767236812593,2.4686239145897106
aed,0,881,1,puzzle,2,1.0,0.0,2.934708616443996e-20,0.9790902625957247,1.468635393893587,1.4520020824652742,1.16064216086663,0.0,0.05,0.15405767236812593,2.468635393893587
aed,0,882,1,puzzle,2,1.0,0.0,2.7879731856217985e-20,0.9790978958120217,1.4686468437180324,1.452335306271538,1.1490357392579638,0.0,0.05,0.15405767236812593,2.4686468437180324
aed,0,883,1,puzzle,2,1.0,0.0,2.6485745263407124e-20,0.9791055094638299,1.4686582641957449,1.4526669210611591,1.137545381865384,0.0,0.05,0.15405767236812593,2.468658264195745
aed,0,884,1,puzzle,2,1.0,0.0,2.5161458000236695e-20,0.979113103639048,1.468669655458572,1.4529969347331462,1.12616992804673,0.0,0.05,0.15405767236812593,2.468669655458572
aed,0,885,1,puzzle,2,1.0,0.0,2.390338510022491e-20,0.9791206784250138,1.4686810176375207,1.453325355147668,1.1149082287662628,0.0,0.05,0.15405767236812593,2.468681017637521
aed,0,886,1,puzzle,2,1.0,0.0,2.2708215845213673e-20,0.9791282339085096,1.4686923508627643,1.4536521901262434,1.1037591464786003,0.0,0.05,0.15405767236812593,2.4686923508627645
aed,0,887,1,puzzle,2,1.0,0.0,2.1572805052952977e-20,0.9791357701757639,1.4687036552636459,1.4539774474519302,1.0927215550138143,0.0,0.05,0.15405767236812593,2.4687036552636457
aed,0,888,1,puzzle,2,1.0,0.0,2.0494164800305348e-20,0.9791432873124589,1.4687149309686884,1.454301134869514,1.0817943394636762,0.0,0.05,0.15405767236812593,2.468714930968688
aed,0,889,2,mastered,1,0.0,0.0,1.9469456560290037e-20,0.9799557394688342,1.4699336092032513,1.4546292972411827,1.0709763960690395,0.0,0.05,0.15405767236812593,1.4699336092032513
aed,0,890,1,puzzle,1,0.0,0.0,1.8495983732275576e-20,0.8480940839368688,1.2721411259053033,1.4539668563845034,1.2420923625875493,0.0,0.05,0.15405767236812593,1.2721411259053033
aed,0,891,2,mastered,1,0.0,0.0,1.7571184545661756e-20,0.9806920613577436,1.4710380920366153,1.454302212562764,1.2296714389616739,0.0,0.05,0.15405767236812593,1.4710380920366153
aed,0,892,1,puzzle,1,0.0,0.0,1.669262531837867e-20,0.8504378472567846,1.275656770885177,1.4536589853543762,1.3953769390412565,0.0,0.05,0.15405767236812593,1.275656770885177
aed,0,893,1,puzzle,2,1.0,0.0,1.5857994052459752e-20,0.9806991508487288,1.4710487262730934,1.4539959340589699,1.3814231696508439,0.0,0.05,0.15405767236812593,2.4710487262730934
aed,0,894,1,puzzle,2,1.0,0.0,1.506509434983677e-20,0.9807062223263453,1.471059333489518,1.4543312510561226,1.3676089379543355,0.0,0.05,0.15405767236812593,2.471059333489518
aed,0,895,1,puzzle,2,1.0,0.0,1.4311839632344916e-20,0.9807132758706887,1.471069913806033,1.454664944369872,1.3539328485747921,0.0,0.05,0.15405767236812593,2.471069913806033
aed,0,896,1,puzzle,2,1.0,0.0,1.3596247650727658e-20,0.9807203115613486,1.471080467342023,1.4549970219847328,1.3403935200890442,0.0,0.05,0.15405767236812593,2.471080467342023
aed,0,897,1,puzzle,2,1.0,0.0,1.2916435268191273e-20,0.9807273294774151,1.4710909942161228,1.4553274918458896,1.3269895848881537,0.0,0.05,0.15405767236812593,2.471090994216123
aed,0,898,1,puzzle,2,1.0,0.0,1.2270613504781738e-20,0.9807343296974768,1.471101494546215,1.4556563618593914,1.3137196890392722,0.0,0.05,0.15405767236812593,2.471101494546215
aed,0,899,1,puzzle,2,1.0,0.0,1.1657082829542634e-20,0.9807413122996333,1.47111196844945,1.4559836398923416,1.3005824921488793,0.0,0.05,0.15405767236812593,2.47111196844945
aed,0,900,1,puzzle,2,1.0,0.0,1.1074228688065522e-20,0.9807482773614915,1.4711224160422374,1.456309333773091,1.2875766672273905,0.0,0.05,0.15405767236812593,2.4711224160422374
aed,0,901,1,puzzle,2,1.0,0.0,1.0520517253662235e-20,0.9807552249601743,1.4711328374402615,1.4566334512914267,1.2747009005551166,0.0,0.05,0.15405767236812593,2.4711328374402615
aed,0,902,1,puzzle,2,1.0,0.0,9.994491390979117e-21,0.9807621551723215,1.4711432327584821,1.456956000198762,1.2619538915495654,0.0,0.05,0.15405767236812593,2.4711432327584824
aed,0,903,1,puzzle,2,1.0,0.0,9.494766821430154e-21,0.9807690680740956,1.4711536021111433,1.457276988208324,1.2493343526340697,0.0,0.05,0.15405767236812593,2.4711536021111433
aed,0,904,2,mastered,1,0.0,0.0,9.020028480358646e-21,0.9814382423817553,1.4721573635726328,1.4576013900851457,1.2368410091077289,0.0,0.05,0.15405767236812593,1.4721573635726328
aed,0,905,1,puzzle,1,0.0,0.0,8.569027056340723e-21,0.8528163573632649,1.2792245360448973,1.4569595058149445,1.4022075687866988,0.0,0.05,0.15405767236812593,1.2792245360448973
aed,0,906,1,puzzle,2,1.0,0.0,8.14057570352369e-21,0.981444966493046,1.472167449739569,1.4572855455345677,1.3881854930988318,0.0,0.05,0.15405767236812593,2.472167449739569
aed,0,907,1,puzzle,2,1.0,0.0,7.733546918347491e-21,0.9814516738326826,1.4721775107490238,1.45761000536064,1.3743036381678435,0.0,0.05,0.15405767236812593,2.472177510749024
aed,0,908,1,puzzle,2,1.0,0.0,7.34686957243014e-21,0.9814583644738339,1.4721875467107508,1.4579328930673905,1.3605606017861651,0.0,0.05,0.15405767236812593,2.472187546710751
aed,0,909,1,puzzle,2,1.0,0.0,6.979526093808624e-21,0.9814650384892117,1.4721975577338176,1.4582542163907226,1.3469549957683034,0.0,0.05,0.15405767236812593,2.4721975577338178
aed,0,910,1,puzzle,2,1.0,0.0,6.630549789118187e-21,0.9814716959510806,1.472207543926621,1.4585739830284021,1.3334854458106202,0.0,0.05,0.15405767236812593,2.472207543926621
aed,0,911,1,puzzle,2,1.0,0.0,6.299022299662274e-21,0.9814783369312584,1.4722175053968876,1.4588922006402447,1.320150591352514,0.0,0.05,0.15405767236812593,2.4722175053968876
aed,0,912,1,puzzle,2,1.0,0.0,5.984071184679158e-21,0.9814849615011222,1.4722274422516832,1.459208876848302,1.306949085438989,0.0,0.05,0.15405767236812593,2.4722274422516834
aed,0,913,1,puzzle,2,1.0,0.0,5.684867625445208e-21,0.9814915697316063,1.4722373545974095,1.4595240192370476,1.2938795945845991,0.0,0.05,0.15405767236812593,2.4722373545974095
aed,0,914,1,puzzle,2,1.0,0.0,5.400624244172941e-21,0.9814981616932117,1.4722472425398174,1.4598376353535614,1.280940798638753,0.0,0.05,0.15405767236812593,2.4722472425398174
aed,0,915,1,puzzle,2,1.0,0.0,5.130593031964305e-21,0.9815047374560079,1.4722571061840117,1.4601497327077135,1.2681313906523655,0.0,0.05,0.15405767236812593,2.4722571061840117
aed,0,916,1,puzzle,2,1.0,0.0,4.8740633803660796e-21,0.9815112970896376,1.4722669456344564,1.4604603187723473,1.2554500767458419,0.0,0.05,0.15405767236812593,2.4722669456344564
aed,0,917,1,puzzle,2,1.0,0.0,4.630360211347782e-21,0.9815178406633123,1.4722767609949683,1.4607694009834604,1.2428955759783835,0.0,0.05,0.15405767236812593,2.4722767609949683
aed,0,918,1,puzzle,2,1.0,0.0,4.398842200780388e-21,0.9815243682458293,1.472286552368744,1.4610769867403868,1.2304666202185996,0.0,0.05,0.15405767236812593,2.472286552368744
aed,0,919,1,puzzle,2,1.0,0.0,4.178900090741368e-21,0.9815308799055625,1.4722963198583439,1.4613830834059767,1.2181619540164137,0.0,0.05,0.15405767236812593,2.472296319858344
aed,0,920,1,puzzle,2,1.0,0.0,3.969955086204298e-21,0.9815373757104717,1.4723060635657075,1.4616876983067753,1.2059803344762496,0.0,0.05,0.15405767236812593,2.4723060635657075
aed,0,921,1,puzzle,2,1.0,0.0,3.771457331894087e-21,0.9815438557281048,1.4723157835921572,1.4619908387332021,1.193920531131487,0.0,0.05,0.15405767236812593,2.4723157835921574
aed,0,922,1,puzzle,2,1.0,0.0,3.5828844652993884e-21,0.9815503200256004,1.4723254800384007,1.462292511939728,1.1819813258201721,0.0,0.05,0.15405767236812593,2.4723254800384007
aed,0,923,1,puzzle,2,1.0,0.0,3.4037402420344166e-21,0.9815567686696931,1.4723351530045397,1.4625927251450521,1.1701615125619704,0.0,0.05,0.15405767236812593,2.47233515300454
aed,0,924,1,puzzle,2,1.0,0.0,3.233553229932697e-21,0.9815632017267152,1.4723448025900727,1.4628914855322772,1.1584598974363507,0.0,0.05,0.15405767236812593,2.4723448025900727
aed,0,925,1,puzzle,2,1.0,0.0,3.071875568436059e-21,0.9815696192625981,1.4723544288938972,1.4631888002490852,1.1468752984619872,0.0,0.05,0.15405767236812593,2.4723544288938974
aed,0,926,1,puzzle,0,1.0,0.0,2.9182817900142483e-21,0.9822639546513173,1.473395931976976,1.4634898359077246,1.1354065454773674,0.0,0.05,0.15405767236812593,2.473395931976976
aed,0,927,1,puzzle,2,1.0,0.0,2.7723677005135395e-21,0.9822701476808704,1.4734052215213056,1.4637894128357927,1.1240524800225937,0.0,0.05,0.15405767236812593,2.473405221521306
aed,0,928,1,puzzle,2,1.0,0.0,2.6337493154878613e-21,0.9822763258089675,1.4734144887134513,1.464087538215181,1.1128119552223679,0.0,0.05,0.15405767236812593,2.473414488713451
aed,0,929,1,puzzle,2,1.0,0.0,2.5020618497134707e-21,0.9822824890983305,1.4734237336474958,1.4643842191923426,1.1016838356701442,0.0,0.05,0.15405767236812593,2.473423733647496
aed,0,930,1,puzzle,2,1.0,0.0,2.3769587572277992e-21,0.9822886376113059,1.4734329564169588,1.4646794628784656,1.0906669973134426,0.0,0.05,0.15405767236812593,2.473432956416959
aed,0,931,1,puzzle,2,1.0,0.0,2.2581108193664045e-21,0.9822947714098683,1.4734421571148024,1.4649732763496472,1.0797603273403082,0.0,0.05,0.15405767236812593,2.4734421571148024
aed,0,932,1,puzzle,2,1.0,0.0,2.1452052783980872e-21,0.9823008905556224,1.4734513358334336,1.4652656666470663,1.068962724066905,0.0,0.05,0.15405767236812593,2.473451335833434
aed,0,933,1,puzzle,2,1.0,0.0,2.0379450144781826e-21,0.9823069951098095,1.4734604926647141,1.4655566407771545,1.058273096826236,0.0,0.05,0.15405767236812593,2.473460492664714
aed,0,934,1,puzzle,2,1.0,0.0,1.9360477637542726e-21,0.9823130851333055,1.4734696276999584,1.4658462057117685,1.0476903658579735,0.0,0.05,0.15405767236812593,2.4734696276999584
aed,0,935,1,puzzle,2,1.0,0.0,1.839245375566562e-21,0.9823191606866233,1.4734787410299348,1.4661343683883594,1.0372134621993938,0.0,0.05,0.15405767236812593,2.473478741029935
aed,0,936,1,puzzle,2,1.0,0.0,1.74728310678823e-21,0.982325221829923,1.4734878327448846,1.466421135710142,1.0268413275773998,0.0,0.05,0.15405767236812593,2.4734878327448846
aed,0,937,1,puzzle,2,1.0,0.0,1.6599189514488184e-21,0.9823312686230034,1.473496902934505,1.4667065145462639,1.0165729143016258,0.0,0.05,0.15405767236812593,2.473496902934505
aed,0,938,1,puzzle,2,1.0,0.0,1.5769230038763787e-21,0.982337301125317,1.4735059516879756,1.4669905117319724,1.0064071851586096,0.0,0.05,0.15405767236812593,2.473505951687976
aed,0,939,1,puzzle,2,1.0,0.0,1.4980768536825586e-21,0.9823433193959634,1.4735149790939452,1.4672731340687823,0.9963431133070235,0.0,0.05,0.15405767236812593,2.4735149790939452
aed,0,940,1,puzzle,2,1.0,0.0,1.4231730109984306e-21,0.9823493234936934,1.4735239852405402,1.4675543883246411,0.9863796821739533,0.0,0.05,0.15405767236812593,2.47352398524054
aed,0,941,1,puzzle,2,1.0,0.0,1.3520143604485117e-21,0.9823553134769162,1.4735329702153743,1.467834281234095,0.9765158853522138,0.0,0.05,0.15405767236812593,2.4735329702153743
aed,0,942,1,puzzle,2,1.0,0.0,1.2844136424260846e-21,0.9823612894036988,1.4735419341055482,1.4681128194984523,0.9667507264986916,0.0,0.05,0.15405767236812593,2.4735419341055485
aed,0,943,1,puzzle,2,1.0,0.0,1.2201929603047814e-21,0.9823672513317684,1.4735508769976526,1.4683900097859484,0.9570832192337048,0.0,0.05,0.15405767236812593,2.4735508769976526
aed,0,944,1,puzzle,2,1.0,0.0,1.1591833122895419e-21,0.9823731993185137,1.4735597989777707,1.4686658587319075,0.9475123870413678,0.0,0.05,0.15405767236812593,2.473559798977771
aed,0,945,1,puzzle,2,1.0,0.0,1.1012241466750628e-21,0.982379133420992,1.473568700131488,1.4689403729389054,0.938037263170954,0.0,0.05,0.15405767236812593,2.473568700131488
aed,0,946,1,puzzle,2,1.0,0.0,1.0461629393413115e-21,0.9823850536959283,1.4735775805438924,1.4692135589769304,0.9286568905392445,0.0,0.05,0.15405767236812593,2.4735775805438927
aed,0,947,1,puzzle,2,1.0,0.0,9.938547923742455e-22,0.9823909601997168,1.4735864402995753,1.4694854233835437,0.919370321633852,0.0,0.05,0.15405767236812593,2.4735864402995755
aed,0,948,1,puzzle,2,1.0,0.0,9.441620527555321e-22,0.9823968529884267,1.4735952794826401,1.4697559726640392,0.9101766184175135,0.0,0.05,0.15405767236812593,2.47359527948264
aed,0,949,1,puzzle,2,1.0,0.0,8.969539501177558e-22,0.982402732117802,1.4736040981767031,1.4700252132916025,0.9010748522333384,0.0,0.05,0.15405767236812593,2.473604098176703
aed,0,950,1,puzzle,2,1.0,0.0,8.521062526118676e-22,0.9824085976432662,1.4736128964648993,1.4702931517074689,0.892064103711005,0.0,0.05,0.15405767236812593,2.4736128964648993
aed,0,951,1,puzzle,2,1.0,0.0,8.095009399812753e-22,0.9824144496199195,1.4736216744298793,1.4705597943210809,0.8831434626738949,0.0,0.05,0.15405767236812593,2.4736216744298796
aed,0,952,1,puzzle,2,1.0,0.0,7.6902589298220985e-22,0.982420288102552,1.473630432153828,1.4708251475102445,0.8743120280471559,0.0,0.05,0.15405767236812593,2.4736304321538283
aed,0,953,1,puzzle,2,1.0,0.0,7.305745983330997e-22,0.982426113145632,1.473639169718448,1.4710892176212855,0.8655689077666844,0.0,0.05,0.15405767236812593,2.473639169718448
aed,0,954,1,puzzle,2,1.0,0.0,6.94045868416446e-22,0.9824319248033192,1.4736478872049787,1.471352010969204,0.8569132186890175,0.0,0.05,0.15405767236812593,2.4736478872049785
aed,0,955,1,puzzle,2,1.0,0.0,6.593435749956235e-22,0.9824377231294624,1.4736565846941936,1.471613533837829,0.8483440865021273,0.0,0.05,0.15405767236812593,2.4736565846941936
aed,0,956,1,puzzle,2,1.0,0.0,6.263763962458429e-22,0.9824435081776037,1.4736652622664055,1.4718737924799716,0.839860645637106,0.0,0.05,0.15405767236812593,2.4736652622664055
aed,0,957,1,puzzle,2,1.0,0.0,5.950575764335507e-22,0.982449280000977,1.4736739200014655,1.4721327931175792,0.831462039180735,0.0,0.05,0.15405767236812593,2.4736739200014655
aed,0,958,1,puzzle,2,1.0,0.0,5.653046976118731e-22,0.982455038652516,1.473682557978774,1.4723905419418852,0.8231474187889277,0.0,0.05,0.15405767236812593,2.473682557978774
aed,0,959,1,puzzle,2,1.0,0.0,5.37039462731279e-22,0.9824607841848517,1.4736911762772775,1.4726470451135623,0.8149159446010384,0.0,0.05,0.15405767236812593,2.4736911762772777
aed,0,960,1,puzzle,2,1.0,0.0,5.101874895947145e-22,0.9824665166503177,1.4736997749754766,1.4729023087628719,0.8067667851550281,0.0,0.05,0.15405767236812593,2.4736997749754766
aed,0,961,1,puzzle,2,1.0,0.0,4.846781151149788e-22,0.9824722361009494,1.473708354151424,1.4731563389898148,0.7986991173034778,0.0,0.05,0.15405767236812593,2.473708354151424
aed,0,962,1,puzzle,2,1.0,0.0,4.604442093592304e-22,0.9824779425884878,1.4737169138827317,1.4734091418642794,0.790712126130443,0.0,0.05,0.15405767236812593,2.4737169138827317
aed,0,963,1,puzzle,2,1.0,0.0,4.374219988912681e-22,0.9824836361643823,1.4737254542465734,1.4736607234261907,0.7828050048691385,0.0,0.05,0.15405767236812593,2.4737254542465736
aed,0,964,1,puzzle,2,1.0,0.0,4.155508989467044e-22,0.9824893168797941,1.4737339753196912,1.4739110896856582,0.7751540691864142,0.0,0.05,0.15405767236812593,2.473733975319691
aed,0,965,1,puzzle,2,1.0,0.0,3.9477335399937023e-22,0.9824949847855933,1.4737424771783898,1.4741602466231218,0.7678202979392821,0.0,0.05,0.15405767236812593,2.47374247717839
aed,0,966,1,puzzle,2,1.0,0.0,3.750346862994014e-22,0.9825006399323638,1.4737509598985457,1.474408200189499,0.7607993352508425,0.0,0.05,0.15405767236812593,2.4737509598985454
aed,0,967,1,puzzle,2,1.0,0.0,3.5628295198443128e-22,0.9825062823704102,1.4737594235556153,1.4746549563063294,0.7540868746490482,0.0,0.05,0.15405767236812593,2.4737594235556153
aed,0,968,2,mastered,1,0.0,0.0,3.3846880438520967e-22,0.983066459415446,1.474599689123169,1.4749046799704135,0.7468509967498023,0.0,0.05,0.15405767236812593,1.474599689123169
aed,0,969,1,puzzle,1,0.0,0.0,3.2154536416594953e-22,0.8551754036549407,1.2827631054824111,1.4741939720979735,0.9308133533978666,0.0,0.05,0.15405767236812593,1.2827631054824111
aed,0,970,1,puzzle,2,1.0,0.0,3.054680959576519e-22,0.9830719594039125,1.4746079391058686,1.474446041933013,0.921505219863888,0.0,0.05,0.15405767236812593,2.4746079391058684
aed,0,971,1,puzzle,2,1.0,0.0,2.9019469115976946e-22,0.983077447048244,1.474616170572366,1.4746968925762096,0.9123708896690927,0.0,0.05,0.15405767236812593,2.474616170572366
aed,0,972,1,puzzle,2,1.0,0.0,2.7568495660178035e-22,0.9830829223969257,1.4746243835953887,1.4749465300313054,0.9035693272083185,0.0,0.05,0.15405767236812593,2.4746243835953887
aed,0,973,1,puzzle,2,1.0,0.0,2.6190070877169193e-22,0.9830883854981737,1.4746325782472605,1.4751949602723853,0.8950960159613601,0.0,0.05,0.15405767236812593,2.4746325782472605
aed,0,974,1,puzzle,2,1.0,0.0,2.4880567333310677e-22,0.9830938363999318,1.4746407545998976,1.4754421892440228,0.8869464904458717,0.0,0.05,0.15405767236812593,2.4746407545998976
aed,0,975,1,puzzle,2,1.0,0.0,2.363653896664515e-22,0.9830992751498807,1.474648912724821,1.4756882228614268,0.8791163356780187,0.0,0.05,0.15405767236812593,2.4746489127248212
aed,0,976,1,puzzle,2,1.0,0.0,2.2454712018312886e-22,0.9831047017954345,1.4746570526931517,1.4759330670105855,0.8716011866386723,0.0,0.05,0.15405767236812593,2.4746570526931517
aed,0,977,1,puzzle,2,1.0,0.0,2.13319764173973e-22,0.9831101163837457,1.4746651745756185,1.4761767275484106,0.8643967277450776,0.0,0.05,0.15405767236812593,2.4746651745756187
aed,0,978,1,puzzle,0,1.0,0.0,2.0265377596527361e-22,0.9836912124986882,1.4755368187480322,1.4764235280044085,0.8566394697240031,0.0,0.05,0.15405767236812593,2.475536818748032
aed,0,979,1,puzzle,2,1.0,0.0,1.9252108716701016e-22,0.9836964555104898,1.4755446832657346,1.476669133780715,0.8491975255417433,0.0,0.05,0.15405767236812593,2.475544683265735
aed,0,980,1,puzzle,2,1.0,0.0,1.8289503280865958e-22,0.9837016869013939,1.4755525303520909,1.4769135507635718,0.8420665706978068,0.0,0.05,0.15405767236812593,2.4755525303520907
aed,0,981,1,puzzle,2,1.0,0.0,1.7375028116822663e-22,0.9837069067164658,1.4755603600746987,1.4771567848101272,0.8352423297262572,0.0,0.05,0.15405767236812593,2.4755603600746987
aed,0,982,1,puzzle,2,1.0,0.0,1.6506276710981558e-22,0.983712115000522,1.475568172500783,1.4773988417485804,0.828720575676792,0.0,0.05,0.15405767236812593,2.475568172500783
aed,0,983,1,puzzle,2,1.0,0.0,1.5680962875432452e-22,0.9837173117981337,1.4755759676972007,1.4776397273783235,0.822497129601147,0.0,0.05,0.15405767236812593,2.4755759676972007
aed,0,984,1,puzzle,2,1.0,0.0,1.4896914731660858e-22,0.983722497153626,1.475583745730439,1.477879447470084,0.8165678600447804,0.0,0.05,0.15405767236812593,2.475583745730439
aed,0,985,1,puzzle,2,1.0,0.0,1.415206899507779e-22,0.9837276711110832,1.4755915066666248,1.4781180077660667,0.8109286825437746,0.0,0.05,0.15405767236812593,2.4755915066666248
aed,0,986,1,puzzle,2,1.0,0.0,1.3444465545323905e-22,0.983732833714345,1.4755992505715174,1.4783554139800938,0.8055755591269133,0.0,0.05,0.15405767236812593,2.475599250571517
aed,0,987,1,puzzle,2,1.0,0.0,1.277224226805772e-22,0.9837379850070138,1.4756069775105207,1.4785916717977459,0.8005044978228693,0.0,0.05,0.15405767236812593,2.4756069775105205
aed,0,988,1,puzzle,2,1.0,0.0,1.2133630154654824e-22,0.9837431250324562,1.4756146875486844,1.4788267868765004,0.7957115521724565,0.0,0.05,0.15405767236812593,2.4756146875486844
aed,0,989,1,puzzle,2,1.0,0.0,1.1526948646922092e-22,0.9837482538337986,1.4756223807506978,1.4790607648458713,0.7911928207459054,0.0,0.05,0.15405767236812593,2.475622380750698
aed,0,990,1,puzzle,2,1.0,0.0,1.0950601214575983e-22,0.9837533714539327,1.4756300571808991,1.4792936113075466,0.7869444466650938,0.0,0.05,0.15405767236812593,2.475630057180899
aed,0,991,1,puzzle,2,1.0,0.0,1.0403071153847173e-22,0.983758477935523,1.4756377169032844,1.479525331835525,0.7829626171306835,0.0,0.05,0.15405767236812593,2.475637716903284
aed,0,992,1,puzzle,2,1.0,0.0,9.88291759615482e-23,0.9837635733209964,1.4756453599814945,1.4797559319762548,0.7792435629541369,0.0,0.05,0.15405767236812593,2.4756453599814945
aed,0,993,1,puzzle,2,1.0,0.0,9.388771716347092e-23,0.9837686576525553,1.475652986478833,1.4799854172487676,0.7757835580945301,0.0,0.05,0.15405767236812593,2.475652986478833
aed,0,994,1,puzzle,2,1.0,0.0,8.919333130529706e-23,0.9837737309721686,1.475660596458253,1.4802137931448152,0.772578919200147,0.0,0.05,0.15405767236812593,2.475660596458253
aed,0,995,1,puzzle,2,1.0,0.0,8.473366474003239e-23,0.9837787933215844,1.4756681899823765,1.480441065129003,0.769626005154772,0.0,0.05,0.15405767236812593,2.4756681899823763
aed,0,996,1,puzzle,2,1.0,0.0,8.049698150303074e-23,0.9837838447423234,1.475675767113485,1.4806672386389255,0.7669212166286646,0.0,0.05,0.15405767236812593,2.475675767113485
aed,0,997,1,puzzle,2,1.0,0.0,7.647213242787917e-23,0.9837888852756815,1.4756833279135222,1.4808923190852985,0.7644609956341543,0.0,0.05,0.15405767236812593,2.475683327913522
aed,0,998,1,puzzle,2,1.0,0.0,7.264852580648515e-23,0.9837939149627368,1.4756908724441051,1.4811163118520927,0.7622418250858003,0.0,0.05,0.15405767236812593,2.475690872444105
aed,0,999,1,puzzle,2,1.0,0.0,6.901609951616101e-23,0.983798933844343,1.4756984007665146,1.4813392222966648,0.7602602283650925,0.0,0.05,0.15405767236812593,2.4756984007665146
aed,0,1000,1,puzzle,2,1.0,0.0,6.556529454035292e-23,0.9838039419611392,1.4757059129417087,1.4815610557498902,0.758512768889623,0.0,0.05,0.15405767236812593,2.4757059129417085
aed,0,1001,1,puzzle,2,1.0,0.0,6.228702981333531e-23,0.983808939353544,1.475713409030316,1.4817818175162922,0.7569960496867032,0.0,0.05,0.15405767236812593,2.475713409030316
aed,0,1002,1,puzzle,2,1.0,0.0,5.917267832266855e-23,0.9838139260617618,1.4757208890926425,1.482001512874174,0.7557067129713675,0.0,0.05,0.15405767236812593,2.4757208890926425
aed,0,1003,1,puzzle,2,1.0,0.0,5.621404440653498e-23,0.9838189021257834,1.4757283531886751,1.4822201470757463,0.754641439728725,0.0,0.05,0.15405767236812593,2.475728353188675
aed,0,1004,1,puzzle,2,1.0,0.0,5.340334218620833e-23,0.9838238675853859,1.4757358013780788,1.482437725347258,0.753796949300617,0.0,0.05,0.15405767236812593,2.475735801378079
aed,0,1005,1,puzzle,2,1.0,0.0,5.0733175076897907e-23,0.9838288224801371,1.4757432337202057,1.4826542528891227,0.7531699989765278,0.0,0.05,0.15405767236812593,2.4757432337202054
aed,0,1006,2,mastered,1,0.0,0.0,4.819651632305302e-23,0.9843074057480653,1.476461108622098,1.4828732871677877,0.7520504775324521,0.0,0.05,0.15405767236812593,1.476461108622098
aed,0,1007,1,puzzle,1,0.0,0.0,4.5786690506900436e-23,0.8574838243196374,1.286225736479456,1.482140049414346,0.9404442856920175,0.0,0.05,0.15405767236812593,1.286225736479456
aed,0,1008,1,puzzle,2,1.0,0.0,4.349735598155528e-23,0.9843122444076191,1.4764683666114287,1.4823616910003314,0.9369331672240001,0.0,0.05,0.15405767236812593,2.476468366611429
aed,0,1009,1,puzzle,2,1.0,0.0,4.1322488182477546e-23,0.9843170727854189,1.4764756091781284,1.4825822605912204,0.9336704869648522,0.0,0.05,0.15405767236812593,2.476475609178128
aed,0,1010,1,puzzle,2,1.0,0.0,3.925636377335369e-23,0.9843218909196895,1.4764828363795341,1.482801763470162,0.9306527091858315,0.0,0.05,0.15405767236812593,2.4764828363795344
aed,0,1011,1,puzzle,2,1.0,0.0,3.7293545584685947e-23,0.9843266988484576,1.4764900482726864,1.4830202048941747,0.9278763387154616,0.0,0.05,0.15405767236812593,2.4764900482726864
aed,0,1012,1,puzzle,2,1.0,0.0,3.542886830545167e-23,0.9843314966095438,1.4764972449143157,1.4832375900942754,0.9253379205082667,0.0,0.05,0.15405767236812593,2.4764972449143157
aed,0,1013,1,puzzle,2,1.0,0.0,3.3657424890179113e-23,0.9843362842405732,1.4765044263608598,1.4834539242756082,0.9230340392179325,0.0,0.05,0.15405767236812593,2.4765044263608598
aed,0,1014,1,puzzle,2,1.0,0.0,3.1974553645670125e-23,0.9843410617789731,1.4765115926684595,1.4836692126175723,0.920961318774866,0.0,0.05,0.15405767236812593,2.4765115926684595
aed,0,1015,1,puzzle,2,1.0,0.0,3.037582596338667e-23,0.9843458292619718,1.4765187438929577,1.4838834602739492,0.9191164219681088,0.0,0.05,0.15405767236812593,2.4765187438929575
aed,0,1016,1,puzzle,2,1.0,0.0,2.8857034665217294e-23,0.9843505867266057,1.4765258800899086,1.4840966723730291,0.9174960500315482,0.0,0.05,0.15405767236812593,2.4765258800899086
aed,0,1017,1,puzzle,2,1.0,0.0,2.7414182931956434e-23,0.9843553342097162,1.4765330013145743,1.484308854017737,0.9160969422343953,0.0,0.05,0.15405767236812593,2.476533001314574
aed,0,1018,1,puzzle,2,1.0,0.0,2.604347378535863e-23,0.9843600717479511,1.4765401076219267,1.484520010285758,0.9149158754758827,0.0,0.05,0.15405767236812593,2.4765401076219264
aed,0,1019,1,puzzle,2,1.0,0.0,2.4741300096090672e-23,0.9843647993777686,1.4765471990666528,1.4847301462296627,0.9139496638841338,0.0,0.05,0.15405767236812593,2.476547199066653
aed,0,1020,1,puzzle,2,1.0,0.0,2.350423509128613e-23,0.9843695171354362,1.4765542757031542,1.48493926687703,0.9131951584191682,0.0,0.05,0.15405767236812593,2.4765542757031542
aed,0,1021,1,puzzle,2,1.0,0.0,2.2329023336721832e-23,0.9843742250570346,1.476561337585552,1.4851473772305728,0.9126492464799973,0.0,0.05,0.15405767236812593,2.4765613375855517
aed,0,1022,1,puzzle,2,1.0,0.0,2.1212572169885754e-23,0.9843789231784539,1.4765683847676807,1.4853544822682583,0.9123088515157749,0.0,0.05,0.15405767236812593,2.4765683847676807
aed,0,1023,1,puzzle,2,1.0,0.0,2.015194356139147e-23,0.9843836115354003,1.4765754173031005,1.4855605869434323,0.912170932640949,0.0,0.05,0.15405767236812593,2.4765754173031005
aed,0,1024,1,puzzle,2,1.0,0.0,1.9144346383321865e-23,0.9843882901633956,1.4765824352450934,1.4857656961849406,0.9122324842543866,0.0,0.05,0.15405767236812593,2.4765824352450934
aed,0,1025,1,puzzle,2,1.0,0.0,1.8187129064155776e-23,0.9843929590977768,1.4765894386466651,1.4859698148972493,0.912490535662427,0.0,0.05,0.15405767236812593,2.4765894386466654
aed,0,1026,1,puzzle,0,1.0,0.0,1.727777261094801e-23,0.9848870230886876,1.4773305346330314,1.4861766184959282,0.9122117141686995,0.0,0.05,0.15405767236812593,2.4773305346330314
aed,0,1027,1,puzzle,2,1.0,0.0,1.641388398040058e-23,0.9848915567778103,1.4773373351667154,1.4863824220792823,0.9121346839395794,0.0,0.05,0.15405767236812593,2.477337335166715
aed,0,1028,1,puzzle,2,1.0,0.0,1.559318978138056e-23,0.9848960810944968,1.4773441216417451,1.4865872305770946,0.9122564460355331,0.0,0.05,0.15405767236812593,2.477344121641745
aed,0,1029,1,puzzle,2,1.0,0.0,1.4813530292311563e-23,0.9849005960726487,1.477350894108973,1.486791048894754,0.9125740363609588,0.0,0.05,0.15405767236812593,2.477350894108973
aed,0,1030,1,puzzle,2,1.0,0.0,1.4072853777695973e-23,0.9849051017459912,1.4773576526189869,1.4869938819133752,0.9130845252917376,0.0,0.05,0.15405767236812593,2.477357652618987
aed,0,1031,1,puzzle,2,1.0,0.0,1.3369211088811165e-23,0.9849095981480803,1.4773643972221204,1.487195734489919,0.9137850173066187,0.0,0.05,0.15405767236812593,2.4773643972221207
aed,0,1032,1,puzzle,2,1.0,0.0,1.2700750534370595e-23,0.9849140853122968,1.4773711279684454,1.4873966114573116,0.9146726506224186,0.0,0.05,0.15405767236812593,2.4773711279684454
aed,0,1033,1,puzzle,2,1.0,0.0,1.2065713007652089e-23,0.9849185632718527,1.477377844907779,1.487596517624564,0.9157445968329795,0.0,0.05,0.15405767236812593,2.477377844907779
aed,0,1034,1,puzzle,2,1.0,0.0,1.146242735726948e-23,0.9849230320597889,1.4773845480896834,1.4877954577768895,0.9169980605518557,0.0,0.05,0.15405767236812593,2.4773845480896837
aed,0,1035,1,puzzle,2,1.0,0.0,1.0889305989405996e-23,0.9849274917089798,1.4773912375634697,1.4879934366758223,0.9184302790586898,0.0,0.05,0.15405767236812593,2.4773912375634697
aed,0,1036,1,puzzle,2,1.0,0.0,1.0344840689935694e-23,0.9849319422521298,1.4773979133781947,1.4881904590593342,0.9200385219492424,0.0,0.05,0.15405767236812593,2.4773979133781947
aed,0,1037,1,puzzle,2,1.0,0.0,9.827598655438908e-24,0.98493638372178,1.4774045755826701,1.488386529641951,0.9218200907890308,0.0,0.05,0.15405767236812593,2.4774045755826704
aed,0,1038,1,puzzle,2,1.0,0.0,9.336218722666966e-24,0.9849408161503052,1.4774112242254578,1.4885816531148686,0.9237723187705513,0.0,0.05,0.15405767236812593,2.477411224225458
aed,0,1039,1,puzzle,2,1.0,0.0,8.869407786533626e-24,0.9849452395699132,1.47741785935487,1.4887758341460686,0.9258925703740445,0.0,0.05,0.15405767236812593,2.47741785935487
aed,0,1040,1,puzzle,2,1.0,0.0,8.425937397206925e-24,0.9849496540126548,1.477424481018982,1.4889690773804332,0.9281782410317552,0.0,0.05,0.15405767236812593,2.477424481018982
aed,0,1041,1,puzzle,2,1.0,0.0,8.004640527346594e-24,0.9849540595104123,1.4774310892656184,1.489161387439859,0.9306267567956783,0.0,0.05,0.15405767236812593,2.477431089265618
aed,0,1042,1,puzzle,2,1.0,0.0,7.60440850097926e-24,0.9849584560949111,1.4774376841423666,1.4893527689233714,0.9332355740087263,0.0,0.05,0.15405767236812593,2.477437684142367
aed,0,1043,1,puzzle,2,1.0,0.0,7.224188075930304e-24,0.9849628437977178,1.4774442656965767,1.4895432264072375,0.9360021789792997,0.0,0.05,0.15405767236812593,2.477444265696577
aed,0,1044,1,puzzle,2,1.0,0.0,6.862978672133774e-24,0.984967222650236,1.4774508339753538,1.489732764445078,0.9389240876592309,0.0,0.05,0.15405767236812593,2.477450833975354
aed,0,1045,1,puzzle,2,1.0,0.0,6.5198297385270855e-24,0.984971592683714,1.477457389025571,1.4899213875679804,0.9419988453250479,0.0,0.05,0.15405767236812593,2.477457389025571
aed,0,1046,1,puzzle,2,1.0,0.0,6.193838251600731e-24,0.9849759539292448,1.477463930893867,1.4901091002846099,0.9452240262625401,0.0,0.05,0.15405767236812593,2.477463930893867
aed,0,1047,1,puzzle,2,1.0,0.0,5.884146339020692e-24,0.9849803064177624,1.4774704596266435,1.49029590708132,0.9485972334545912,0.0,0.05,0.15405767236812593,2.4774704596266437
aed,0,1048,1,puzzle,2,1.0,0.0,5.589939022069672e-24,0.984984650180048,1.477476975270072,1.4904818124222639,0.9521160982722371,0.0,0.05,0.15405767236812593,2.477476975270072
aed,0,1049,1,puzzle,2,1.0,0.0,5.310442070966186e-24,0.9849889852467298,1.4774834778700947,1.490666820749503,0.9557782801689231,0.0,0.05,0.15405767236812593,2.477483477870095
aed,0,1050,1,puzzle,2,1.0,0.0,5.044919967417868e-24,0.9849933116482813,1.477489967472422,1.4908509364831175,0.9595814663779293,0.0,0.05,0.15405767236812593,2.477489967472422
aed,0,1051,1,puzzle,2,1.0,0.0,4.7926739690469714e-24,0.9849976294150251,1.4774964441225378,1.4910341640213145,0.9635233716129267,0.0,0.05,0.15405767236812593,2.4774964441225378
aed,0,1052,1,puzzle,2,1.0,0.0,4.5530402705946334e-24,0.9850019385771348,1.4775029078657023,1.4912165077405364,0.9676017377716315,0.0,0.05,0.15405767236812593,2.477502907865702
aed,0,1053,1,puzzle,2,1.0,0.0,4.325388257064898e-24,0.9850062391646305,1.4775093587469457,1.4913979719955686,0.9718143336425381,0.0,0.05,0.15405767236812593,2.4775093587469454
aed,0,1054,1,puzzle,2,1.0,0.0,4.109118844211652e-24,0.9850105312073867,1.4775157968110801,1.4915785611196462,0.9761589546146787,0.0,0.05,0.15405767236812593,2.47751579681108
aed,0,1055,1,puzzle,2,1.0,0.0,3.903662902001071e-24,0.9850148147351296,1.4775222221026945,1.4917582794245614,0.9806334223903989,0.0,0.05,0.15405767236812593,2.4775222221026945
aed,0,1056,1,puzzle,2,1.0,0.0,3.7084797569010154e-24,0.9850190897774356,1.4775286346661534,1.4919371312007694,0.985235584701111,0.0,0.05,0.15405767236812593,2.4775286346661534
aed,0,1057,1,puzzle,2,1.0,0.0,3.523055769055968e-24,0.9850233563637393,1.4775350345456089,1.4921151207174936,0.9899633150259846,0.0,0.05,0.15405767236812593,2.4775350345456086
aed,0,1058,1,puzzle,2,1.0,0.0,3.346902980603163e-24,0.9850276145233268,1.47754142178499,1.4922922522228312,0.9948145123135659,0.0,0.05,0.15405767236812593,2.47754142178499
aed,0,1059,1,puzzle,0,1.0,0.0,3.1795578315730028e-24,0.9854782109731965,1.4782173164597947,1.492471877544016,0.9991209282746515,0.0,0.05,0.15405767236812593,2.4782173164597947
aed,0,1060,1,puzzle,2,1.0,0.0,3.020579939994351e-24,0.9854823539782741,1.4782235309674112,1.492650635811133,1.003556823835627,0.0,0.05,0.15405767236812593,2.478223530967411
aed,0,1061,1,puzzle,2,1.0,0.0,2.8695509429946428e-24,0.985486488816942,1.478229733225413,1.4928285312982046,1.008120053670062,0.0,0.05,0.15405767236812593,2.478229733225413
aed,0,1062,1,puzzle,2,1.0,0.0,2.726073395844909e-24,0.985490615517373,1.4782359232760596,1.4930055682580938,1.0128084981153958,0.0,0.05,0.15405767236812593,2.47823592327606
aed,0,1063,1,puzzle,2,1.0,0.0,2.5897697260526614e-24,0.9854947341076045,1.4782421011614066,1.4931817509226102,1.0176200628954453,0.0,0.05,0.15405767236812593,2.4782421011614066
aed,0,1064,1,puzzle,2,1.0,0.0,2.460281239750027e-24,0.9854988446155357,1.4782482669233037,1.4933570835026135,1.0225526788458006,0.0,0.05,0.15405767236812593,2.4782482669233037
aed,0,1065,1,puzzle,2,1.0,0.0,2.3372671777625255e-24,0.9855029470689323,1.4782544206033985,1.4935315701881173,1.0276043016420613,0.0,0.05,0.15405767236812593,2.4782544206033985
aed,0,1066,1,puzzle,2,1.0,0.0,2.2204038188744013e-24,0.9855070414954209,1.4782605622431313,1.4937052151483923,1.0327729115309017,0.0,0.05,0.15405767236812593,2.4782605622431313
aed,0,1067,1,puzzle,2,1.0,0.0,2.10938362793068e-24,0.9855111279224942,1.4782666918837413,1.493878022532069,1.0380565130639203,0.0,0.05,0.15405767236812593,2.478266691883741
aed,0,1068,1,puzzle,2,1.0,0.0,2.0039144465341472e-24,0.9855152063775123,1.4782728095662685,1.49404999646724,1.0434531348342526,0.0,0.05,0.15405767236812593,2.4782728095662687
aed,0,1069,1,puzzle,2,1.0,0.0,1.9037187242074372e-24,0.9855192768877012,1.4782789153315519,1.4942211410615616,1.0489608292159198,0.0,0.05,0.15405767236812593,2.478278915331552
aed,0,1070,1,puzzle,2,1.0,0.0,1.8085327879970677e-24,0.985523339480156,1.478285009220234,1.494391460402355,1.0545776721058815,0.0,0.05,0.15405767236812593,2.478285009220234
aed,0,1071,1,puzzle,2,1.0,0.0,1.718106148597215e-24,0.9855273941818401,1.47829109127276,1.494560958556707,1.0603017626687696,0.0,0.05,0.15405767236812593,2.47829109127276
aed,0,1072,1,puzzle,2,1.0,0.0,1.6322008411673541e-24,0.9855314410195861,1.4782971615293792,1.4947296395715703,1.066131223084273,0.0,0.05,0.15405767236812593,2.478297161529379
aed,0,1073,1,puzzle,2,1.0,0.0,1.5505907991089826e-24,0.9855354800200962,1.4783032200301442,1.4948975074738633,1.0720641982971493,0.0,0.05,0.15405767236812593,2.4783032200301442
aed,0,1074,1,puzzle,2,1.0,0.0,1.4730612591535326e-24,0.9855395112099451,1.4783092668149176,1.4950645662705686,1.0780988557698288,0.0,0.05,0.15405767236812593,2.4783092668149176
aed,0,1075,1,puzzle,2,1.0,0.0,1.3994081961958592e-24,0.9855435346155793,1.478315301923369,1.4952308199488327,1.084233385237594,0.0,0.05,0.15405767236812593,2.4783153019233692
aed,0,1076,1,puzzle,2,1.0,0.0,1.3294377863860645e-24,0.9855475502633168,1.4783213253949752,1.4953962724760632,1.090465998466306,0.0,0.05,0.15405767236812593,2.478321325394975
aed,0,1077,1,puzzle,2,1.0,0.0,1.2629658970667617e-24,0.9855515581793509,1.4783273372690264,1.495560927800028,1.0967949290126444,0.0,0.05,0.15405767236812593,2.478327337269026
aed,0,1078,1,puzzle,2,1.0,0.0,1.1998176022134242e-24,0.9855555583897483,1.4783333375846224,1.4957247898489507,1.1032184319868463,0.0,0.05,0.15405767236812593,2.4783333375846226
aed,0,1079,1,puzzle,2,1.0,0.0,1.1398267221027514e-24,0.9855595509204523,1.4783393263806786,1.4958878625316094,1.1097347838179088,0.0,0.05,0.15405767236812593,2.4783393263806786
aed,0,1080,1,puzzle,2,1.0,0.0,1.0828353859976137e-24,0.9855635357972781,1.478345303695917,1.496050149737431,1.1163422820212436,0.0,0.05,0.15405767236812593,2.4783453036959173
aed,0,1081,1,puzzle,2,1.0,0.0,1.0286936166977353e-24,0.9855675130459226,1.4783512695688839,1.4962116553365883,1.1230392449687356,0.0,0.05,0.15405767236812593,2.4783512695688836
aed,0,1082,1,puzzle,2,1.0,0.0,9.772589358628465e-25,0.9855714826919562,1.4783572240379343,1.496372383180095,1.129824011661209,0.0,0.05,0.15405767236812593,2.4783572240379343
aed,0,1083,1,puzzle,2,1.0,0.0,9.283959890697052e-25,0.9855754447608293,1.4783631671412438,1.4965323370999009,1.136694941503254,0.0,0.05,0.15405767236812593,2.478363167141244
aed,0,1084,1,puzzle,2,1.0,0.0,8.819761896162207e-25,0.9855793992778732,1.4783690989168097,1.4966915209089855,1.1436504140803971,0.0,0.05,0.15405767236812593,2.4783690989168097
aed,0,1085,1,puzzle,2,1.0,0.0,8.378773801354093e-25,0.9855833462682934,1.47837501940244,1.4968499384014526,1.1506888289386057,0.0,0.05,0.15405767236812593,2.4783750194024403
aed,0,1086,1,puzzle,2,1.0,0.0,7.959835111286377e-25,0.9855872857571808,1.4783809286357712,1.4970075933526243,1.1578086053660728,0.0,0.05,0.15405767236812593,2.4783809286357714
aed,0,1087,1,puzzle,2,1.0,0.0,7.561843355722076e-25,0.9855912177695053,1.478386826654258,1.4971644895191325,1.1650081821772866,0.0,0.05,0.15405767236812593,2.478386826654258
aed,0,1088,1,puzzle,2,1.0,0.0,7.183751187935954e-25,0.9855951423301195,1.4783927134951793,1.4973206306390128,1.1722860174993472,0.0,0.05,0.15405767236812593,2.4783927134951793
aed,0,1089,1,puzzle,2,1.0,0.0,6.824563628539164e-25,0.9855990594637584,1.4783985891956375,1.497476020431796,1.1796405885605123,0.0,0.05,0.15405767236812593,2.4783985891956375
aed,0,1090,1,puzzle,2,1.0,0.0,6.483335447112199e-25,0.9856029691950389,1.4784044537925582,1.4976306625985998,1.1870703914809488,0.0,0.05,0.15405767236812593,2.4784044537925585
aed,0,1091,1,puzzle,2,1.0,0.0,6.159168674756598e-25,0.9856068715484653,1.478410307322698,1.4977845608222202,1.1945739410656615,0.0,0.05,0.15405767236812593,2.478410307322698
aed,0,1092,1,puzzle,2,1.0,0.0,5.8512102410187645e-25,0.9856107665484216,1.4784161498226325,1.4979377187672223,1.2021497705995947,0.0,0.05,0.15405767236812593,2.4784161498226327
aed,0,1093,1,puzzle,2,1.0,0.0,5.558649728967826e-25,0.9856146542191833,1.478421981328775,1.49809014008003,1.2097964316448537,0.0,0.05,0.15405767236812593,2.4784219813287747
aed,0,1094,1,puzzle,2,1.0,0.0,5.280717242519436e-25,0.9856185345849067,1.47842780187736,1.4982418283890164,1.2175124938400617,0.0,0.05,0.15405767236812593,2.47842780187736
aed,0,1095,1,puzzle,2,1.0,0.0,5.016681380393468e-25,0.9856224076696379,1.478433611504457,1.4983927873045935,1.2252965447017976,0.0,0.05,0.15405767236812593,2.4784336115044567
aed,0,1096,1,puzzle,2,1.0,0.0,4.765847311373793e-25,0.9856262734973095,1.4784394102459641,1.4985430204193004,1.2331471894281159,0.0,0.05,0.15405767236812593,2.478439410245964
aed,0,1097,1,puzzle,2,1.0,0.0,4.527554945805098e-25,0.985630132091744,1.4784451981376159,1.498692531307892,1.241063050704111,0.0,0.05,0.15405767236812593,2.478445198137616
aed,0,1098,1,puzzle,2,1.0,0.0,4.301177198514837e-25,0.9856339834766492,1.4784509752149737,1.4988413235274276,1.2490427685095238,0.0,0.05,0.15405767236812593,2.4784509752149737
aed,0,1099,1,puzzle,2,1.0,0.0,4.0861183385890953e-25,0.9856378276756245,1.4784567415134366,1.4989894006173576,1.2570849999283495,0.0,0.05,0.15405767236812593,2.478456741513437
aed,0,1100,1,puzzle,0,1.0,0.0,3.881812421659648e-25,0.9860501846036628,1.4790752769054942,1.4991398299987984,1.26457870302237,0.0,0.05,0.15405767236812593,2.479075276905494
aed,0,1101,1,puzzle,2,1.0,0.0,3.6877218005766574e-25,0.986053931287435,1.4790808969311526,1.49928953533346,1.2721415543944539,0.0,0.05,0.15405767236812593,2.4790808969311526
aed,0,1102,1,puzzle,2,1.0,0.0,3.503335710547835e-25,0.9860576709928516,1.4790865064892773,1.499438520189239,1.279772152550471,0.0,0.05,0.15405767236812593,2.4790865064892773
aed,0,1103,1,puzzle,2,1.0,0.0,3.328168925020438e-25,0.9860614037426758,1.4790921056140136,1.499586788116363,1.2874691135273157,0.0,0.05,0.15405767236812593,2.4790921056140136
aed,0,1104,2,mastered,1,0.0,0.0,3.1617604787694116e-25,0.9864250602673184,1.4796375904009775,1.499737042127786,1.2946938741188512,0.0,0.05,0.15405767236812593,1.4796375904009775
aed,0,1105,1,puzzle,1,0.0,0.0,3.003672454830946e-25,0.8597241971958834,1.289586295793825,1.4989362883961161,1.4910969279799537,0.0,0.05,0.15405767236812593,1.289586295793825
aed,0,1106,1,puzzle,2,1.0,0.0,2.853488832089399e-25,0.9864287136758474,1.479643070513771,1.4990898223067044,1.4956327104930875,0.0,0.05,0.15405767236812593,2.479643070513771
aed,0,1107,1,puzzle,2,1.0,0.0,2.710814390484928e-25,0.9864323602980752,1.479648540447113,1.4992426158974066,1.5002704588384503,0.0,0.05,0.15405767236812593,2.479648540447113
aed,0,1108,1,puzzle,2,1.0,0.0,2.575273670960682e-25,0.9864360001560667,1.4796540002341,1.4993946728190901,1.5050084268350559,0.0,0.05,0.15405767236812593,2.4796540002341
aed,0,1109,1,puzzle,2,1.0,0.0,2.4465099874126444e-25,0.9864396332717821,1.4796594499076732,1.499545996704533,1.5098448893635652,0.0,0.05,0.15405767236812593,2.479659449907673
aed,0,1110,1,puzzle,2,1.0,0.0,2.3241844880420107e-25,0.9864432596670826,1.479664889500624,1.4996965911685134,1.514778142137819,0.0,0.05,0.15405767236812593,2.479664889500624
aed,0,1111,1,puzzle,2,1.0,0.0,2.2079752636399124e-25,0.986446879363726,1.479670319045589,1.4998464598078989,1.5198065014787505,0.0,0.05,0.15405767236812593,2.479670319045589
aed,0,1112,1,puzzle,2,1.0,0.0,2.09757650045792e-25,0.9864504923833712,1.479675738575057,1.4999956062017348,1.5249283040906407,0.0,0.05,0.15405767236812593,2.479675738575057
aed,0,1113,1,puzzle,2,1.0,0.0,1.9926976754350182e-25,0.9864540987475805,1.4796811481213707,1.500144033911333,1.5301419068396966,0.0,0.05,0.15405767236812593,2.4796811481213705
aed,0,1114,1,puzzle,2,1.0,0.0,1.8930627916632717e-25,0.9864576984778113,1.479686547716717,1.50029174648036,1.5354456865349428,0.0,0.05,0.15405767236812593,2.479686547716717
aed,0,1115,1,puzzle,2,1.0,0.0,1.7984096520801063e-25,0.9864612915954278,1.4796919373931416,1.500438747434924,1.5408380397113757,0.0,0.05,0.15405767236812593,2.4796919373931416
aed,0,1116,1,puzzle,2,1.0,0.0,1.7084891694761017e-25,0.986464878121694,1.479697317182541,1.500585040283662,1.546317382415383,0.0,0.05,0.15405767236812593,2.479697317182541
aed,0,1117,1,puzzle,2,1.0,0.0,1.6230647110022953e-25,0.9864684580777767,1.479702687116665,1.500730628517827,1.5518821499923914,0.0,0.05,0.15405767236812593,2.479702687116665
aed,0,1118,1,puzzle,2,1.0,0.0,1.541911475452182e-25,0.986472031484749,1.4797080472271236,1.5008755156113736,1.5575307968767174,0.0,0.05,0.15405767236812593,2.4797080472271236
aed,0,1119,1,puzzle,2,1.0,0.0,1.464815901679573e-25,0.9864755983635841,1.4797133975453762,1.5010197050210434,1.5632617963836173,0.0,0.05,0.15405767236812593,2.4797133975453765
aed,0,1120,1,puzzle,2,1.0,0.0,1.3915751065955948e-25,0.9864791587351613,1.4797187381027421,1.5011632001864519,1.5690736405034909,0.0,0.05,0.15405767236812593,2.479718738102742
aed,0,1121,1,puzzle,2,1.0,0.0,1.3219963512658123e-25,0.9864827126202667,1.4797240689304,1.5013060045301718,1.5749648396982276,0.0,0.05,0.15405767236812593,2.4797240689304
aed,0,1122,1,puzzle,2,1.0,0.0,1.2558965337025217e-25,0.9864862600395892,1.4797293900593838,1.501448121457818,1.5809339226996795,0.0,0.05,0.15405767236812593,2.4797293900593838
aed,0,1123,1,puzzle,2,1.0,0.0,1.193101707017395e-25,0.986489801013725,1.4797347015205875,1.501589554358132,1.586979436310227,0.0,0.05,0.15405767236812593,2.4797347015205875
aed,0,1124,1,puzzle,2,1.0,0.0,1.1334466216665277e-25,0.9864933355631784,1.4797400033447676,1.5017303066030652,1.5930999452054222,0.0,0.05,0.15405767236812593,2.4797400033447676
aed,0,1125,1,puzzle,2,1.0,0.0,1.0767742905832017e-25,0.9864968637083589,1.4797452955625383,1.5018703815478625,1.5992940317386921,0.0,0.05,0.15405767236812593,2.4797452955625383
aed,0,1126,1,puzzle,2,1.0,0.0,1.0229355760540403e-25,0.9865003854695857,1.4797505782043787,1.5020097825311451,1.6055602957480717,0.0,0.05,0.15405767236812593,2.4797505782043787
aed,0,1127,1,puzzle,2,1.0,0.0,9.717887972513387e-26,0.9865039008670857,1.4797558513006286,1.5021485128749925,1.6118973543649548,0.0,0.05,0.15405767236812593,2.4797558513006286
aed,0,1128,1,puzzle,2,1.0,0.0,9.231993573887699e-26,0.9865074099209933,1.47976111488149,1.502286575885025,1.6183038418248403,0.0,0.05,0.15405767236812593,2.47976111488149
aed,0,1129,1,puzzle,2,1.0,0.0,8.770393895193336e-26,0.9865109126513555,1.4797663689770333,1.502423974850485,1.6247784092800437,0.0,0.05,0.15405767236812593,2.4797663689770335
aed,0,1130,1,puzzle,2,1.0,0.0,8.331874200433664e-26,0.986514409078126,1.479771613617189,1.5025607130443186,1.631319724614373,0.0,0.05,0.15405767236812593,2.479771613617189
aed,0,1131,1,puzzle,2,1.0,0.0,7.915280490411972e-26,0.9865178992211713,1.4797768488317569,1.5026967937232558,1.6379264722597282,0.0,0.05,0.15405767236812593,2.479776848831757
aed,0,1132,1,puzzle,2,1.0,0.0,7.519516465891376e-26,0.9865213831002672,1.4797820746504007,1.5028322201278914,1.6445973530146216,0.0,0.05,0.15405767236812593,2.4797820746504007
aed,0,1133,1,puzzle,2,1.0,0.0,7.143540642596805e-26,0.9865248607351036,1.4797872911026553,1.5029669954827654,1.6513310838645854,0.0,0.05,0.15405767236812593,2.4797872911026553
aed,0,1134,1,puzzle,2,1.0,0.0,6.786363610466966e-26,0.9865283321452795,1.4797924982179191,1.503101122996441,1.6581263978044614,0.0,0.05,0.15405767236812593,2.479792498217919
aed,0,1135,1,puzzle,2,1.0,0.0,6.447045429943629e-26,0.986531797350308,1.4797976960254622,1.5032346058615862,1.6649820436625407,0.0,0.05,0.15405767236812593,2.479797696025462
aed,0,1136,1,puzzle,2,1.0,0.0,6.124693158446435e-26,0.986535256369617,1.4798028845544255,1.5033674472550504,1.6718967859265401,0.0,0.05,0.15405767236812593,2.4798028845544255
aed,0,1137,1,puzzle,2,1.0,0.0,5.818458500524114e-26,0.9865387092225427,1.479808063833814,1.5034996503379443,1.678869404571405,0.0,0.05,0.15405767236812593,2.479808063833814
aed,0,1138,1,puzzle,2,1.0,0.0,5.527535575497905e-26,0.986542155928341,1.4798132338925116,1.503631218255717,1.6858986948888963,0.0,0.05,0.15405767236812593,2.4798132338925116
aed,0,1139,1,puzzle,2,1.0,0.0,5.251158796723009e-26,0.9865455965061785,1.4798183947592678,1.5037621541382347,1.6929834673189743,0.0,0.05,0.15405767236812593,2.479818394759268
aed,0,1140,1,puzzle,2,1.0,0.0,4.988600856886856e-26,0.9865490309751409,1.4798235464627114,1.5038924610998572,1.7001225472829304,0.0,0.05,0.15405767236812593,2.479823546462711
aed,0,1141,1,puzzle,2,1.0,0.0,4.739170814042518e-26,0.986552459354225,1.4798286890313375,1.5040221422395148,1.7073147750182784,0.0,0.05,0.15405767236812593,2.4798286890313372
aed,0,1142,1,puzzle,2,1.0,0.0,4.502212273340395e-26,0.9865558816623448,1.479833822493517,1.5041512006407847,1.7145590054153632,0.0,0.05,0.15405767236812593,2.479833822493517
aed,0,1143,1,puzzle,2,1.0,0.0,4.277101659673378e-26,0.9865592979183339,1.4798389468775008,1.5042796393719682,1.7218541078556768,0.0,0.05,0.15405767236812593,2.479838946877501
aed,0,1144,1,puzzle,2,1.0,0.0,4.06324657668971e-26,0.986562708140939,1.4798440622114086,1.5044074614861653,1.7291989660518767,0.0,0.05,0.15405767236812593,2.4798440622114084
aed,0,1145,1,puzzle,2,1.0,0.0,3.8600842478552244e-26,0.9865661123488262,1.4798491685232393,1.5045346700213507,1.7365924778894692,0.0,0.05,0.15405767236812593,2.4798491685232396
aed,0,1146,1,puzzle,2,1.0,0.0,3.6670800354624586e-26,0.9865695105605806,1.4798542658408709,1.5046612680004483,1.744033555270152,0.0,0.05,0.15405767236812593,2.4798542658408707
aed,0,1147,1,puzzle,2,1.0,0.0,3.483726033689335e-26,0.9865729027947018,1.4798593541920526,1.5047872584314061,1.751521123956804,0.0,0.05,0.15405767236812593,2.479859354192053
aed,0,1148,1,puzzle,0,1.0,0.0,3.309539732004872e-26,0.9869324952142127,1.480398742821319,1.5049153158533557,1.7585224857492727,0.0,0.05,0.15405767236812593,2.4803987428213192
aed,0,1149,1,puzzle,2,1.0,0.0,3.1440627454046294e-26,0.986935807400129,1.4804037111001935,1.50504275782959,1.7655763076211763,0.0,0.05,0.15405767236812593,2.4804037111001938
aed,0,1150,1,puzzle,2,1.0,0.0,2.986859608134395e-26,0.9869391137692841,1.4804086706539261,1.5051695873937116,1.7726814612847501,0.0,0.05,0.15405767236812593,2.480408670653926
aed,0,1151,1,puzzle,2,1.0,0.0,2.837516627727678e-26,0.9869424143395664,1.4804136215093497,1.50529580756429,1.7798368327268428,0.0,0.05,0.15405767236812593,2.4804136215093497
aed,0,1152,1,puzzle,2,1.0,0.0,2.695640796341295e-26,0.9869457091287874,1.4804185636931813,1.5054214213449344,1.7870413220513275,0.0,0.05,0.15405767236812593,2.4804185636931813
aed,0,1153,1,puzzle,2,1.0,0.0,2.5608587565242263e-26,0.9869489981546773,1.480423497232016,1.5055464317243699,1.794293843323168,0.0,0.05,0.15405767236812593,2.480423497232016
aed,0,1154,1,puzzle,2,1.0,0.0,2.4328158186980187e-26,0.9869522814348929,1.4804284221523394,1.5056708416765097,1.8015933244141067,0.0,0.05,0.15405767236812593,2.4804284221523396
aed,0,1155,1,puzzle,2,1.0,0.0,2.3111750277631104e-26,0.986955558987012,1.480433338480518,1.5057946541605298,1.8089387068499774,0.0,0.05,0.15405767236812593,2.480433338480518
aed,0,1156,1,puzzle,2,1.0,0.0,2.1956162763749618e-26,0.9869588308285366,1.480438246242805,1.5059178721209412,1.816328945659614,0.0,0.05,0.15405767236812593,2.480438246242805
aed,0,1157,1,puzzle,2,1.0,0.0,2.0858354625562105e-26,0.9869620969768912,1.4804431454653368,1.5060404984876632,1.823763009225344,0.0,0.05,0.15405767236812593,2.480443145465337
aed,0,1158,1,puzzle,2,1.0,0.0,1.981543689428401e-26,0.9869653574494268,1.4804480361741401,1.5061625361760955,1.831239879135046,0.0,0.05,0.15405767236812593,2.48044803617414
aed,0,1159,1,puzzle,2,1.0,0.0,1.8824665049569776e-26,0.9869686122634189,1.4804529183951285,1.5062839880871906,1.8387585500357575,0.0,0.05,0.15405767236812593,2.4804529183951285
aed,0,1160,1,puzzle,2,1.0,0.0,1.788343179709132e-26,0.9869718614360677,1.4804577921541016,1.5064048571075253,1.8463180294888235,0.0,0.05,0.15405767236812593,2.480457792154102
aed,0,1161,1,puzzle,2,1.0,0.0,1.698926020723675e-26,0.9869751049844984,1.4804626574767474,1.5065251461093714,1.8539173378265592,0.0,0.05,0.15405767236812593,2.4804626574767474
aed,0,1162,1,puzzle,2,1.0,0.0,1.613979719687489e-26,0.9869783429257635,1.4804675143886452,1.5066448579507676,1.861555508010416,0.0,0.05,0.15405767236812593,2.4804675143886454
aed,0,1163,1,puzzle,2,1.0,0.0,1.533280733703114e-26,0.9869815752768435,1.4804723629152652,1.5067639954755903,1.869231585490637,0.0,0.05,0.15405767236812593,2.480472362915265
aed,0,1164,1,puzzle,2,1.0,0.0,1.456616697017961e-26,0.9869848020546417,1.4804772030819624,1.506882561513622,1.8769446280673903,0.0,0.05,0.15405767236812593,2.4804772030819624
aed,0,1165,1,puzzle,2,1.0,0.0,1.383785862167061e-26,0.9869880232759913,1.480482034913987,1.507000558880624,1.884693705753353,0.0,0.05,0.15405767236812593,2.480482034913987
aed,0,1166,1,puzzle,2,1.0,0.0,1.3145965690587083e-26,0.9869912389576538,1.4804868584364808,1.507117990378403,1.892477900637742,0.0,0.05,0.15405767236812593,2.480486858436481
aed,0,1167,1,puzzle,2,1.0,0.0,1.2488667406057735e-26,0.9869944491163175,1.4804916736744762,1.5072348587948834,1.9002963067517717,0.0,0.05,0.15405767236812593,2.480491673674476
aed,0,1168,1,puzzle,2,1.0,0.0,1.1864234035754823e-26,0.9869976537685995,1.4804964806528993,1.5073511669041735,1.9081480299355282,0.0,0.05,0.15405767236812593,2.4804964806528993
aed,0,1169,1,puzzle,2,1.0,0.0,1.127102233396708e-26,0.9870008529310478,1.4805012793965717,1.5074669174666355,1.9160321877062367,0.0,0.05,0.15405767236812593,2.480501279396572
aed,0,1170,1,puzzle,2,1.0,0.0,1.0707471217268747e-26,0.9870040466201357,1.4805060699302035,1.5075821132289533,1.9239479091279241,0.0,0.05,0.15405767236812593,2.4805060699302035
aed,0,1171,1,puzzle,2,1.0,0.0,1.0172097656405291e-26,0.98700723485227,1.480510852278405,1.5076967569242006,1.9318943346824404,0.0,0.05,0.15405767236812593,2.480510852278405
aed,0,1172,1,puzzle,2,1.0,0.0,9.66349277358503e-27,0.9870104176437862,1.4805156264656794,1.507810851271908,1.9398706161418446,0.0,0.05,0.15405767236812593,2.4805156264656794
aed,0,1173,1,puzzle,2,1.0,0.0,9.180318134905777e-27,0.9870135950109484,1.4805203925164228,1.5079243989781306,1.947875916442134,0.0,0.05,0.15405767236812593,2.4805203925164228
aed,0,1174,1,puzzle,2,1.0,0.0,8.721302228160486e-27,0.987016766969956,1.480525150454934,1.5080374027355146,1.9559094095582932,0.0,0.05,0.15405767236812593,2.480525150454934
aed,0,1175,1,puzzle,2,1.0,0.0,8.28523711675247e-27,0.9870199335369356,1.4805299003054033,1.5081498652233638,1.9639702803806707,0.0,0.05,0.15405767236812593,2.4805299003054033
aed,0,1176,1,puzzle,2,1.0,0.0,7.870975260914854e-27,0.9870230947279474,1.480534642091921,1.5082617891077066,1.9720577245926496,0.0,0.05,0.15405767236812593,2.480534642091921
aed,0,1177,1,puzzle,2,1.0,0.0,7.477426497869104e-27,0.9870262505589836,1.4805393758384755,1.5083731770413604,1.980170948549608,0.0,0.05,0.15405767236812593,2.4805393758384753
aed,0,1178,1,puzzle,2,1.0,0.0,7.103555172975656e-27,0.9870294010459655,1.4805441015689482,1.5084840316639985,1.9883091691591621,0.0,0.05,0.15405767236812593,2.480544101568948
aed,0,1179,1,puzzle,2,1.0,0.0,6.748377414326856e-27,0.9870325462047531,1.4805488193071297,1.508594355602214,1.9964716137626548,0.0,0.05,0.15405767236812593,2.4805488193071294
aed,0,1180,1,puzzle,2,1.0,0.0,6.410958543610533e-27,0.9870356860511362,1.4805535290767042,1.5087041514695867,2.0046575200179104,0.0,0.05,0.15405767236812593,2.4805535290767042
aed,0,1181,1,puzzle,2,1.0,0.0,6.090410616429996e-27,0.987038820600837,1.4805582309012555,1.508813421866745,2.012866135783221,0.0,0.05,0.15405767236812593,2.4805582309012557
aed,0,1182,1,puzzle,2,1.0,0.0,5.785890085608495e-27,0.9870419498695131,1.4805629248042695,1.5089221693814325,2.0210967190025517,0.0,0.05,0.15405767236812593,2.4805629248042695
aed,0,1183,1,puzzle,2,1.0,0.0,5.496595581328061e-27,0.9870450738727555,1.4805676108091332,1.509030396588571,2.029348537591964,0.0,0.05,0.15405767236812593,2.4805676108091332
aed,0,1184,1,puzzle,2,1.0,0.0,5.2217658022616696e-27,0.9870481926260916,1.4805722889391373,1.5091381060503237,2.037620869327231,0.0,0.05,0.15405767236812593,2.480572288939137
aed,0,1185,1,puzzle,2,1.0,0.0,4.960677512148578e-27,0.9870513061449809,1.4805769592174713,1.5092453003161594,2.045913001732647,0.0,0.05,0.15405767236812593,2.4805769592174713
aed,0,1186,1,puzzle,2,1.0,0.0,4.712643636541149e-27,0.9870544144448208,1.4805816216672312,1.5093519819229149,2.0542242319710042,0.0,0.05,0.15405767236812593,2.4805816216672314
aed,0,1187,1,puzzle,2,1.0,0.0,4.4770114547140935e-27,0.9870575175409427,1.4805862763114142,1.5094581533948574,2.0625538667347376,0.0,0.05,0.15405767236812593,2.4805862763114144
aed,0,1188,1,puzzle,2,1.0,0.0,4.253160881978389e-27,0.987060615448614,1.480590923172921,1.5095638172437478,2.070901222138217,0.0,0.05,0.15405767236812593,2.480590923172921
aed,0,1189,1,puzzle,2,1.0,0.0,4.040502837879469e-27,0.9870637081830391,1.4805955622745586,1.509668975968902,2.079265623611178,0.0,0.05,0.15405767236812593,2.4805955622745586
aed,0,1190,1,puzzle,2,1.0,0.0,3.838477695985498e-27,0.9870667957593602,1.4806001936390403,1.5097736320572526,2.0876464057932784,0.0,0.05,0.15405767236812593,2.4806001936390403
aed,0,1191,1,puzzle,2,1.0,0.0,3.646553811186219e-27,0.987069878192654,1.480604817288981,1.509877787983411,2.096042912429776,0.0,0.05,0.15405767236812593,2.480604817288981
aed,0,1192,1,puzzle,2,1.0,0.0,3.4642261206269106e-27,0.9870729554979341,1.480609433246901,1.5099814462097285,2.104454496268305,0.0,0.05,0.15405767236812593,2.480609433246901
aed,0,1193,1,puzzle,2,1.0,0.0,3.2910148145955674e-27,0.987076027690157,1.4806140415352356,1.510084609186356,2.112880518956742,0.0,0.05,0.15405767236812593,2.480614041535236
aed,0,1194,1,puzzle,2,1.0,0.0,3.1264640738657936e-27,0.9870790947842093,1.480618642176314,1.5101872793513058,2.1213203509421668,0.0,0.05,0.15405767236812593,2.4806186421763137
aed,0,1195,1,puzzle,2,1.0,0.0,2.9701408701725e-27,0.9870821567949237,1.4806232351923856,1.5102894591305114,2.129773371370871,0.0,0.05,0.15405767236812593,2.4806232351923856
aed,0,1196,1,puzzle,2,1.0,0.0,2.8216338266638715e-27,0.9870852137370658,1.4806278206055987,1.510391150937887,2.1382389679894507,0.0,0.05,0.15405767236812593,2.4806278206055987
aed,0,1197,1,puzzle,2,1.0,0.0,2.680552135330678e-27,0.9870882656253434,1.480632398438015,1.5104923571753877,2.1467165370469288,0.0,0.05,0.15405767236812593,2.480632398438015
aed,0,1198,1,puzzle,2,1.0,0.0,2.5465245285641477e-27,0.9870913124744018,1.4806369687116028,1.5105930802330687,2.1552054831979257,0.0,0.05,0.15405767236812593,2.480636968711603
aed,0,1199,1,puzzle,2,1.0,0.0,2.419198302135941e-27,0.9870943542988286,1.480641531448243,1.5106933224891446,2.163705219406848,0.0,0.05,0.15405767236812593,2.480641531448243
aed,0,1200,1,puzzle,2,1.0,0.0,2.298238387029141e-27,0.9870973911131483,1.4806460866697224,1.5107930863100476,2.172215166853105,0.0,0.05,0.15405767236812593,2.480646086669722
aed,0,1201,1,puzzle,2,1.0,0.0,2.183326467677684e-27,0.9871004229318275,1.4806506343977412,1.510892374050486,2.180734754837319,0.0,0.05,0.15405767236812593,2.4806506343977412
aed,0,1202,1,puzzle,2,1.0,0.0,2.074160144293799e-27,0.9871034497692734,1.48065517465391,1.5109911880535032,2.189263420688539,0.0,0.05,0.15405767236812593,2.48065517465391
aed,0,1203,1,puzzle,2,1.0,0.0,1.9704521370791104e-27,0.9871064716398323,1.4806597074597485,1.5110895306505343,2.1978006096724396,0.0,0.05,0.15405767236812593,2.4806597074597487
aed,0,1204,1,puzzle,2,1.0,0.0,1.871929530225151e-27,0.9871094885577947,1.4806642328366921,1.5111874041614652,2.2063457749004884,0.0,0.05,0.15405767236812593,2.480664232836692
aed,0,1205,1,puzzle,2,1.0,0.0,1.7783330537138987e-27,0.9871125005373897,1.4806687508060845,1.5112848108946884,2.214898377240087,0.0,0.05,0.15405767236812593,2.4806687508060845
aed,0,1206,1,puzzle,2,1.0,0.0,1.6894164010282012e-27,0.9871155075927888,1.480673261389183,1.511381753147161,2.223457885225664,0.0,0.05,0.15405767236812593,2.480673261389183
aed,0,1207,2,mastered,1,0.0,0.0,1.6049455809767935e-27,0.9874320276891383,1.4811480415337075,1.5114805845890937,2.2315558494287933,0.0,0.05,0.15405767236812593,1.4811480415337075
aed,0,1208,1,puzzle,1,0.0,0.0,1.5246983019279512e-27,0.8618874507465508,1.2928311761198263,1.5106373375467474,2.4270464523614264,0.0,0.05,0.15405767236812593,1.2928311761198263
aed,0,1209,1,puzzle,2,1.0,0.0,1.448463386831552e-27,0.9874349745857388,1.4811524618786083,1.5107399131684067,2.4323634391276103,0.0,0.05,0.15405767236812593,2.481152461878608
aed,0,1210,2,mastered,1,0.0,0.0,1.3760402174899778e-27,0.9877321676049639,1.4815982514074457,1.510844204859602,2.4372857581884904,0.0,0.05,0.15405767236812593,1.4815982514074457
aed,0,1211,1,puzzle,1,0.0,0.0,1.307238206615478e-27,0.8639696476884178,1.2959544715326268,1.5100197561929671,2.6269781852669456,0.0,0.05,0.15405767236812593,1.2959544715326268
aed,0,1212,1,puzzle,2,1.0,0.0,1.2418762962847035e-27,0.9877350581356122,1.4816025872034184,1.5101276703480193,2.629233486558877,0.0,0.05,0.15405767236812593,2.4816025872034184
aed,0,1213,1,puzzle,2,1.0,0.0,1.1797824814704675e-27,0.9877379439449225,1.481606915917384,1.5102350665758661,2.63156930235177,0.0,0.05,0.15405767236812593,2.481606915917384
aed,0,1214,1,puzzle,2,1.0,0.0,1.1207933573969453e-27,0.9877408250463994,1.4816112375695991,1.5103419474308348,2.633984319189488,0.0,0.05,0.15405767236812593,2.481611237569599
aed,0,1215,1,puzzle,0,1.0,0.0,1.0647536895270982e-27,0.9880416662782875,1.4820624994174312,1.510450550190768,2.6360325267709297,0.0,0.05,0.15405767236812593,2.482062499417431
aed,0,1216,1,puzzle,2,1.0,0.0,1.0115160050507411e-27,0.988044484564455,1.4820667268466825,1.5105586310740475,2.638164105730586,0.0,0.05,0.15405767236812593,2.4820667268466825
aed,0,1217,1,puzzle,2,1.0,0.0,9.609402047982052e-28,0.9880472982602001,1.4820709473903002,1.5106661926556288,2.6403777099386088,0.0,0.05,0.15405767236812593,2.4820709473903
aed,0,1218,1,puzzle,2,1.0,0.0,9.128931945582952e-28,0.9880501073786145,1.4820751610679217,1.5107732374976903,2.6426720092689915,0.0,0.05,0.15405767236812593,2.4820751610679217
aed,0,1219,1,puzzle,2,1.0,0.0,8.672485348303806e-28,0.9880529119327363,1.4820793678991044,1.5108797681496975,2.6450456894268948,0.0,0.05,0.15405767236812593,2.4820793678991047
aed,0,1220,1,puzzle,2,1.0,0.0,8.238861080888611e-28,0.9880557119355481,1.4820835679033222,1.5109857871484658,2.6474974517777694,0.0,0.05,0.15405767236812593,2.482083567903322
aed,0,1221,1,puzzle,2,1.0,0.0,7.826918026844192e-28,0.9880585073999817,1.4820877610999725,1.5110912970182233,2.650026013178242,0.0,0.05,0.15405767236812593,2.4820877610999723
aed,0,1222,1,puzzle,2,1.0,0.0,7.435572125501983e-28,0.9880612983389186,1.482091947508378,1.511196300270674,2.652630105808756,0.0,0.05,0.15405767236812593,2.482091947508378
aed,0,1223,1,puzzle,2,1.0,0.0,7.063793519226858e-28,0.9880640847651856,1.4820961271477784,1.5113007994050596,2.6553084770079494,0.0,0.05,0.15405767236812593,2.4820961271477784
aed,0,1224,1,puzzle,2,1.0,0.0,6.710603843265532e-28,0.9880668666915587,1.482100300037338,1.511404796908221,2.6580598891087526,0.0,0.05,0.15405767236812593,2.482100300037338
aed,0,1225,1,puzzle,2,1.0,0.0,6.37507365110225e-28,0.9880696441307636,1.4821044661961453,1.5115082952546606,2.66088311927618,0.0,0.05,0.15405767236812593,2.4821044661961453
aed,0,1226,1,puzzle,2,1.0,0.0,6.056319968547138e-28,0.9880724170954724,1.4821086256432086,1.5116112969066033,2.663776959346813,0.0,0.05,0.15405767236812593,2.4821086256432086
aed,0,1227,1,puzzle,2,1.0,0.0,5.753503970119785e-28,0.98807518559831,1.482112778397465,1.5117138043140577,2.666740215669938,0.0,0.05,0.15405767236812593,2.482112778397465
aed,0,1228,1,puzzle,2,1.0,0.0,5.465828771613792e-28,0.9880779496518477,1.4821169244777717,1.5118158199148761,2.6697717089503428,0.0,0.05,0.15405767236812593,2.4821169244777717
aed,0,1229,1,puzzle,2,1.0,0.0,5.192537333033095e-28,0.9880807092686054,1.482121063902908,1.5119173461348163,2.6728702740927477,0.0,0.05,0.15405767236812593,2.482121063902908
aed,0,1230,1,puzzle,2,1.0,0.0,4.932910466381451e-28,0.9880834644610572,1.4821251966915858,1.5120183853876001,2.6760347600478345,0.0,0.05,0.15405767236812593,2.4821251966915856
aed,0,1231,1,puzzle,2,1.0,0.0,4.686264943062375e-28,0.9880862152416245,1.4821293228624368,1.5121189400749744,2.6792640296598935,0.0,0.05,0.15405767236812593,2.482129322862437
aed,0,1232,1,puzzle,2,1.0,0.0,4.451951695909247e-28,0.9880889616226805,1.4821334424340207,1.5122190125867696,2.6825569595160434,0.0,0.05,0.15405767236812593,2.4821334424340207
aed,0,1233,1,puzzle,2,1.0,0.0,4.229354111113788e-28,0.9880917036165454,1.4821375554248182,1.5123186053009599,2.6859124397970247,0.0,0.05,0.15405767236812593,2.482137555424818
aed,0,1234,1,puzzle,2,1.0,0.0,4.0178864055581044e-28,0.9880944412354955,1.4821416618532433,1.5124177205837213,2.6893293741295325,0.0,0.05,0.15405767236812593,2.4821416618532433
aed,0,1235,1,puzzle,2,1.0,0.0,3.8169920852801905e-28,0.9880971744917558,1.4821457617376337,1.512516360789491,2.6928066794400944,0.0,0.05,0.15405767236812593,2.482145761737634
aed,0,1236,1,puzzle,2,1.0,0.0,3.6261424810161918e-28,0.9880999033975014,1.4821498550962522,1.5126145282610248,2.696343285810466,0.0,0.05,0.15405767236812593,2.482149855096252
aed,0,1237,1,puzzle,2,1.0,0.0,3.4448353569653736e-28,0.9881026279648631,1.4821539419472947,1.5127122253294563,2.6999381363345227,0.0,0.05,0.15405767236812593,2.4821539419472947
aed,0,1238,1,puzzle,2,1.0,0.0,3.2725935891171078e-28,0.9881053482059188,1.4821580223088782,1.5128094543143533,2.7035901869766525,0.0,0.05,0.15405767236812593,2.4821580223088784
aed,0,1239,1,puzzle,2,1.0,0.0,3.108963909661254e-28,0.9881080641327021,1.4821620961990531,1.5129062175237769,2.70729840643161,0.0,0.05,0.15405767236812593,2.482162096199053
aed,0,1240,1,puzzle,2,1.0,0.0,2.9535157141781893e-28,0.988110775757198,1.482166163635797,1.513002517254337,2.7110617759858338,0.0,0.05,0.15405767236812593,2.482166163635797
aed,0,1241,1,puzzle,2,1.0,0.0,2.80583992846928e-28,0.988113483091345,1.4821702246370174,1.5130983557912505,2.7148792893802085,0.0,0.05,0.15405767236812593,2.4821702246370174
aed,0,1242,1,puzzle,2,1.0,0.0,2.6655479320458177e-28,0.9881161861470303,1.4821742792205455,1.513193735408397,2.718749952674258,0.0,0.05,0.15405767236812593,2.4821742792205455
aed,0,1243,1,puzzle,2,1.0,0.0,2.532270535443527e-28,0.9881188849361012,1.4821783274041518,1.5132886583683758,2.7226727841117393,0.0,0.05,0.15405767236812593,2.482178327404152
aed,0,1244,1,puzzle,2,1.0,0.0,2.405657008671345e-28,0.9881215794703526,1.482182369205529,1.5133831269225617,2.7266468139876547,0.0,0.05,0.15405767236812593,2.482182369205529
aed,0,1245,1,puzzle,2,1.0,0.0,2.285374158237783e-28,0.988124269761536,1.4821864046423041,1.5134771433111605,2.7306710845166347,0.0,0.05,0.15405767236812593,2.482186404642304
aed,0,1246,1,puzzle,2,1.0,0.0,2.1711054503258883e-28,0.9881269558213549,1.4821904337320324,1.513570709763265,2.7347446497027006,0.0,0.05,0.15405767236812593,2.4821904337320326
aed,0,1247,1,puzzle,2,1.0,0.0,2.0625501778095964e-28,0.9881296376614703,1.4821944564922056,1.5136638284969097,2.738866575210378,0.0,0.05,0.15405767236812593,2.4821944564922056
aed,0,1248,1,puzzle,2,1.0,0.0,1.959422668919118e-28,0.9881323152934935,1.4821984729402402,1.5137565017191263,2.74303593823716,0.0,0.05,0.15405767236812593,2.48219847294024
aed,0,1249,1,puzzle,2,1.0,0.0,1.8614515354731578e-28,0.9881349887289913,1.482202483093487,1.513848731625998,2.7472518273872994,0.0,0.05,0.15405767236812593,2.482202483093487
aed,0,1250,1,puzzle,0,1.0,0.0,1.768378958699501e-28,0.9884151628267176,1.4826227442400763,1.5139426016890685,2.7510991665624185,0.0,0.05,0.15405767236812593,2.4826227442400763
aed,0,1251,1,puzzle,2,1.0,0.0,1.679960010764527e-28,0.9884177809040476,1.4826266713560714,1.5140360220374036,2.7549975255781263,0.0,0.05,0.15405767236812593,2.4826266713560714
aed,0,1252,1,puzzle,2,1.0,0.0,1.5959620102263e-28,0.9884203948841013,1.482630592326152,1.5141289948888474,2.758945952885041,0.0,0.05,0.15405767236812593,2.482630592326152
aed,0,1253,1,puzzle,2,1.0,0.0,1.5161639097149873e-28,0.9884230047781047,1.4826345071671572,1.5142215224502389,2.762943508639272,0.0,0.05,0.15405767236812593,2.482634507167157
aed,0,1254,1,puzzle,2,1.0,0.0,1.4403557142292386e-28,0.988425610597247,1.4826384158958705,1.514313606917467,2.766989264574476,0.0,0.05,0.15405767236812593,2.4826384158958703
aed,0,1255,1,puzzle,2,1.0,0.0,1.3683379285177737e-28,0.9884282123526694,1.482642318529004,1.5144052504755248,2.771082303875252,0.0,0.05,0.15405767236812593,2.4826423185290043
aed,0,1256,1,puzzle,2,1.0,0.0,1.2999210320918852e-28,0.9884308100554694,1.482646215083204,1.5144964552985631,2.7752217210518584,0.0,0.05,0.15405767236812593,2.482646215083204
aed,0,1257,1,puzzle,2,1.0,0.0,1.2349249804872929e-28,0.9884334037167033,1.482650105575055,1.5145872235499456,2.7794066218162303,0.0,0.05,0.15405767236812593,2.482650105575055
aed,0,1258,1,puzzle,2,1.0,0.0,1.173178731462929e-28,0.9884359933473849,1.4826539900210773,1.5146775573823013,2.783636122959292,0.0,0.05,0.15405767236812593,2.4826539900210776
aed,0,1259,1,puzzle,2,1.0,0.0,1.1145197948897802e-28,0.9884385789584837,1.4826578684377256,1.5147674589375784,2.7879093522295517,0.0,0.05,0.15405767236812593,2.482657868437726
aed,0,1260,1,puzzle,2,1.0,0.0,1.058793805145292e-28,0.9884411605609278,1.4826617408413916,1.5148569303470973,2.792225448212962,0.0,0.05,0.15405767236812593,2.4826617408413916
aed,0,1261,1,puzzle,2,1.0,0.0,1.0058541148880271e-28,0.9884437381656032,1.4826656072484048,1.514945973731604,2.7965835602140316,0.0,0.05,0.15405767236812593,2.482665607248405
aed,0,1262,1,puzzle,2,1.0,0.0,9.555614091436263e-29,0.988446311783352,1.482669467675028,1.515034591201321,2.800982848138184,0.0,0.05,0.15405767236812593,2.482669467675028
aed,0,1263,1,puzzle,2,1.0,0.0,9.077833386864451e-29,0.988448881424978,1.482673322137467,1.5151227848560016,2.805422482375337,0.0,0.05,0.15405767236812593,2.482673322137467
aed,0,1264,1,puzzle,2,1.0,0.0,8.623941717521216e-29,0.9884514471012389,1.4826771706518582,1.5152105567849807,2.8099016436847064,0.0,0.05,0.15405767236812593,2.4826771706518582
aed,0,1265,1,puzzle,2,1.0,0.0,8.192744631645163e-29,0.9884540088228552,1.4826810132342827,1.5152979090672272,2.8144195230808036,0.0,0.05,0.15405767236812593,2.4826810132342825
aed,0,1266,1,puzzle,0,1.0,0.0,7.783107400062896e-29,0.9887166125406305,1.4830749188109458,1.5153867941159458,2.8185872031549954,0.0,0.05,0.15405767236812593,2.4830749188109458
aed,0,1267,1,puzzle,2,1.0,0.0,7.393952030059753e-29,0.9887191237235746,1.483078685585362,1.515475253573293,2.822797899111377,0.0,0.05,0.15405767236812593,2.4830786855853617
aed,0,1268,1,puzzle,2,1.0,0.0,7.024254428556768e-29,0.9887216310411644,1.4830824465617467,1.5155632895382352,2.827050763096752,0.0,0.05,0.15405767236812593,2.4830824465617467
aed,0,1269,1,puzzle,2,1.0,0.0,6.673041707128926e-29,0.9887241345038178,1.4830862017557267,1.5156509040993227,2.8313449578093803,0.0,0.05,0.15405767236812593,2.483086201755727
aed,0,1270,1,puzzle,2,1.0,0.0,6.339389621772485e-29,0.9887266341219123,1.4830899511828686,1.5157380993347405,2.8356796563831583,0.0,0.05,0.15405767236812593,2.4830899511828686
aed,0,1271,1,puzzle,2,1.0,0.0,6.022420140683855e-29,0.9887291299057875,1.4830936948586813,1.5158248773123602,2.840054042273006,0.0,0.05,0.15405767236812593,2.483093694858681
aed,0,1272,1,puzzle,2,1.0,0.0,5.721299133649666e-29,0.9887316218657423,1.4830974327986133,1.5159112400897914,2.8444673091414536,0.0,0.05,0.15405767236812593,2.4830974327986133
aed,0,1273,1,puzzle,2,1.0,0.0,5.435234176967181e-29,0.9887341100120359,1.483101165018054,1.5159971897144326,2.848918660746418,0.0,0.05,0.15405767236812593,2.483101165018054
aed,0,1274,1,puzzle,2,1.0,0.0,5.163472468118827e-29,0.9887365943548889,1.4831048915323333,1.516082728223522,2.8534073108301428,0.0,0.05,0.15405767236812593,2.4831048915323333
aed,0,1275,1,puzzle,2,1.0,0.0,4.90529884471289e-29,0.9887390749044845,1.4831086123567268,1.5161678576441882,2.8579324830093027,0.0,0.05,0.15405767236812593,2.4831086123567268
aed,0,1276,1,puzzle,2,1.0,0.0,4.6600339024772386e-29,0.9887415516709648,1.483112327506447,1.5162525799934994,2.8624934106662616,0.0,0.05,0.15405767236812593,2.483112327506447
aed,0,1277,1,puzzle,2,1.0,0.0,4.427032207353384e-29,0.9887440246644327,1.483116036996649,1.5163368972785152,2.8670893368414654,0.0,0.05,0.15405767236812593,2.483116036996649
aed,0,1278,1,puzzle,2,1.0,0.0,4.2056805969857065e-29,0.9887464938949566,1.4831197408424348,1.5164208114963347,2.8717195141269505,0.0,0.05,0.15405767236812593,2.483119740842435
aed,0,1279,1,puzzle,2,1.0,0.0,3.9953965671364176e-29,0.9887489593725631,1.4831234390588448,1.5165043246341472,2.876383204560983,0.0,0.05,0.15405767236812593,2.483123439058845
aed,0,1280,1,puzzle,2,1.0,0.0,3.7956267387795994e-29,0.9887514211072431,1.4831271316608647,1.5165874386692808,2.881079679523789,0.0,0.05,0.15405767236812593,2.483127131660865
aed,0,1281,1,puzzle,2,1.0,0.0,3.605845401840623e-29,0.9887538791089473,1.483130818663421,1.5166701555692514,2.8858082196343817,0.0,0.05,0.15405767236812593,2.4831308186634207
aed,0,1282,1,puzzle,2,1.0,0.0,3.425553131748585e-29,0.9887563333875916,1.4831345000813874,1.516752477291812,2.8905681146484623,0.0,0.05,0.15405767236812593,2.4831345000813876
aed,0,1283,1,puzzle,2,1.0,0.0,3.25427547516116e-29,0.9887587839530517,1.4831381759295776,1.5168344057850007,2.895358663357401,0.0,0.05,0.15405767236812593,2.483138175929578
aed,0,1284,1,puzzle,2,1.0,0.0,3.0915617014031024e-29,0.9887612308151686,1.483141846222753,1.5169159429871895,2.9001791734882634,0.0,0.05,0.15405767236812593,2.483141846222753
aed,0,1285,1,puzzle,0,1.0,0.0,2.9369836163329437e-29,0.9890078632994833,1.483511794949225,1.5169989222469995,2.9046645090511554,0.0,0.05,0.15405767236812593,2.4835117949492247
aed,0,1286,1,puzzle,2,1.0,0.0,2.7901344355162965e-29,0.9890102640588887,1.483515396088333,1.517081504616206,2.909183972488517,0.0,0.05,0.15405767236812593,2.483515396088333
aed,0,1287,1,puzzle,2,1.0,0.0,2.6506277137404794e-29,0.9890126611949268,1.48351899179239,1.517163692052087,2.9137368330233286,0.0,0.05,0.15405767236812593,2.48351899179239
aed,0,1288,1,puzzle,0,1.0,0.0,2.5180963280534604e-29,0.9892454667665882,1.4838682001498822,1.517247214592576,2.917978479135789,0.0,0.05,0.15405767236812593,2.483868200149882
aed,0,1289,1,puzzle,2,1.0,0.0,2.392191511650787e-29,0.9892478206631111,1.4838717309946667,1.5173303371745863,2.922257300524351,0.0,0.05,0.15405767236812593,2.4838717309946667
aed,0,1290,1,puzzle,2,1.0,0.0,2.2725819360682476e-29,0.9892501710115161,1.4838752565172741,1.5174130617713,2.9265725327731333,0.0,0.05,0.15405767236812593,2.4838752565172744
aed,0,1291,1,puzzle,2,1.0,0.0,2.1589528392648294e-29,0.9892525178211651,1.4838787767317476,1.5174953903461021,2.930923421059757,0.0,0.05,0.15405767236812593,2.4838787767317476
aed,0,1292,1,puzzle,2,1.0,0.0,2.0510051973015906e-29,0.9892548611013826,1.483882291652074,1.517577324852632,2.9353092200497173,0.0,0.05,0.15405767236812593,2.483882291652074
aed,0,1293,1,puzzle,2,1.0,0.0,1.948454937436513e-29,0.9892572008614586,1.483885801292188,1.5176588672348297,2.939729193791862,0.0,0.05,0.15405767236812593,2.483885801292188
aed,0,1294,1,puzzle,2,1.0,0.0,1.8510321905646886e-29,0.9892595371106488,1.4838893056659732,1.5177400194269854,2.9441826156149555,0.0,0.05,0.15405767236812593,2.483889305665973
aed,0,1295,1,puzzle,2,1.0,0.0,1.758480581036452e-29,0.989261869858176,1.483892804787264,1.5178207833537867,2.9486687680253287,0.0,0.05,0.15405767236812593,2.483892804787264
aed,0,1296,1,puzzle,2,1.0,0.0,1.6705565519846295e-29,0.9892641991132239,1.4838962986698359,1.517901160930367,2.9531869426056065,0.0,0.05,0.15405767236812593,2.483896298669836
aed,0,1297,1,puzzle,2,1.0,0.0,1.587028724385396e-29,0.9892665248849475,1.4838997873274211,1.5179811540623522,2.9577364399144814,0.0,0.05,0.15405767236812593,2.483899787327421
aed,0,1298,1,puzzle,2,1.0,0.0,1.5076772881661258e-29,0.9892688471824622,1.4839032707736934,1.5180607646459088,2.9623165693875517,0.0,0.05,0.15405767236812593,2.4839032707736934
aed,0,1299,1,puzzle,2,1.0,0.0,1.4322934237578204e-29,0.9892711660148561,1.4839067490222841,1.5181399945677907,2.966926649239183,0.0,0.05,0.15405767236812593,2.4839067490222844
aed,0,1300,1,puzzle,2,1.0,0.0,1.3606787525699298e-29,0.9892734813911773,1.483910222086766,1.5182188457053856,2.9715660063654106,0.0,0.05,0.15405767236812593,2.4839102220867657
aed,0,1301,1,puzzle,2,1.0,0.0,1.2926448149414344e-29,0.9892757933204439,1.4839136899806658,1.518297319926762,2.9762339762478525,0.0,0.05,0.15405767236812593,2.4839136899806658
aed,0,1302,1,puzzle,2,1.0,0.0,1.2280125741943643e-29,0.9892781018116392,1.4839171527174588,1.5183754190907155,2.9809299028586307,0.0,0.05,0.15405767236812593,2.483917152717459
aed,0,1303,1,puzzle,2,1.0,0.0,1.166611945484642e-29,0.9892804068737135,1.4839206103105704,1.5184531450468146,2.9856531385662883,0.0,0.05,0.15405767236812593,2.4839206103105704
aed,0,1304,1,puzzle,2,1.0,0.0,1.1082813482104124e-29,0.9892827085155839,1.4839240627733759,1.5185304996354474,2.990403044042697,0.0,0.05,0.15405767236812593,2.483924062773376
aed,0,1305,1,puzzle,2,1.0,0.0,1.0528672807998904e-29,0.9892850067461363,1.4839275101192044,1.518607484687866,2.995178988170932,0.0,0.05,0.15405767236812593,2.483927510119204
aed,0,1306,1,puzzle,2,1.0,0.0,1.0002239167598963e-29,0.9892873015742197,1.4839309523613295,1.5186841020262334,2.9999803479541263,0.0,0.05,0.15405767236812593,2.4839309523613293
aed,0,1307,1,puzzle,0,1.0,0.0,9.502127209219009e-30,0.9895069213876464,1.4842603820814695,1.5187619834265096,3.004482145819625,0.0,0.05,0.15405767236812593,2.4842603820814695
aed,0,1308,1,puzzle,2,1.0,0.0,9.027020848758076e-30,0.9895091765144052,1.4842637647716077,1.5188394923332351,3.0090130519230565,0.0,0.05,0.15405767236812593,2.4842637647716077
aed,0,1309,1,puzzle,2,1.0,0.0,8.575669806320167e-30,0.9895114283065658,1.4842671424598488,1.5189166305838682,3.0135724095278453,0.0,0.05,0.15405767236812593,2.484267142459849
aed,0,1310,1,puzzle,2,1.0,0.0,8.146886316004155e-30,0.989513676772758,1.484270515159137,1.5189934000067447,3.0181595702801745,0.0,0.05,0.15405767236812593,2.484270515159137
aed,0,1311,1,puzzle,2,1.0,0.0,7.739542000203935e-30,0.9895159219215796,1.4842738828823694,1.5190698024211229,3.022773894116126,0.0,0.05,0.15405767236812593,2.4842738828823694
aed,0,1312,1,puzzle,2,1.0,0.0,7.352564900193747e-30,0.9895181637615961,1.484277245642394,1.5191458396372293,3.0274147491698002,0.0,0.05,0.15405767236812593,2.484277245642394
aed,0,1313,1,puzzle,2,1.0,0.0,6.984936655184061e-30,0.989520402301342,1.4842806034520128,1.5192215134563032,3.0320815116823927,0.0,0.05,0.15405767236812593,2.484280603452013
aed,0,1314,1,puzzle,2,1.0,0.0,6.63568982242485e-30,0.9895226375493192,1.484283956323979,1.5192968256706414,3.036773565912231,0.0,0.05,0.15405767236812593,2.4842839563239787
aed,0,1315,1,puzzle,2,1.0,0.0,6.3039053313036065e-30,0.9895248695140003,1.4842873042710005,1.519371778063643,3.041490304045751,0.0,0.05,0.15405767236812593,2.4842873042710005
aed,0,1316,1,puzzle,2,1.0,0.0,5.988710064738427e-30,0.9895270982038274,1.4842906473057411,1.5194463724098535,3.0462311261094057,0.0,0.05,0.15405767236812593,2.484290647305741
aed,0,1317,1,puzzle,2,1.0,0.0,5.689274561501523e-30,0.9895293236272106,1.484293985440816,1.5195206104750083,3.050995439882504,0.0,0.05,0.15405767236812593,2.484293985440816
aed,0,1318,1,puzzle,2,1.0,0.0,5.404810833426441e-30,0.989531545792527,1.4842973186887904,1.519594494016077,3.0557826608109657,0.0,0.05,0.15405767236812593,2.4842973186887907
aed,0,1319,1,puzzle,2,1.0,0.0,5.13457029175511e-30,0.9895337647081269,1.4843006470621904,1.5196680247813075,3.060592211921973,0.0,0.05,0.15405767236812593,2.4843006470621907
aed,0,1320,1,puzzle,2,1.0,0.0,4.877841777167356e-30,0.9895359803823286,1.4843039705734928,1.5197412045102685,3.065423523739529,0.0,0.05,0.15405767236812593,2.484303970573493
aed,0,1321,1,puzzle,2,1.0,0.0,4.633949688308993e-30,0.9895381928234201,1.4843072892351303,1.5198140349338927,3.070276034200896,0.0,0.05,0.15405767236812593,2.4843072892351303
aed,0,1322,1,puzzle,2,1.0,0.0,4.4022522038935415e-30,0.9895404020396603,1.4843106030594906,1.5198865177745207,3.075149188573917,0.0,0.05,0.15405767236812593,2.4843106030594906
aed,0,1323,1,puzzle,2,1.0,0.0,4.182139593698864e-30,0.9895426080392761,1.4843139120589142,1.5199586547459427,3.080042439375206,0.0,0.05,0.15405767236812593,2.484313912058914
aed,0,1324,1,puzzle,0,1.0,0.0,3.97303261401392e-30,0.989750271801103,1.4846254077016545,1.5200319885107214,3.0846485957905205,0.0,0.05,0.15405767236812593,2.4846254077016545
aed,0,1325,1,puzzle,2,1.0,0.0,3.7743809833132275e-30,0.9897524411276232,1.4846286616914348,1.520104971876625,3.0892784200178056,0.0,0.05,0.15405767236812593,2.484628661691435
aed,0,1326,1,puzzle,2,1.0,0.0,3.585661934147561e-30,0.9897546072992851,1.4846319109489277,1.5201776065719868,3.0939313314406864,0.0,0.05,0.15405767236812593,2.4846319109489277
aed,0,1327,1,puzzle,2,1.0,0.0,3.4063788374401836e-30,0.9897567703241185,1.4846351554861776,1.5202498943165577,3.0986067569566593,0.0,0.05,0.15405767236812593,2.4846351554861776
aed,0,1328,1,puzzle,2,1.0,0.0,3.2360598955681755e-30,0.9897589302101208,1.4846383953151814,1.5203218368215508,3.103304130893462,0.0,0.05,0.15405767236812593,2.4846383953151814
aed,0,1329,1,puzzle,2,1.0,0.0,3.0742569007897656e-30,0.9897610869652642,1.4846416304478964,1.5203934357896824,3.108022894926313,0.0,0.05,0.15405767236812593,2.4846416304478964
aed,0,1330,1,puzzle,2,1.0,0.0,2.920544055750282e-30,0.9897632405974893,1.484644860896234,1.5204646929152152,3.112762497996031,0.0,0.05,0.15405767236812593,2.4846448608962337
aed,0,1331,1,puzzle,2,1.0,0.0,2.774516852962757e-30,0.9897653911147093,1.484648086672064,1.5205356098839995,3.117522396228006,0.0,0.05,0.15405767236812593,2.484648086672064
aed,0,1332,1,puzzle,2,1.0,0.0,2.6357910103146226e-30,0.9897675385248076,1.4846513077872114,1.5206061883735156,3.12230205285203,0.0,0.05,0.15405767236812593,2.484651307787211
aed,0,1333,1,puzzle,2,1.0,0.0,2.504001459798895e-30,0.9897696828356426,1.484654524253464,1.5206764300529152,3.127100938122961,0.0,0.05,0.15405767236812593,2.4846545242534637
aed,0,1334,1,puzzle,0,1.0,0.0,2.3788013868089476e-30,0.9899666214358044,1.4849499321537065,1.5207477975634192,3.131627794151444,0.0,0.05,0.15405767236812593,2.4849499321537065
aed,0,1335,1,puzzle,2,1.0,0.0,2.2598613174685005e-30,0.9899687314322224,1.4849530971483336,1.5208188240613438,3.1361772431229396,0.0,0.05,0.15405767236812593,2.484953097148334
aed,0,1336,1,puzzle,2,1.0,0.0,2.146868251595077e-30,0.9899708383868449,1.4849562575802673,1.5208895112289385,3.140748724340381,0.0,0.05,0.15405767236812593,2.4849562575802673
aed,0,1337,1,puzzle,2,1.0,0.0,2.0395248390153216e-30,0.9899729423073413,1.484959413461012,1.520959860740099,3.1453416843760635,0.0,0.05,0.15405767236812593,2.484959413461012
aed,0,1338,1,puzzle,2,1.0,0.0,1.9375485970645552e-30,0.9899750432013549,1.4849625648020324,1.5210298742604087,3.149955576990679,0.0,0.05,0.15405767236812593,2.484962564802032
aed,0,1339,1,puzzle,2,1.0,0.0,1.8406711672113266e-30,0.9899771410765024,1.4849657116147537,1.5210995534471805,3.154589863053199,0.0,0.05,0.15405767236812593,2.4849657116147537
aed,0,1340,1,puzzle,2,1.0,0.0,1.7486376088507586e-30,0.9899792359403731,1.4849688539105597,1.5211688999494974,3.159244010461605,0.0,0.05,0.15405767236812593,2.4849688539105594
aed,0,1341,1,puzzle,2,1.0,0.0,1.6612057284082232e-30,0.9899813278005279,1.484971991700792,1.521237915408254,3.163917494064451,0.0,0.05,0.15405767236812593,2.484971991700792
aed,0,1342,1,puzzle,2,1.0,0.0,1.578145441987815e-30,0.9899834166645018,1.4849751249967529,1.5213066014561965,3.1686097955832504,0.0,0.05,0.15405767236812593,2.484975124996753
aed,0,1343,1,puzzle,2,1.0,0.0,1.499238169888419e-30,0.9899855025398039,1.4849782538097058,1.521374959717964,3.1733204035356763,0.0,0.05,0.15405767236812593,2.4849782538097056
aed,0,1344,1,puzzle,2,1.0,0.0,1.4242762613939992e-30,0.9899875854339133,1.48498137815087,1.5214429918101284,3.1780488131595783,0.0,0.05,0.15405767236812593,2.48498137815087
aed,0,1345,1,puzzle,2,1.0,0.0,1.3530624483243012e-30,0.9899896653542866,1.4849844980314297,1.521510699341235,3.182794526337788,0.0,0.05,0.15405767236812593,2.4849844980314297
aed,0,1346,1,puzzle,2,1.0,0.0,1.285409325908084e-30,0.9899917423083525,1.4849876134625288,1.5215780839118416,3.1875570515237226,0.0,0.05,0.15405767236812593,2.484987613462529
aed,0,1347,1,puzzle,2,1.0,0.0,1.2211388596126796e-30,0.9899938163035096,1.4849907244552645,1.5216451471145587,3.1923359036677796,0.0,0.05,0.15405767236812593,2.4849907244552645
aed,0,1348,1,puzzle,2,1.0,0.0,1.1600819166320464e-30,0.9899958873471366,1.484993831020705,1.5217118905340894,3.1971306041444865,0.0,0.05,0.15405767236812593,2.484993831020705
aed,0,1349,1,puzzle,2,1.0,0.0,1.1020778208004454e-30,0.9899979554465811,1.4849969331698716,1.5217783157472684,3.2019406806804382,0.0,0.05,0.15405767236812593,2.484996933169872
aed,0,1350,1,puzzle,2,1.0,0.0,1.0469739297604234e-30,0.9900000206091688,1.4850000309137532,1.5218444243231009,3.2067656672829816,0.0,0.05,0.15405767236812593,2.485000030913753
aed,0,1351,1,puzzle,2,1.0,0.0,9.946252332724e-31,0.990002082842194,1.485003124263291,1.521910217822802,3.2116051041696627,0.0,0.05,0.15405767236812593,2.485003124263291
aed,0,1352,1,puzzle,2,1.0,0.0,9.448939716087814e-31,0.9900041421529312,1.4850062132293969,1.5219756977998349,3.2164585376984043,0.0,0.05,0.15405767236812593,2.485006213229397
aed,0,1353,1,puzzle,2,1.0,0.0,8.976492730283425e-31,0.9900061985486244,1.4850092978229366,1.5220408657999505,3.221325520298434,0.0,0.05,0.15405767236812593,2.485009297822937
aed,0,1354,1,puzzle,2,1.0,0.0,8.527668093769255e-31,0.9900082520364963,1.4850123780547446,1.5221057233612245,3.226205610401929,0.0,0.05,0.15405767236812593,2.4850123780547446
aed,0,1355,1,puzzle,2,1.0,0.0,8.101284689080792e-31,0.9900103026237408,1.485015453935611,1.5221702720140964,3.231098372376395,0.0,0.05,0.15405767236812593,2.485015453935611
aed,0,1356,1,puzzle,2,1.0,0.0,7.696220454626748e-31,0.9900123503175275,1.4850185254762913,1.5222345132814075,3.236003376457747,0.0,0.05,0.15405767236812593,2.485018525476291
aed,0,1357,1,puzzle,2,1.0,0.0,7.311409431895412e-31,0.9900143951250027,1.485021592687504,1.5222984486784379,3.240920198684103,0.0,0.05,0.15405767236812593,2.485021592687504
aed,0,1358,1,puzzle,2,1.0,0.0,6.945838960300632e-31,0.9900164370532852,1.4850246555799278,1.5223620797129453,3.2458484208302796,0.0,0.05,0.15405767236812593,2.485024655579928
aed,0,1359,1,puzzle,2,1.0,0.0,6.598547012285609e-31,0.990018476109469,1.4850277141642034,1.5224254078852018,3.250787630342975,0.0,0.05,0.15405767236812593,2.4850277141642034
aed,0,1360,1,puzzle,2,1.0,0.0,6.268619661671316e-31,0.9900205123006247,1.4850307684509372,1.5224884346880305,3.2557374202766387,0.0,0.05,0.15405767236812593,2.485030768450937
aed,0,1361,1,puzzle,2,1.0,0.0,5.95518867858775e-31,0.9900225456337981,1.485033818450697,1.522551161606844,3.2606973892300193,0.0,0.05,0.15405767236812593,2.485033818450697
aed,0,1362,1,puzzle,2,1.0,0.0,5.65742924465837e-31,0.990024576116008,1.485036864174012,1.5226135901196798,3.2656671412833873,0.0,0.05,0.15405767236812593,2.485036864174012
aed,0,1363,1,puzzle,2,1.0,0.0,5.374557782425447e-31,0.9900266037542518,1.4850399056313777,1.5226757216972382,3.270646285936414,0.0,0.05,0.15405767236812593,2.4850399056313774
aed,0,1364,1,puzzle,2,1.0,0.0,5.105829893304174e-31,0.990028628555501,1.4850429428332514,1.5227375578029183,3.2756344380467164,0.0,0.05,0.15405767236812593,2.4850429428332514
aed,0,1365,1,puzzle,2,1.0,0.0,4.850538398638962e-31,0.9900306505267035,1.4850459757900552,1.522799099892854,3.2806312177690478,0.0,0.05,0.15405767236812593,2.4850459757900554
aed,0,1366,1,puzzle,2,1.0,0.0,4.608011478707025e-31,0.9900326696747803,1.4850490045121705,1.5228603494159507,3.2856362504951373,0.0,0.05,0.15405767236812593,2.4850490045121703
aed,0,1367,1,puzzle,2,1.0,0.0,4.377610904771673e-31,0.9900346860066321,1.4850520290099483,1.5229213078139208,3.290649166794158,0.0,0.05,0.15405767236812593,2.4850520290099483
aed,0,1368,1,puzzle,2,1.0,0.0,4.158730359533083e-31,0.9900366995291348,1.485055049293702,1.5229819765213197,3.2956696023538345,0.0,0.05,0.15405767236812593,2.485055049293702
aed,0,1369,1,puzzle,2,1.0,0.0,3.950793841556423e-31,0.990038710249138,1.485058065373707,1.5230423569655818,3.3006971979221706,0.0,0.05,0.15405767236812593,2.485058065373707
aed,0,1370,1,puzzle,2,1.0,0.0,3.753254149478613e-31,0.9900407181734698,1.4850610772602049,1.5231024505670547,3.305731599249799,0.0,0.05,0.15405767236812593,2.485061077260205
aed,0,1371,1,puzzle,2,1.0,0.0,3.565591442004683e-31,0.9900427233089348,1.4850640849634023,1.5231622587390363,3.310772457032935,0.0,0.05,0.15405767236812593,2.485064084963402
aed,0,1372,1,puzzle,2,1.0,0.0,3.3873118699044382e-31,0.9900447256623123,1.4850670884934685,1.5232217828878085,3.3158194268569456,0.0,0.05,0.15405767236812593,2.4850670884934685
aed,0,1373,1,puzzle,2,1.0,0.0,3.217946276409224e-31,0.9900467252403607,1.4850700878605412,1.5232810244126722,3.3208721691405074,0.0,0.05,0.15405767236812593,2.4850700878605414
aed,0,1374,1,puzzle,2,1.0,0.0,3.057048962588756e-31,0.9900487220498121,1.485073083074718,1.5233399847059823,3.325930349080367,0.0,0.05,0.15405767236812593,2.485073083074718
aed,0,1375,1,puzzle,2,1.0,0.0,2.9041965144593233e-31,0.9900507160973782,1.4850760741460673,1.5233986651531826,3.3309936365966784,0.0,0.05,0.15405767236812593,2.4850760741460673
aed,0,1376,1,puzzle,2,1.0,0.0,2.7589866887363557e-31,0.9900527073897453,1.4850790610846178,1.5234570671328398,3.336061706278933,0.0,0.05,0.15405767236812593,2.485079061084618
aed,0,1377,1,puzzle,2,1.0,0.0,2.6210373542995386e-31,0.9900546959335773,1.485082043900366,1.5235151920166776,3.3411342373324553,0.0,0.05,0.15405767236812593,2.4850820439003662
aed,0,1378,1,puzzle,2,1.0,0.0,2.48998548658456e-31,0.990056681735518,1.485085022603277,1.5235730411696107,3.3462109135254643,0.0,0.05,0.15405767236812593,2.4850850226032772
aed,0,1379,1,puzzle,2,1.0,0.0,2.36548621225533e-31,0.9900586648021836,1.4850879972032756,1.523630615949779,3.351291423136713,0.0,0.05,0.15405767236812593,2.4850879972032756
aed,0,1380,1,puzzle,2,1.0,0.0,2.2472119016425627e-31,0.9900606451401709,1.4850909677102564,1.5236879177085814,3.356375458903671,0.0,0.05,0.15405767236812593,2.4850909677102564
aed,0,1381,1,puzzle,2,1.0,0.0,2.1348513065604387e-31,0.9900626227560533,1.4850939341340799,1.5237449477907088,3.3614627179712633,0.0,0.05,0.15405767236812593,2.48509393413408
aed,0,1382,1,puzzle,2,1.0,0.0,2.028108741232413e-31,0.9900645976563814,1.485096896484572,1.523801707534178,3.366552901841157,0.0,0.05,0.15405767236812593,2.4850968964845723
aed,0,1383,1,puzzle,2,1.0,0.0,1.9267033041707975e-31,0.9900665698476835,1.4850998547715253,1.5238581982703647,3.3716457163215843,0.0,0.05,0.15405767236812593,2.4850998547715255
aed,0,1384,1,puzzle,2,1.0,0.0,1.8303681389622549e-31,0.990068539336466,1.485102809004699,1.5239144213240363,3.376740871477706,0.0,0.05,0.15405767236812593,2.485102809004699
aed,0,1385,1,puzzle,0,1.0,0.0,1.7388497320141414e-31,0.9902544528100874,1.485381679215131,1.5239717576134917,3.381563541161289,0.0,0.05,0.15405767236812593,2.485381679215131
aed,0,1386,1,puzzle,2,1.0,0.0,1.651907245413433e-31,0.990256391915559,1.4853845878733385,1.5240288217647908,3.3863921396411287,0.0,0.05,0.15405767236812593,2.4853845878733383
aed,0,1387,1,puzzle,2,1.0,0.0,1.569311883142764e-31,0.9902583283665827,1.485387492549874,1.5240856151187163,3.3912263408135597,0.0,0.05,0.15405767236812593,2.485387492549874
aed,0,1388,1,puzzle,0,1.0,0.0,1.4908462889856243e-31,0.9904354098731379,1.485653114809707,1.5241434526171713,3.395804415212888,0.0,0.05,0.15405767236812593,2.4856531148097067
aed,0,1389,1,puzzle,2,1.0,0.0,1.4163039745363422e-31,0.9904373174800878,1.4856559762201318,1.5242010152351861,3.4003914100758137,0.0,0.05,0.15405767236812593,2.485655976220132
aed,0,1390,1,puzzle,2,1.0,0.0,1.3454887758095242e-31,0.9904392224783782,1.4856588337175674,1.5242583043275981,3.4049869665850867,0.0,0.05,0.15405767236812593,2.4856588337175674
aed,0,1391,1,puzzle,2,1.0,0.0,1.2782143370190484e-31,0.9904411248742502,1.4856616873113753,1.5243153212425171,3.4095907308503777,0.0,0.05,0.15405767236812593,2.4856616873113753
aed,0,1392,1,puzzle,2,1.0,0.0,1.2143036201680965e-31,0.9904430246739233,1.485664537010885,1.524372067321359,3.414202353852348,0.0,0.05,0.15405767236812593,2.485664537010885
aed,0,1393,1,puzzle,2,1.0,0.0,1.153588439159692e-31,0.990444921883599,1.4856673828253986,1.5244285438988792,3.4188214913873045,0.0,0.05,0.15405767236812593,2.4856673828253983
aed,0,1394,2,mastered,1,0.0,0.0,1.0959090172017088e-31,0.9906238049076754,1.4859357073615131,1.5244860797161923,3.42318364882811,0.0,0.05,0.15405767236812593,1.4859357073615131
aed,0,1395,1,puzzle,1,0.0,0.0,1.0411135663416232e-31,0.8659700177976862,1.2989550266965293,1.5236084244510941,3.613605210094394,0.0,0.05,0.15405767236812593,1.2989550266965293
aed,0,1396,1,puzzle,2,1.0,0.0,9.890578880245405e-32,0.9906256707952614,1.485938506192892,1.523670074859803,3.615200726660361,0.0,0.05,0.15405767236812593,2.485938506192892
aed,0,1397,1,puzzle,2,1.0,0.0,9.396049936233154e-32,0.9906275341424493,1.485941301213674,1.5237314309915726,3.616838849171656,0.0,0.05,0.15405767236812593,2.485941301213674
aed,0,1398,1,puzzle,2,1.0,0.0,8.926247439421487e-32,0.9906293949552899,1.4859440924329348,1.5237924942987795,3.618518862545784,0.0,0.05,0.15405767236812593,2.485944092432935
aed,0,1399,1,puzzle,2,1.0,0.0,8.479935067450406e-32,0.9906312532398104,1.4859468798597155,1.5238532662265842,3.6202400602871947,0.0,0.05,0.15405767236812593,2.4859468798597155
aed,0,1400,1,puzzle,2,1.0,0.0,8.055938314077884e-32,0.9906331090020194,1.4859496635030292,1.5239137482129665,3.62200174439426,0.0,0.05,0.15405767236812593,2.485949663503029
aed,0,1401,1,puzzle,2,1.0,0.0,7.653141398373997e-32,0.9906349622479054,1.485952443371858,1.523973941688761,3.6238032252672205,0.0,0.05,0.15405767236812593,2.485952443371858
aed,0,1402,1,puzzle,2,1.0,0.0,7.270484328455288e-32,0.9906368129834383,1.4859552194751575,1.524033848077693,3.625643821617084,0.0,0.05,0.15405767236812593,2.4859552194751577
aed,0,1403,1,puzzle,2,1.0,0.0,6.906960112032529e-32,0.9906386612145643,1.4859579918218464,1.5240934687964136,3.62752286037548,0.0,0.05,0.15405767236812593,2.4859579918218464
aed,0,1404,1,puzzle,2,1.0,0.0,6.561612106430903e-32,0.9906405069472111,1.4859607604208165,1.5241528052545357,3.629439676605444,0.0,0.05,0.15405767236812593,2.4859607604208165
aed,0,1405,1,puzzle,2,1.0,0.0,6.233531501109358e-32,0.9906423501872876,1.4859635252809316,1.5242118588546676,3.6313936134131257,0.0,0.05,0.15405767236812593,2.4859635252809316
aed,0,1406,1,puzzle,2,1.0,0.0,5.921854926053881e-32,0.9906441909406819,1.4859662864110228,1.5242706309924494,3.633384021860421,0.0,0.05,0.15405767236812593,2.485966286411023
aed,0,1407,1,puzzle,2,1.0,0.0,5.625762179751199e-32,0.9906460292132621,1.4859690438198931,1.5243291230565867,3.63541026087851,0.0,0.05,0.15405767236812593,2.4859690438198934
aed,0,1408,1,puzzle,2,1.0,0.0,5.344474070763634e-32,0.9906478650108762,1.4859717975163143,1.5243873364288854,3.637471697182296,0.0,0.05,0.15405767236812593,2.4859717975163145
aed,0,1409,1,puzzle,2,1.0,0.0,5.077250367225442e-32,0.9906496983393556,1.4859745475090333,1.524445272484286,3.6395677051857254,0.0,0.05,0.15405767236812593,2.4859745475090333
aed,0,1410,1,puzzle,2,1.0,0.0,4.82338784886417e-32,0.9906515292045077,1.4859772938067617,1.5245029325908985,3.641697666918005,0.0,0.05,0.15405767236812593,2.4859772938067617
aed,0,1411,1,puzzle,2,1.0,0.0,4.582218456420974e-32,0.990653357612123,1.4859800364181845,1.5245603181100351,3.6438609719406756,0.0,0.05,0.15405767236812593,2.4859800364181845
aed,0,1412,2,mastered,1,0.0,0.0,4.353107533599925e-32,0.990823156835814,1.486234735253721,1.5246186901957537,3.6458063171633013,0.0,0.05,0.15405767236812593,1.486234735253721
aed,0,1413,1,puzzle,1,0.0,0.0,4.1354521569199263e-32,0.8678897312876224,1.3018345969314336,1.523754769729432,3.831268426789667,0.0,0.05,0.15405767236812593,1.3018345969314336
aed,0,1414,1,puzzle,2,1.0,0.0,3.928679549073925e-32,0.990824956211067,1.4862374343166005,1.523817183052368,3.830535491257537,0.0,0.05,0.15405767236812593,2.4862374343166005
aed,0,1415,1,puzzle,2,1.0,0.0,3.732245571620232e-32,0.9908267531741205,1.4862401297611807,1.5238792977859121,3.829869304369693,0.0,0.05,0.15405767236812593,2.486240129761181
aed,0,1416,1,puzzle,2,1.0,0.0,3.545633293039221e-32,0.9908285477306301,1.4862428215959451,1.5239411154049622,3.829268905135013,0.0,0.05,0.15405767236812593,2.486242821595945
aed,0,1417,1,puzzle,2,1.0,0.0,3.368351628387257e-32,0.9908303398862321,1.4862455098293483,1.5240026373770843,3.828733343631399,0.0,0.05,0.15405767236812593,2.4862455098293483
aed,0,1418,1,puzzle,2,1.0,0.0,3.1999340469678965e-32,0.9908321296465452,1.4862481944698178,1.524063865162548,3.828261680887815,0.0,0.05,0.15405767236812593,2.486248194469818
aed,0,1419,1,puzzle,2,1.0,0.0,3.039937344619499e-32,0.9908339170171682,1.4862508755257522,1.524124800214364,3.8278529887675483,0.0,0.05,0.15405767236812593,2.4862508755257524
aed,0,1420,1,puzzle,2,1.0,0.0,2.887940477388528e-32,0.9908357020036817,1.4862535530055225,1.5241854439783198,3.82750634985267,0.0,0.05,0.15405767236812593,2.4862535530055228
aed,0,1421,1,puzzle,2,1.0,0.0,2.743543453519099e-32,0.9908374846116473,1.486256226917471,1.5242457978930155,3.8272208573296878,0.0,0.05,0.15405767236812593,2.486256226917471
aed,0,1422,1,puzzle,2,1.0,0.0,2.6063662808431415e-32,0.9908392648466092,1.4862588972699138,1.5243058633898998,3.8269956148763766,0.0,0.05,0.15405767236812593,2.486258897269914
aed,0,1423,1,puzzle,2,1.0,0.0,2.476047966800984e-32,0.9908410427140937,1.4862615640711405,1.524365641893306,3.8268297365497785,0.0,0.05,0.15405767236812593,2.4862615640711407
aed,0,1424,1,puzzle,2,1.0,0.0,2.3522455684609343e-32,0.9908428182196061,1.486264227329409,1.5244251348204865,3.826722346675358,0.0,0.05,0.15405767236812593,2.486264227329409
aed,0,1425,1,puzzle,2,1.0,0.0,2.2346332900378854e-32,0.9908445913686368,1.4862668870529552,1.5244843435816489,3.8266725797372976,0.0,0.05,0.15405767236812593,2.486266887052955
aed,0,1426,1,puzzle,2,1.0,0.0,2.1229016255359911e-32,0.9908463621666553,1.486269543249983,1.5245432695799905,3.826679580269932,0.0,0.05,0.15405767236812593,2.486269543249983
aed,0,1427,1,puzzle,2,1.0,0.0,2.016756544259195e-32,0.9908481306191154,1.486272195928673,1.524601914211734,3.8267425027502933,0.0,0.05,0.15405767236812593,2.486272195928673
aed,0,1428,1,puzzle,2,1.0,0.0,1.9159187170462338e-32,0.9908498967314503,1.4862748450971754,1.5246602788661612,3.826860511491776,0.0,0.05,0.15405767236812593,2.4862748450971752
aed,0,1429,1,puzzle,2,1.0,0.0,1.820122781193923e-32,0.990851660509079,1.4862774907636185,1.5247183649256484,3.827032780538888,0.0,0.05,0.15405767236812593,2.4862774907636185
aed,0,1430,1,puzzle,2,1.0,0.0,1.7291166421342253e-32,0.9908534219573981,1.486280132936097,1.5247761737657006,3.827258493563103,0.0,0.05,0.15405767236812593,2.486280132936097
aed,0,1431,1,puzzle,2,1.0,0.0,1.6426608100275158e-32,0.9908551810817914,1.4862827716226872,1.5248337067549855,3.82753684375977,0.0,0.05,0.15405767236812593,2.486282771622687
aed,0,1432,1,puzzle,2,1.0,0.0,1.560527769526141e-32,0.9908569378876196,1.4862854068314295,1.5248909652553677,3.8278670337461103,0.0,0.05,0.15405767236812593,2.4862854068314295
aed,0,1433,1,puzzle,2,1.0,0.0,1.4825013810498343e-32,0.9908586923802315,1.4862880385703472,1.5249479506219425,3.8282482754602443,0.0,0.05,0.15405767236812593,2.486288038570347
aed,0,1434,1,puzzle,2,1.0,0.0,1.408376311997339e-32,0.9908604445649543,1.4862906668474314,1.5250046642030701,3.8286797900612806,0.0,0.05,0.15405767236812593,2.4862906668474314
aed,0,1435,1,puzzle,2,1.0,0.0,1.337957496397474e-32,0.9908621944471001,1.4862932916706502,1.5250611073404081,3.8291608078304256,0.0,0.05,0.15405767236812593,2.48629329167065
aed,0,1436,1,puzzle,2,1.0,0.0,1.2710596215776026e-32,0.9908639420319604,1.4862959130479405,1.5251172813689458,3.8296905680731266,0.0,0.05,0.15405767236812593,2.4862959130479405
aed,0,1437,1,puzzle,2,1.0,0.0,1.2075066404987213e-32,0.990865687324814,1.486298530987221,1.5251731876170371,3.8302683190222115,0.0,0.05,0.15405767236812593,2.486298530987221
aed,0,1438,1,puzzle,2,1.0,0.0,1.1471313084737826e-32,0.9908674303309192,1.4863011454963788,1.5252288274064338,3.830893317742045,0.0,0.05,0.15405767236812593,2.4863011454963786
aed,0,1439,1,puzzle,2,1.0,0.0,1.089774743050097e-32,0.9908691710555172,1.4863037565832757,1.525284202052318,3.831564830033667,0.0,0.05,0.15405767236812593,2.4863037565832755
aed,0,1440,1,puzzle,2,1.0,0.0,1.0352860058975893e-32,0.9908709095038348,1.4863063642557521,1.5253393128633352,3.8322821303409134,0.0,0.05,0.15405767236812593,2.486306364255752
aed,0,1441,1,puzzle,2,1.0,0.0,9.835217056027113e-33,0.9908726456810785,1.4863089685216178,1.5253941611416266,3.833044501657513,0.0,0.05,0.15405767236812593,2.4863089685216178
aed,0,1442,1,puzzle,2,1.0,0.0,9.34345620322574e-33,0.9908743795924395,1.4863115693886593,1.5254487481828618,3.83385123543514,0.0,0.05,0.15405767236812593,2.4863115693886595
aed,0,1443,1,puzzle,2,1.0,0.0,8.876283393064453e-33,0.9908761112430937,1.4863141668646405,1.5255030752762706,3.8347016314924187,0.0,0.05,0.15405767236812593,2.4863141668646405
aed,0,1444,1,puzzle,2,1.0,0.0,8.432469223411246e-33,0.9908778406381966,1.486316760957295,1.5255571437046758,3.835594997924875,0.0,0.05,0.15405767236812593,2.486316760957295
aed,0,1445,1,puzzle,2,1.0,0.0,8.01084576224067e-33,0.9908795677828891,1.4863193516743336,1.525610954744524,3.836530651015817,0.0,0.05,0.15405767236812593,2.4863193516743336
aed,0,1446,1,puzzle,2,1.0,0.0,7.610303474128639e-33,0.9908812926822967,1.486321939023445,1.5256645096659187,3.8375079151481324,0.0,0.05,0.15405767236812593,2.486321939023445
aed,0,1447,1,puzzle,2,1.0,0.0,7.22978830042222e-33,0.9908830153415258,1.4863245230122888,1.5257178097326505,3.838526122717013,0.0,0.05,0.15405767236812593,2.486324523012289
aed,0,1448,1,puzzle,2,1.0,0.0,6.868298885401092e-33,0.9908847357656667,1.4863271036485002,1.5257708562022296,3.8395846140435723,0.0,0.05,0.15405767236812593,2.4863271036485
aed,0,1449,1,puzzle,2,1.0,0.0,6.524883941131033e-33,0.9908864539597956,1.4863296809396933,1.525823650325917,3.8406827372893604,0.0,0.05,0.15405767236812593,2.4863296809396935
aed,0,1450,1,puzzle,2,1.0,0.0,6.198639744074493e-33,0.9908881699289694,1.486332254893454,1.5258761933487548,3.8418198483717676,0.0,0.05,0.15405767236812593,2.486332254893454
aed,0,1451,1,puzzle,2,1.0,0.0,5.8887077568707735e-33,0.9908898836782307,1.486334825517346,1.525928486509598,3.842995310880302,0.0,0.05,0.15405767236812593,2.4863348255173463
aed,0,1452,2,mastered,1,0.0,0.0,5.594272369027226e-33,0.9910507920844304,1.4865761881266455,1.525981725017683,3.8439708946625366,0.0,0.05,0.15405767236812593,1.4865761881266455
aed,0,1453,1,puzzle,1,0.0,0.0,5.314558750575876e-33,0.8697311226808685,1.3045966840213028,1.525124799812701,4.02605930150731,0.0,0.05,0.15405767236812593,1.3045966840213028
aed,0,1454,1,puzzle,2,1.0,0.0,5.048830813047071e-33,0.991052479630788,1.486578719446182,1.5251820694108686,4.024402058456923,0.0,0.05,0.15405767236812593,2.486578719446182
aed,0,1455,1,puzzle,2,1.0,0.0,4.796389272394722e-33,0.9910541649965786,1.4865812474948679,1.5252390653012886,4.0228158556787745,0.0,0.05,0.15405767236812593,2.486581247494868
aed,0,1456,1,puzzle,2,1.0,0.0,4.556569808774985e-33,0.9910558481867302,1.4865837722800954,1.5252957888361827,4.021299713678074,0.0,0.05,0.15405767236812593,2.4865837722800954
aed,0,1457,1,puzzle,2,1.0,0.0,4.328741318336233e-33,0.9910575292061574,1.486586293809236,1.525352241361048,4.019852664093105,0.0,0.05,0.15405767236812593,2.486586293809236
aed,0,1458,1,puzzle,2,1.0,0.0,4.112304252419425e-33,0.9910592080597571,1.4865888120896358,1.525408424214691,4.018473749577229,0.0,0.05,0.15405767236812593,2.486588812089636
aed,0,1459,1,puzzle,2,1.0,0.0,3.90668903979845e-33,0.9910608847524122,1.4865913271286182,1.5254643387292606,4.017162023682099,0.0,0.05,0.15405767236812593,2.486591327128618
aed,0,1460,1,puzzle,2,1.0,0.0,3.711354587808532e-33,0.9910625592889875,1.4865938389334812,1.5255199862302817,4.015916550742078,0.0,0.05,0.15405767236812593,2.486593838933481
aed,0,1461,1,puzzle,2,1.0,0.0,3.5257868584181044e-33,0.9910642316743349,1.4865963475115023,1.525575368036688,4.014736405759844,0.0,0.05,0.15405767236812593,2.4865963475115023
aed,0,1462,1,puzzle,2,1.0,0.0,3.3494975154971965e-33,0.991065901913289,1.4865988528699337,1.525630485460854,4.013620674293166,0.0,0.05,0.15405767236812593,2.4865988528699337
aed,0,1463,1,puzzle,2,1.0,0.0,3.1820226397223334e-33,0.9910675700106697,1.4866013550160044,1.5256853398086299,4.01256845234286,0.0,0.05,0.15405767236812593,2.4866013550160044
aed,0,1464,1,puzzle,2,1.0,0.0,3.022921507736215e-33,0.9910692359712813,1.486603853956922,1.5257399323793714,4.01157884624188,0.0,0.05,0.15405767236812593,2.4866038539569217
aed,0,1465,1,puzzle,2,1.0,0.0,2.8717754323494016e-33,0.9910708997999138,1.4866063496998707,1.5257942644659739,4.010650972545564,0.0,0.05,0.15405767236812593,2.486606349699871
aed,0,1466,1,puzzle,2,1.0,0.0,2.7281866607319326e-33,0.99107256150134,1.48660884225201,1.525848337354904,4.009783957923002,0.0,0.05,0.15405767236812593,2.48660884225201
aed,0,1467,1,puzzle,2,1.0,0.0,2.5917773276953376e-33,0.9910742210803181,1.4866113316204772,1.525902152326232,4.008976939049527,0.0,0.05,0.15405767236812593,2.486611331620477
aed,0,1468,1,puzzle,2,1.0,0.0,2.462188461310571e-33,0.9910758785415933,1.48661381781239,1.5259557106536628,4.008229062500304,0.0,0.05,0.15405767236812593,2.48661381781239
aed,0,1469,1,puzzle,2,1.0,0.0,2.3390790382450457e-33,0.991077533889892,1.4866163008348379,1.5260090136045685,4.007539484645031,0.0,0.05,0.15405767236812593,2.4866163008348376
aed,0,1470,1,puzzle,2,1.0,0.0,2.222125086332791e-33,0.9910791871299294,1.486618780694894,1.5260620624400203,4.006907371543707,0.0,0.05,0.15405767236812593,2.486618780694894
aed,0,1471,1,puzzle,2,1.0,0.0,2.1110188320161517e-33,0.991080838266403,1.4866212573996045,1.5261148584148183,4.0063318988434835,0.0,0.05,0.15405767236812593,2.4866212573996043
aed,0,1472,1,puzzle,2,1.0,0.0,2.0054678904153433e-33,0.9910824873039961,1.4866237309559942,1.5261674027775243,4.005812251676579,0.0,0.05,0.15405767236812593,2.486623730955994
aed,0,1473,1,puzzle,2,1.0,0.0,1.9051944958945794e-33,0.9910841342473787,1.486626201371068,1.526219696770492,4.005347624559237,0.0,0.05,0.15405767236812593,2.486626201371068
aed,0,1474,1,puzzle,2,1.0,0.0,1.8099347710998474e-33,0.9910857791012045,1.4866286686518069,1.5262717416298985,4.004937221291736,0.0,0.05,0.15405767236812593,2.486628668651807
aed,0,1475,1,puzzle,2,1.0,0.0,1.7194380325448578e-33,0.991087421870113,1.4866311328051696,1.526323538585775,4.004580254859424,0.0,0.05,0.15405767236812593,2.4866311328051696
aed,0,1476,2,mastered,1,0.0,0.0,1.6334661309176113e-33,0.9912405268956029,1.4868607903434043,1.5263762248445631,4.0040498868119885,0.0,0.05,0.15405767236812593,1.4868607903434043
aed,0,1477,1,puzzle,1,0.0,0.0,1.5517928243717316e-33,0.871497194712979,1.3072457920694687,1.5255305726806878,4.182294168555088,0.0,0.05,0.15405767236812593,1.3072457920694687
aed,0,1478,1,puzzle,2,1.0,0.0,1.4742031831531461e-33,0.991242145433403,1.4868632181501047,1.525587235908035,4.179195244627468,0.0,0.05,0.15405767236812593,2.4868632181501047
aed,0,1479,1,puzzle,2,1.0,0.0,1.4004930239954872e-33,0.9912437619219518,1.4868656428829277,1.5256436279429095,4.176181277241175,0.0,0.05,0.15405767236812593,2.4868656428829277
aed,0,1480,1,puzzle,2,1.0,0.0,1.3304683727957153e-33,0.9912453763657875,1.4868680645486811,1.5256997501259384,4.17325115004602,0.0,0.05,0.15405767236812593,2.4868680645486814
aed,0,1481,1,puzzle,2,1.0,0.0,1.2639449541559268e-33,0.991246988769436,1.486870483154154,1.5257556037910793,4.170403759182484,0.0,0.05,0.15405767236812593,2.4868704831541537
aed,0,1482,1,puzzle,2,1.0,0.0,1.2007477064481325e-33,0.9912485991374059,1.4868728987061088,1.5258111902656546,4.167638013150205,0.0,0.05,0.15405767236812593,2.4868728987061086
aed,0,1483,1,puzzle,2,1.0,0.0,1.1407103211257256e-33,0.9912502074741951,1.4868753112112927,1.5258665108703828,4.164952832677793,0.0,0.05,0.15405767236812593,2.4868753112112927
aed,0,1484,1,puzzle,2,1.0,0.0,1.0836748050694389e-33,0.9912518137842862,1.4868777206764292,1.525921566919413,4.162347150593998,0.0,0.05,0.15405767236812593,2.4868777206764294
aed,0,1485,1,puzzle,2,1.0,0.0,1.0294910648159653e-33,0.9912534180721463,1.4868801271082195,1.525976359720357,4.159819911700196,0.0,0.05,0.15405767236812593,2.4868801271082193
aed,0,1486,1,puzzle,2,1.0,0.0,9.780165115751694e-34,0.99125502034223,1.486882530513345,1.526030890574322,4.157370072644172,0.0,0.05,0.15405767236812593,2.486882530513345
aed,0,1487,1,puzzle,2,1.0,0.0,9.291156859964084e-34,0.9912566205989773,1.486884930898466,1.526085160775943,4.154996601795207,0.0,0.05,0.15405767236812593,2.4868849308984657
aed,0,1488,1,puzzle,2,1.0,0.0,8.8265990169659e-34,0.9912582188468156,1.4868873282702235,1.5261391716134143,4.152698479120446,0.0,0.05,0.15405767236812593,2.4868873282702237
aed,0,1489,1,puzzle,2,1.0,0.0,8.385269066117598e-34,0.9912598150901573,1.4868897226352358,1.5261929243685233,4.150474696062529,0.0,0.05,0.15405767236812593,2.4868897226352358
aed,0,1490,1,puzzle,2,1.0,0.0,7.966005612811712e-34,0.9912614093333997,1.4868921140000995,1.5262464203166812,4.148324255418485,0.0,0.05,0.15405767236812593,2.4868921140000992
aed,0,1491,1,puzzle,2,1.0,0.0,7.567705332171136e-34,0.9912630015809302,1.4868945023713953,1.5262996607269548,4.146246171219859,0.0,0.05,0.15405767236812593,2.4868945023713955
aed,0,1492,1,puzzle,2,1.0,0.0,7.189320065562563e-34,0.9912645918371182,1.4868968877556774,1.5263526468620983,4.1442394686140815,0.0,0.05,0.15405767236812593,2.4868968877556776
aed,0,1493,1,puzzle,0,1.0,0.0,6.8298540622844484e-34,0.9914090943063165,1.4871136414594748,1.526406451835085,4.142089884303552,0.0,0.05,0.15405767236812593,2.4871136414594748
aed,0,1494,1,puzzle,2,1.0,0.0,6.4883613591702205e-34,0.9914106624614674,1.4871159936922012,1.5264599995443708,4.140012991312686,0.0,0.05,0.15405767236812593,2.487115993692201
aed,0,1495,1,puzzle,2,1.0,0.0,6.163943291211718e-34,0.9914122286574402,1.4871183429861603,1.52651329126158,4.138007809674979,0.0,0.05,0.15405767236812593,2.48711834298616
aed,0,1496,1,puzzle,2,1.0,0.0,5.8557461266511305e-34,0.9914137928985151,1.4871206893477726,1.526566328252011,4.1360733704824675,0.0,0.05,0.15405767236812593,2.4871206893477726
aed,0,1497,1,puzzle,2,1.0,0.0,5.562958820318571e-34,0.9914153551889603,1.4871230327834404,1.5266191117746681,4.13420871576887,0.0,0.05,0.15405767236812593,2.4871230327834404
aed,0,1498,1,puzzle,2,1.0,0.0,5.284810879302642e-34,0.9914169155330318,1.4871253732995477,1.5266716430822924,4.132412898393927,0.0,0.05,0.15405767236812593,2.4871253732995475
aed,0,1499,1,puzzle,2,1.0,0.0,5.020570335337502e-34,0.991418473934971,1.4871277109024565,1.5267239234213932,4.130684981928924,0.0,0.05,0.15405767236812593,2.4871277109024565
aed,0,1500,1,puzzle,2,1.0,0.0,4.769541818570638e-34,0.9914200303990064,1.4871300455985095,1.526775954032279,4.129024040543404,0.0,0.05,0.15405767236812593,2.4871300455985095
aed,0,1501,1,puzzle,2,1.0,0.0,4.531064727642093e-34,0.9914215849293544,1.4871323773940315,1.5268277361490878,4.127429158893026,0.0,0.05,0.15405767236812593,2.4871323773940315
aed,0,1502,1,puzzle,2,1.0,0.0,4.304511491259989e-34,0.9914231375302163,1.4871347062953244,1.5268792709998191,4.12589943200859,0.0,0.05,0.15405767236812593,2.4871347062953246
aed,0,1503,1,puzzle,2,1.0,0.0,4.089285916696995e-34,0.9914246882057831,1.4871370323086746,1.5269305598063634,4.124433965186193,0.0,0.05,0.15405767236812593,2.4871370323086746
aed,0,1504,1,puzzle,2,1.0,0.0,3.884821620862147e-34,0.9914262369602306,1.4871393554403458,1.5269816037845334,4.123031873878519,0.0,0.05,0.15405767236812593,2.4871393554403456
aed,0,1505,1,puzzle,2,1.0,0.0,3.6905805398190438e-34,0.9914277837977233,1.487141675696585,1.5270324041440935,4.121692283587242,0.0,0.05,0.15405767236812593,2.487141675696585
aed,0,1506,1,puzzle,2,1.0,0.0,3.506051512828088e-34,0.9914293287224116,1.4871439930836174,1.5270829620887911,4.120414329756544,0.0,0.05,0.15405767236812593,2.4871439930836177
aed,0,1507,1,puzzle,2,1.0,0.0,3.3307489371866817e-34,0.9914308717384347,1.487146307607652,1.5271332788163854,4.1191971576677116,0.0,0.05,0.15405767236812593,2.4871463076076523
aed,0,1508,1,puzzle,2,1.0,0.0,3.164211490327344e-34,0.9914324128499171,1.4871486192748757,1.5271833555186778,4.1180399223348365,0.0,0.05,0.15405767236812593,2.4871486192748757
aed,0,1509,1,puzzle,2,1.0,0.0,3.0060009158109794e-34,0.9914339520609725,1.4871509280914588,1.5272331933815417,4.116941788401571,0.0,0.05,0.15405767236812593,2.4871509280914585
aed,0,1510,1,puzzle,2,1.0,0.0,2.8557008700204283e-34,0.9914354893757003,1.4871532340635505,1.5272827935849518,4.115901930038957,0.0,0.05,0.15405767236812593,2.4871532340635505
aed,0,1511,1,puzzle,2,1.0,0.0,2.7129158265194117e-34,0.9914370247981895,1.4871555371972842,1.5273321573030134,4.114919530844297,0.0,0.05,0.15405767236812593,2.4871555371972844
aed,0,1512,1,puzzle,2,1.0,0.0,2.5772700351934357e-34,0.9914385583325135,1.4871578374987702,1.5273812857039921,4.113993783741076,0.0,0.05,0.15405767236812593,2.48715783749877
aed,0,1513,1,puzzle,2,1.0,0.0,2.4484065334337666e-34,0.9914400899827358,1.4871601349741037,1.5274301799503427,4.113123890879905,0.0,0.05,0.15405767236812593,2.4871601349741037
aed,0,1514,1,puzzle,2,1.0,0.0,2.325986206762076e-34,0.991441619752908,1.487162429629362,1.527478841198738,4.112309063540481,0.0,0.05,0.15405767236812593,2.487162429629362
aed,0,1515,1,puzzle,2,1.0,0.0,2.2096868964239745e-34,0.9914431476470661,1.4871647214705992,1.5275272706000973,4.111548522034575,0.0,0.05,0.15405767236812593,2.487164721470599
aed,0,1516,1,puzzle,2,1.0,0.0,2.0992025516027717e-34,0.9914446736692367,1.487167010503855,1.527575469299616,4.110841495609989,0.0,0.05,0.15405767236812593,2.487167010503855
aed,0,1517,1,puzzle,2,1.0,0.0,1.994242424022635e-34,0.9914461978234329,1.4871692967351493,1.5276234384367935,4.110187222355533,0.0,0.05,0.15405767236812593,2.487169296735149
aed,0,1518,1,puzzle,2,1.0,0.0,1.8945303028215044e-34,0.9914477201136546,1.487171580170482,1.527671179145462,4.109584949106958,0.0,0.05,0.15405767236812593,2.487171580170482
aed,0,1519,1,puzzle,2,1.0,0.0,1.7998037876804305e-34,0.9914492405438937,1.4871738608158407,1.527718692553814,4.109033931353862,0.0,0.05,0.15405767236812593,2.4871738608158407
aed,0,1520,1,puzzle,2,1.0,0.0,1.709813598296406e-34,0.9914507591181241,1.487176138677186,1.5277659797844307,4.108533433147568,0.0,0.05,0.15405767236812593,2.487176138677186
aed,0,1521,1,puzzle,2,1.0,0.0,1.624322918381587e-34,0.9914522758403107,1.487178413760466,1.5278130419543108,4.108082727009936,0.0,0.05,0.15405767236812593,2.487178413760466
aed,0,1522,1,puzzle,2,1.0,0.0,1.5431067724625077e-34,0.9914537907144082,1.4871806860716124,1.5278598801748975,4.107681093843122,0.0,0.05,0.15405767236812593,2.4871806860716124
aed,0,1523,1,puzzle,2,1.0,0.0,1.465951433839381e-34,0.9914553037443563,1.4871829556165346,1.5279064955521058,4.107327822840261,0.0,0.05,0.15405767236812593,2.4871829556165346
aed,0,1524,1,puzzle,2,1.0,0.0,1.3926538621474132e-34,0.9914568149340816,1.4871852224011224,1.5279528891863507,4.107022211397087,0.0,0.05,0.15405767236812593,2.4871852224011226
aed,0,1525,1,puzzle,2,1.0,0.0,1.3230211690400409e-34,0.9914583242875039,1.4871874864312558,1.5279990621725752,4.106763565024435,0.0,0.05,0.15405767236812593,2.4871874864312558
aed,0,1526,1,puzzle,2,1.0,0.0,1.256870110588041e-34,0.9914598318085274,1.487189747712791,1.5280450156002763,4.106551197261676,0.0,0.05,0.15405767236812593,2.487189747712791
aed,0,1527,1,puzzle,2,1.0,0.0,1.1940266050586388e-34,0.9914613375010448,1.4871920062515671,1.5280907505535328,4.106384429591024,0.0,0.05,0.15405767236812593,2.487192006251567
aed,0,1528,1,puzzle,2,1.0,0.0,1.1343252748057055e-34,0.9914628413689368,1.4871942620534053,1.5281362681110322,4.106262591352741,0.0,0.05,0.15405767236812593,2.4871942620534053
aed,0,1529,1,puzzle,2,1.0,0.0,1.077609011065419e-34,0.9914643434160758,1.4871965151241138,1.5281815693460976,4.106185019661197,0.0,0.05,0.15405767236812593,2.487196515124114
aed,0,1530,1,puzzle,2,1.0,0.0,1.0237285605121496e-34,0.9914658436463167,1.4871987654694752,1.5282266553267145,4.1061510593218244,0.0,0.05,0.15405767236812593,2.487198765469475
aed,0,1531,1,puzzle,2,1.0,0.0,9.725421324865427e-35,0.9914673420635076,1.4872010130952615,1.5282715271155571,4.106160062748902,0.0,0.05,0.15405767236812593,2.4872010130952615
aed,0,1532,1,puzzle,2,1.0,0.0,9.239150258622145e-35,0.991468838671484,1.487203258007226,1.5283161857700156,4.106211389884202,0.0,0.05,0.15405767236812593,2.4872032580072263
aed,0,1533,1,puzzle,2,1.0,0.0,8.777192745691055e-35,0.9914703334740675,1.4872055002111013,1.528360632342221,4.106304408116481,0.0,0.05,0.15405767236812593,2.4872055002111013
aed,0,1534,1,puzzle,2,1.0,0.0,8.338333108406482e-35,0.9914718264750718,1.4872077397126078,1.528404867879073,4.106438492201781,0.0,0.05,0.15405767236812593,2.487207739712608
aed,0,1535,1,puzzle,2,1.0,0.0,7.921416452986159e-35,0.9914733176782953,1.487209976517443,1.5284488934222646,4.106613024184584,0.0,0.05,0.15405767236812593,2.487209976517443
aed,0,1536,1,puzzle,2,1.0,0.0,7.525345630336859e-35,0.9914748070875283,1.4872122106312924,1.5284927100083099,4.106827393319756,0.0,0.05,0.15405767236812593,2.4872122106312924
aed,0,1537,1,puzzle,2,1.0,0.0,7.149078348820008e-35,0.9914762947065492,1.4872144420598237,1.5285363186685674,4.107080995995302,0.0,0.05,0.15405767236812593,2.4872144420598237
aed,0,1538,1,puzzle,2,1.0,0.0,6.791624431379003e-35,0.9914777805391228,1.4872166708086842,1.528579720429268,4.107373235655933,0.0,0.05,0.15405767236812593,2.4872166708086842
aed,0,1539,1,puzzle,2,1.0,0.0,6.452043209810052e-35,0.9914792645890053,1.4872188968835078,1.5286229163115392,4.107703522727405,0.0,0.05,0.15405767236812593,2.487218896883508
aed,0,1540,1,puzzle,2,1.0,0.0,6.129441049319553e-35,0.9914807468599408,1.4872211202899113,1.528665907331431,4.1080712745416506,0.0,0.05,0.15405767236812593,2.4872211202899113
aed,0,1541,1,puzzle,2,1.0,0.0,5.822968996853585e-35,0.9914822273556612,1.4872233410334919,1.5287086944999415,4.108475915262684,0.0,0.05,0.15405767236812593,2.487223341033492
aed,0,1542,1,puzzle,2,1.0,0.0,5.531820547010892e-35,0.9914837060798887,1.4872255591198331,1.528751278823041,4.108916875813265,0.0,0.05,0.15405767236812593,2.487225559119833
aed,0,1543,1,puzzle,2,1.0,0.0,5.255229519660353e-35,0.9914851830363328,1.4872277745544993,1.5287936613016986,4.1093935938023325,0.0,0.05,0.15405767236812593,2.4872277745544995
aed,0,1544,1,puzzle,2,1.0,0.0,4.992468043677345e-35,0.9914866582286936,1.4872299873430403,1.5288358429319053,4.109905513453175,0.0,0.05,0.15405767236812593,2.4872299873430403
aed,0,1545,1,puzzle,2,1.0,0.0,4.742844641493466e-35,0.991488131660661,1.4872321974909914,1.5288778247047008,4.110452085532352,0.0,0.05,0.15405767236812593,2.4872321974909912
aed,0,1546,1,puzzle,2,1.0,0.0,4.505702409418803e-35,0.9914896033359106,1.487234405003866,1.5289196076061966,4.11103276727936,0.0,0.05,0.15405767236812593,2.487234405003866
aed,0,1547,1,puzzle,2,1.0,0.0,4.2804172889478587e-35,0.991491073258109,1.4872366098871637,1.5289611926176014,4.111647022337004,0.0,0.05,0.15405767236812593,2.4872366098871637
aed,0,1548,1,puzzle,2,1.0,0.0,4.066396424500459e-35,0.9914925414309137,1.4872388121463707,1.5290025807152454,4.112294320682508,0.0,0.05,0.15405767236812593,2.4872388121463707
aed,0,1549,1,puzzle,2,1.0,0.0,3.863076603275443e-35,0.9914940078579678,1.4872410117869517,1.529043772870604,4.112974138559336,0.0,0.05,0.15405767236812593,2.487241011786952
aed,0,1550,1,puzzle,2,1.0,0.0,3.669922773111671e-35,0.9914954725429055,1.4872432088143581,1.5290847700503225,4.1136859584097065,0.0,0.05,0.15405767236812593,2.487243208814358
aed,0,1551,1,puzzle,2,1.0,0.0,3.486426634456085e-35,0.9914969354893508,1.4872454032340263,1.529125573216241,4.114429268807824,0.0,0.05,0.15405767236812593,2.4872454032340263
aed,0,1552,1,puzzle,2,1.0,0.0,3.312105302733277e-35,0.9914983967009169,1.4872475950513753,1.5291661833254167,4.115203564393788,0.0,0.05,0.15405767236812593,2.4872475950513753
aed,0,1553,1,puzzle,2,1.0,0.0,3.1465000375966147e-35,0.991499856181205,1.4872497842718073,1.5292066013301486,4.116008345808192,0.0,0.05,0.15405767236812593,2.4872497842718073
aed,0,1554,1,puzzle,2,1.0,0.0,2.9891750357167823e-35,0.9915013139338059,1.4872519709007088,1.5292468281780014,4.1168431196274025,0.0,0.05,0.15405767236812593,2.487251970900709
aed,0,1555,1,puzzle,0,1.0,0.0,2.8397162839309427e-35,0.9916385851508094,1.487457877726214,1.5292878834257424,4.117504694130657,0.0,0.05,0.15405767236812593,2.487457877726214
aed,0,1556,1,puzzle,2,1.0,0.0,2.6977304697343973e-35,0.9916400232884653,1.487460034932698,1.5293287441832772,4.11819835643993,0.0,0.05,0.15405767236812593,2.487460034932698
aed,0,1557,1,puzzle,2,1.0,0.0,2.5628439462476787e-35,0.9916414597252872,1.4874621895879307,1.5293694114103007,4.1189235946979,0.0,0.05,0.15405767236812593,2.487462189587931
aed,0,1558,1,puzzle,2,1.0,0.0,2.4347017489352974e-35,0.9916428944647939,1.4874643416971909,1.5294098860617351,4.119679903115465,0.0,0.05,0.15405767236812593,2.4874643416971907
aed,0,1559,1,puzzle,2,1.0,0.0,2.3129666614885274e-35,0.9916443275104981,1.4874664912657471,1.5294501690877553,4.120466781906319,0.0,0.05,0.15405767236812593,2.487466491265747
aed,0,1560,1,puzzle,2,1.0,0.0,2.1973183284141018e-35,0.9916457588658977,1.4874686382988465,1.5294902614338108,4.121283737222219,0.0,0.05,0.15405767236812593,2.4874686382988465
aed,0,1561,1,puzzle,2,1.0,0.0,2.0874524119933938e-35,0.9916471885344831,1.4874707828017246,1.5295301640406505,4.122130281088923,0.0,0.05,0.15405767236812593,2.487470782801725
aed,0,1562,1,puzzle,2,1.0,0.0,1.9830797913937262e-35,0.9916486165197347,1.4874729247796021,1.5295698778443454,4.123005931342777,0.0,0.05,0.15405767236812593,2.487472924779602
aed,0,1563,1,puzzle,2,1.0,0.0,1.88392580182404e-35,0.9916500428251207,1.487475064237681,1.5296094037763122,4.12391021156798,0.0,0.05,0.15405767236812593,2.487475064237681
aed,0,1564,2,mastered,1,0.0,0.0,1.7897295117328387e-35,0.9917855952440914,1.487678392866137,1.5296497487217613,4.124642465307925,0.0,0.05,0.15405767236812593,1.487678392866137
aed,0,1565,1,puzzle,1,0.0,0.0,1.7002430361461962e-35,0.8731912994823452,1.309786949223518,1.52880043472427,4.302409526155598,0.0,0.05,0.15405767236812593,1.309786949223518
aed,0,1566,1,puzzle,2,1.0,0.0,1.6152308843388866e-35,0.991787001552317,1.4876805023284756,1.528844835062291,4.300549763627858,0.0,0.05,0.15405767236812593,2.487680502328476
aed,0,1567,1,puzzle,2,1.0,0.0,1.5344693401219414e-35,0.9917884062079316,1.4876826093118973,1.5288890239335389,4.298750680613221,0.0,0.05,0.15405767236812593,2.4876826093118973
aed,0,1568,2,mastered,1,0.0,0.0,1.4577458731158456e-35,0.9919182578325008,1.4878773867487511,1.5289339657476149,4.296819752805952,0.0,0.05,0.15405767236812593,1.4878773867487511
aed,0,1569,1,puzzle,1,0.0,0.0,1.3848585794600508e-35,0.8748169334744083,1.3122254002116125,1.5281004229199349,4.469726577986215,0.0,0.05,0.15405767236812593,1.3122254002116125
aed,0,1570,1,puzzle,2,1.0,0.0,1.315615650487052e-35,0.9919196434278617,1.4878794651417926,1.5281493181310442,4.465299165195605,0.0,0.05,0.15405767236812593,2.4878794651417926
aed,0,1571,1,puzzle,2,1.0,0.0,1.249834867962699e-35,0.9919210273966526,1.4878815410949788,1.5281979792458638,4.460962611694534,0.0,0.05,0.15405767236812593,2.487881541094979
aed,0,1572,1,puzzle,2,1.0,0.0,1.1873431245645637e-35,0.9919224097422147,1.487883614613322,1.5282464074227011,4.456715778386967,0.0,0.05,0.15405767236812593,2.487883614613322
aed,0,1573,1,puzzle,2,1.0,0.0,1.1279759683363338e-35,0.9919237904678793,1.4878856857018188,1.5282946038140968,4.452557538715376,0.0,0.05,0.15405767236812593,2.487885685701819
aed,0,1574,1,puzzle,2,1.0,0.0,1.0715771699195158e-35,0.9919251695769672,1.4878877543654507,1.5283425695668535,4.448486778529625,0.0,0.05,0.15405767236812593,2.4878877543654507
aed,0,1575,1,puzzle,2,1.0,0.0,1.0179983114235413e-35,0.9919265470727884,1.4878898206091826,1.5283903058220651,4.44450239595721,0.0,0.05,0.15405767236812593,2.4878898206091824
aed,0,1576,1,puzzle,2,1.0,0.0,9.670983958523655e-36,0.9919279229586451,1.4878918844379676,1.5284378137151446,4.440603301274815,0.0,0.05,0.15405767236812593,2.4878918844379676
aed,0,1577,1,puzzle,2,1.0,0.0,9.187434760597454e-36,0.9919292972378301,1.487893945856745,1.5284850943758526,4.436788416781174,0.0,0.05,0.15405767236812593,2.487893945856745
aed,0,1578,1,puzzle,2,1.0,0.0,8.728063022567591e-36,0.9919306699136253,1.487896004870438,1.5285321489283255,4.433056676671249,0.0,0.05,0.15405767236812593,2.487896004870438
aed,0,1579,1,puzzle,2,1.0,0.0,8.291659871439206e-36,0.9919320409893031,1.4878980614839548,1.5285789784911035,4.429407026911686,0.0,0.05,0.15405767236812593,2.4878980614839548
aed,0,1580,1,puzzle,2,1.0,0.0,7.877076877867245e-36,0.9919334104681276,1.4879001157021914,1.528625584177159,4.4258384251175364,0.0,0.05,0.15405767236812593,2.4879001157021916
aed,0,1581,1,puzzle,2,1.0,0.0,7.483223033973883e-36,0.9919347783533525,1.4879021675300288,1.5286719670939233,4.422349840430256,0.0,0.05,0.15405767236812593,2.487902167530029
aed,0,1582,1,puzzle,2,1.0,0.0,7.109061882275194e-36,0.9919361446482237,1.4879042169723355,1.5287181283433153,4.418940253396933,0.0,0.05,0.15405767236812593,2.4879042169723355
aed,0,1583,1,puzzle,2,1.0,0.0,6.753608788161435e-36,0.9919375093559735,1.4879062640339602,1.5287640690217685,4.415608655850772,0.0,0.05,0.15405767236812593,2.48790626403396
aed,0,1584,1,puzzle,2,1.0,0.0,6.415928348753353e-36,0.9919388724798301,1.4879083087197453,1.5288097902202584,4.412354050792777,0.0,0.05,0.15405767236812593,2.4879083087197453
aed,0,1585,1,puzzle,2,1.0,0.0,6.09513193131569e-36,0.9919402340230096,1.4879103510345144,1.5288552930243298,4.409175452274664,0.0,0.05,0.15405767236812593,2.4879103510345146
aed,0,1586,1,puzzle,2,1.0,0.0,5.79037533474991e-36,0.9919415939887175,1.4879123909830763,1.5289005785141236,4.406071885282965,0.0,0.05,0.15405767236812593,2.4879123909830763
aed,0,1587,1,puzzle,2,1.0,0.0,5.5008565680124136e-36,0.9919429523801546,1.487914428570232,1.5289456477644041,4.403042385624308,0.0,0.05,0.15405767236812593,2.4879144285702317
aed,0,1588,1,puzzle,2,1.0,0.0,5.225813739611796e-36,0.9919443092005069,1.4879164638007603,1.528990501844586,4.400085999811891,0.0,0.05,0.15405767236812593,2.4879164638007603
aed,0,1589,1,puzzle,2,1.0,0.0,4.964523052631203e-36,0.9919456644529562,1.4879184966794343,1.5290351418187602,4.397201784953098,0.0,0.05,0.15405767236812593,2.487918496679434
aed,0,1590,1,puzzle,2,1.0,0.0,4.7162968999996435e-36,0.9919470181406717,1.4879205272110074,1.5290795687457215,4.394388808638281,0.0,0.05,0.15405767236812593,2.487920527211007
aed,0,1591,1,puzzle,2,1.0,0.0,4.480482054999662e-36,0.9919483702668151,1.4879225554002227,1.529123783678994,4.391646148830669,0.0,0.05,0.15405767236812593,2.487922555400223
aed,0,1592,1,puzzle,2,1.0,0.0,4.256457952249678e-36,0.9919497208345391,1.4879245812518087,1.529167787666858,4.388972893757412,0.0,0.05,0.15405767236812593,2.487924581251809
aed,0,1593,1,puzzle,2,1.0,0.0,4.0436350546371916e-36,0.9919510698469854,1.4879266047704782,1.529211581752376,4.386368141801736,0.0,0.05,0.15405767236812593,2.487926604770478
aed,0,1594,1,puzzle,2,1.0,0.0,3.8414533019053304e-36,0.9919524173072896,1.4879286259609343,1.5292551669734187,4.383831001396203,0.0,0.05,0.15405767236812593,2.4879286259609343
aed,0,1595,1,puzzle,2,1.0,0.0,3.649380636810069e-36,0.9919537632185761,1.4879306448278642,1.529298544362691,4.381360590917067,0.0,0.05,0.15405767236812593,2.4879306448278644
aed,0,1596,1,puzzle,2,1.0,0.0,3.466911604969557e-36,0.9919551075839628,1.487932661375944,1.529341714947757,4.378956038579709,0.0,0.05,0.15405767236812593,2.487932661375944
aed,0,1597,1,puzzle,2,1.0,0.0,3.293566024721084e-36,0.9919564504065544,1.4879346756098317,1.5293846797510673,4.376616482335148,0.0,0.05,0.15405767236812593,2.4879346756098317
aed,0,1598,1,puzzle,2,1.0,0.0,3.128887723485033e-36,0.9919577916894514,1.487936687534177,1.5294274397899827,4.374341069767603,0.0,0.05,0.15405767236812593,2.487936687534177
aed,0,1599,1,puzzle,2,1.0,0.0,2.972443337310775e-36,0.9919591314357443,1.4879386971536164,1.529469996076801,4.3721289579931115,0.0,0.05,0.15405767236812593,2.4879386971536164
aed,0,1600,1,puzzle,2,1.0,0.0,2.8238211704452332e-36,0.9919604696485106,1.487940704472766,1.5295123496187808,4.369979313559195,0.0,0.05,0.15405767236812593,2.487940704472766
aed,0,1601,1,puzzle,2,1.0,0.0,2.6826301119229737e-36,0.9919618063308251,1.4879427094962376,1.5295545014181682,4.367891312345534,0.0,0.05,0.15405767236812593,2.4879427094962376
aed,0,1602,1,puzzle,2,1.0,0.0,2.548498606326831e-36,0.9919631414857505,1.4879447122286258,1.5295964524722205,4.365864139465673,0.0,0.05,0.15405767236812593,2.487944712228626
aed,0,1603,1,puzzle,2,1.0,0.0,2.421073676010484e-36,0.9919644751163413,1.487946712674512,1.529638203773232,4.363896989169736,0.0,0.05,0.15405767236812593,2.4879467126745123
aed,0,1604,1,puzzle,2,1.0,0.0,2.3000199922099633e-36,0.991965807225644,1.487948710838466,1.5296797563085582,4.361989064748131,0.0,0.05,0.15405767236812593,2.4879487108384657
aed,0,1605,1,puzzle,2,1.0,0.0,2.1850189925994624e-36,0.9919671378166948,1.4879507067250421,1.5297211110606408,4.3601395784362476,0.0,0.05,0.15405767236812593,2.487950706725042
aed,0,1606,1,puzzle,2,1.0,0.0,2.0757680429694877e-36,0.9919684668925235,1.4879527003387851,1.5297622690070314,4.358347751320132,0.0,0.05,0.15405767236812593,2.487952700338785
aed,0,1607,1,puzzle,2,1.0,0.0,1.9719796408210136e-36,0.9919697944561484,1.4879546916842226,1.5298032311204173,4.3566128132431245,0.0,0.05,0.15405767236812593,2.4879546916842226
aed,0,1608,1,puzzle,2,1.0,0.0,1.8733806587799626e-36,0.9919711205105818,1.4879566807658726,1.5298439983686445,4.354934002713465,0.0,0.05,0.15405767236812593,2.4879566807658726
aed,0,1609,1,puzzle,2,1.0,0.0,1.7797116258409653e-36,0.991972445058829,1.4879586675882435,1.5298845717147427,4.353310566812829,0.0,0.05,0.15405767236812593,2.4879586675882432
aed,0,1610,1,puzzle,2,1.0,0.0,1.6907260445489162e-36,0.9919737681038804,1.4879606521558206,1.5299249521169482,4.351741761105828,0.0,0.05,0.15405767236812593,2.4879606521558206
aed,0,1611,1,puzzle,2,1.0,0.0,1.60618974232147e-36,0.9919750896487262,1.4879626344730892,1.529965140528729,4.35022684955041,0.0,0.05,0.15405767236812593,2.487962634473089
aed,0,1612,2,mastered,1,0.0,0.0,1.5258802552053985e-36,0.992098975562206,1.488148463343309,1.5300060571428018,4.348582174854398,0.0,0.05,0.15405767236812593,1.488148463343309
aed,0,1613,1,puzzle,1,0.0,0.0,1.4495862424451283e-36,0.876377606626875,1.3145664099403125,1.5291788589067894,4.519708802072331,0.0,0.05,0.15405767236812593,1.3145664099403125
aed,0,1614,1,puzzle,2,1.0,0.0,1.3771069303228708e-36,0.992100279739954,1.4881504196099309,1.529223716710305,4.515585011151982,0.0,0.05,0.15405767236812593,2.488150419609931
aed,0,1615,1,puzzle,2,1.0,0.0,1.3082515838067289e-36,0.992101582440328,1.488152373660492,1.529268359995056,4.511545147375026,0.0,0.05,0.15405767236812593,2.4881523736604922
aed,0,1616,1,puzzle,2,1.0,0.0,1.242839004616392e-36,0.9921028836662572,1.4881543254993859,1.5293127898225776,4.507588160224468,0.0,0.05,0.15405767236812593,2.488154325499386
aed,0,1617,1,puzzle,2,1.0,0.0,1.180697054385573e-36,0.9921041834206625,1.4881562751309938,1.5293570072491196,4.503713010740349,0.0,0.05,0.15405767236812593,2.4881562751309936
aed,0,1618,1,puzzle,2,1.0,0.0,1.121662201666293e-36,0.992105481706455,1.4881582225596826,1.5294010133256726,4.499918671398936,0.0,0.05,0.15405767236812593,2.4881582225596826
aed,0,1619,1,puzzle,2,1.0,0.0,1.0655790915829801e-36,0.9921067785265391,1.4881601677898086,1.5294448090979933,4.49620412599313,0.0,0.05,0.15405767236812593,2.4881601677898084
aed,0,1620,1,puzzle,2,1.0,0.0,1.0123001370038298e-36,0.9921080738838105,1.4881621108257157,1.5294883956066319,4.492568369514115,0.0,0.05,0.15405767236812593,2.4881621108257157
aed,0,1621,1,puzzle,2,1.0,0.0,9.616851301536379e-37,0.9921093677811557,1.4881640516717334,1.5295317738869574,4.489010408034197,0.0,0.05,0.15405767236812593,2.4881640516717334
aed,0,1622,1,puzzle,2,1.0,0.0,9.136008736459558e-37,0.9921106602214563,1.4881659903321844,1.5295749449691833,4.485529258590853,0.0,0.05,0.15405767236812593,2.4881659903321847
aed,0,1623,1,puzzle,2,1.0,0.0,8.679208299636594e-37,0.9921119512075828,1.488167926811374,1.5296179098783942,4.482123949071965,0.0,0.05,0.15405767236812593,2.488167926811374
aed,0,1624,1,puzzle,0,1.0,0.0,8.245247884654743e-37,0.9922307784446301,1.4883461676669452,1.529661551167337,4.4786180930816375,0.0,0.05,0.15405767236812593,2.488346167666945
aed,0,1625,1,puzzle,2,1.0,0.0,7.832985490422012e-37,0.992232052975887,1.4883480794638304,1.5297049838088197,4.475188816495811,0.0,0.05,0.15405767236812593,2.4883480794638304
aed,0,1626,1,puzzle,2,1.0,0.0,7.441336215900924e-37,0.9922333260744857,1.4883499891117284,1.5297482088353342,4.471835148054458,0.0,0.05,0.15405767236812593,2.4883499891117284
aed,0,1627,1,puzzle,2,1.0,0.0,7.0692694051058575e-37,0.9922345977432437,1.4883518966148657,1.5297912272742318,4.468556127233279,0.0,0.05,0.15405767236812593,2.4883518966148657
aed,0,1628,1,puzzle,0,1.0,0.0,6.71580593485057e-37,0.9923487926209468,1.48852318893142,1.5298348870825176,4.465182264112044,0.0,0.05,0.15405767236812593,2.48852318893142
aed,0,1629,1,puzzle,2,1.0,0.0,6.3800156381080495e-37,0.9923500485521911,1.4885250728282866,1.5298783380112466,4.461883706653883,0.0,0.05,0.15405767236812593,2.4885250728282866
aed,0,1630,1,puzzle,2,1.0,0.0,6.061014856202643e-37,0.9923513030742049,1.4885269546113074,1.5299215810942468,4.458659496070284,0.0,0.05,0.15405767236812593,2.4885269546113076
aed,0,1631,1,puzzle,2,1.0,0.0,5.7579641133925155e-37,0.9923525561897523,1.4885288342846283,1.5299646173601986,4.455508684185152,0.0,0.05,0.15405767236812593,2.4885288342846286
aed,0,1632,1,puzzle,2,1.0,0.0,5.470065907722894e-37,0.9923538079015919,1.4885307118523878,1.5300074478326595,4.452430333323572,0.0,0.05,0.15405767236812593,2.4885307118523876
aed,0,1633,1,puzzle,2,1.0,0.0,5.196562612336737e-37,0.9923550582124754,1.488532587318713,1.5300500735300897,4.449423516201713,0.0,0.05,0.15405767236812593,2.488532587318713
aed,0,1634,1,puzzle,2,1.0,0.0,4.9367344817199015e-37,0.9923563071251439,1.4885344606877158,1.5300924954658779,4.4464873158178575,0.0,0.05,0.15405767236812593,2.488534460687716
aed,0,1635,1,puzzle,2,1.0,0.0,4.6898977576339064e-37,0.9923575546423333,1.4885363319635,1.530134714648366,4.443620825344545,0.0,0.05,0.15405767236812593,2.4885363319635
aed,0,1636,1,puzzle,2,1.0,0.0,4.455402869752211e-37,0.9923588007667715,1.4885382011501573,1.5301767320808748,4.440823148021817,0.0,0.05,0.15405767236812593,2.488538201150157
aed,0,1637,1,puzzle,2,1.0,0.0,4.2326327262645986e-37,0.9923600455011772,1.4885400682517658,1.5302185487617292,4.438093397051563,0.0,0.05,0.15405767236812593,2.4885400682517655
aed,0,1638,1,puzzle,2,1.0,0.0,4.021001089951376e-37,0.9923612888482647,1.488541933272397,1.5302601656842827,4.435430695492933,0.0,0.05,0.15405767236812593,2.488541933272397
aed,0,1639,1,puzzle,2,1.0,0.0,3.819951035453802e-37,0.992362530810736,1.488543796216104,1.5303015838369418,4.432834176158841,0.0,0.05,0.15405767236812593,2.488543796216104
aed,0,1640,1,puzzle,2,1.0,0.0,3.628953483681117e-37,0.992363771391291,1.4885456570869364,1.530342804203192,4.430302981513508,0.0,0.05,0.15405767236812593,2.488545657086936
aed,0,1641,1,puzzle,2,1.0,0.0,3.4475058094970606e-37,0.9923650105926174,1.488547515888926,1.5303838277616206,4.427836263571067,0.0,0.05,0.15405767236812593,2.488547515888926
aed,0,1642,1,puzzle,2,1.0,0.0,3.275130519022203e-37,0.9923662484174001,1.4885493726261,1.5304246554859429,4.4254331837951995,0.0,0.05,0.15405767236812593,2.4885493726261
aed,0,1643,1,puzzle,2,1.0,0.0,3.1113739930710967e-37,0.9923674848683124,1.4885512273024686,1.5304652883450254,4.423092912999804,0.0,0.05,0.15405767236812593,2.4885512273024686
aed,0,1644,1,puzzle,2,1.0,0.0,2.9558052934175396e-37,0.9923687199480222,1.4885530799220335,1.5305057273029103,4.420814631250683,0.0,0.05,0.15405767236812593,2.4885530799220335
aed,0,1645,1,puzzle,2,1.0,0.0,2.808015028746661e-37,0.9923699536591905,1.4885549304887857,1.5305459733188398,4.418597527768229,0.0,0.05,0.15405767236812593,2.4885549304887857
aed,0,1646,1,puzzle,2,1.0,0.0,2.6676142773093325e-37,0.9923711860044697,1.4885567790067045,1.530586027347279,4.416440800831122,0.0,0.05,0.15405767236812593,2.4885567790067045
aed,0,1647,1,puzzle,2,1.0,0.0,2.534233563443866e-37,0.992372416986505,1.4885586254797576,1.5306258903379415,4.414343657680995,0.0,0.05,0.15405767236812593,2.4885586254797576
aed,0,1648,1,puzzle,2,1.0,0.0,2.4075218852716723e-37,0.992373646607936,1.4885604699119042,1.5306655632358115,4.4123053144280915,0.0,0.05,0.15405767236812593,2.488560469911904
aed,0,1649,1,puzzle,2,1.0,0.0,2.2871457910080873e-37,0.9923748748713925,1.4885623123070888,1.5307050469811678,4.41032499595789,0.0,0.05,0.15405767236812593,2.4885623123070886
aed,0,1650,1,puzzle,2,1.0,0.0,2.1727885014576813e-37,0.9923761017794998,1.4885641526692497,1.5307443425096083,4.408401935838669,0.0,0.05,0.15405767236812593,2.48856415266925
aed,0,1651,1,puzzle,2,1.0,0.0,2.0641490763847992e-37,0.9923773273348728,1.4885659910023092,1.530783450752072,4.406535376230045,0.0,0.05,0.15405767236812593,2.488565991002309
aed,0,1652,1,puzzle,2,1.0,0.0,1.9609416225655596e-37,0.9923785515401233,1.488567827310185,1.5308223726348624,4.404724567792423,0.0,0.05,0.15405767236812593,2.488567827310185
aed,0,1653,1,puzzle,2,1.0,0.0,1.8628945414372763e-37,0.9923797743978514,1.4885696615967772,1.530861109079672,4.402968769597393,0.0,0.05,0.15405767236812593,2.4885696615967774
aed,0,1654,1,puzzle,2,1.0,0.0,1.7697498143654135e-37,0.9923809959106538,1.4885714938659806,1.5308996610036036,4.4012672490390425,0.0,0.05,0.15405767236812593,2.4885714938659804
aed,0,1655,1,puzzle,2,1.0,0.0,1.6812623236471421e-37,0.9923822160811177,1.4885733241216765,1.5309380293191939,4.399619281746169,0.0,0.05,0.15405767236812593,2.4885733241216768
aed,0,1656,1,puzzle,2,1.0,0.0,1.597199207464788e-37,0.9923834349118249,1.4885751523677373,1.5309762149344366,4.398024151495407,0.0,0.05,0.15405767236812593,2.488575152367737
aed,0,1657,1,puzzle,2,1.0,0.0,1.5173392470915483e-37,0.9923846524053487,1.488576978608023,1.5310142187528044,4.3964811501252345,0.0,0.05,0.15405767236812593,2.488576978608023
aed,0,1658,1,puzzle,2,1.0,0.0,1.4414722847369707e-37,0.9923858685642558,1.4885788028463838,1.5310520416732722,4.39498957745087,0.0,0.05,0.15405767236812593,2.4885788028463836
aed,0,1659,1,puzzle,2,1.0,0.0,1.3693986705001203e-37,0.9923870833911084,1.4885806250866627,1.5310896845903392,4.393548741180038,0.0,0.05,0.15405767236812593,2.4885806250866627
aed,0,1660,1,puzzle,2,1.0,0.0,1.3009287369751163e-37,0.9923882968884564,1.4885824453326846,1.531127148394051,4.392157956829605,0.0,0.05,0.15405767236812593,2.4885824453326846
aed,0,1661,1,puzzle,2,1.0,0.0,1.235882300126361e-37,0.9923895090588483,1.4885842635882724,1.531164433970022,4.390816547643059,0.0,0.05,0.15405767236812593,2.4885842635882724
aed,0,1662,1,puzzle,2,1.0,0.0,1.1740881851200413e-37,0.9923907199048212,1.4885860798572317,1.5312015421994583,4.3895238445088545,0.0,0.05,0.15405767236812593,2.4885860798572317
aed,0,1663,1,puzzle,2,1.0,0.0,1.1153837758640386e-37,0.9923919294289097,1.4885878941433646,1.5312384739591778,4.388279185879579,0.0,0.05,0.15405767236812593,2.4885878941433646
aed,0,1664,1,puzzle,2,1.0,0.0,1.059614587070836e-37,0.9923931376336369,1.4885897064504554,1.5312752301216341,4.387081917691963,0.0,0.05,0.15405767236812593,2.4885897064504556
aed,0,1665,1,puzzle,2,1.0,0.0,1.006633857717297e-37,0.9923943445215215,1.4885915167822823,1.5313118115549373,4.385931393287699,0.0,0.05,0.15405767236812593,2.4885915167822823
aed,0,1666,1,puzzle,2,1.0,0.0,9.563021648314312e-38,0.9923955500950763,1.4885933251426144,1.5313482191228756,4.384826973335082,0.0,0.05,0.15405767236812593,2.4885933251426144
aed,0,1667,1,puzzle,2,1.0,0.0,9.084870565898578e-38,0.9923967543568054,1.4885951315352082,1.5313844536849373,4.38376802575146,0.0,0.05,0.15405767236812593,2.488595131535208
aed,0,1668,1,puzzle,2,1.0,0.0,8.630627037603652e-38,0.9923979573092071,1.4885969359638107,1.5314205160963315,4.382753925626467,0.0,0.05,0.15405767236812593,2.4885969359638107
aed,0,1669,1,puzzle,2,1.0,0.0,8.199095685723493e-38,0.992399158954773,1.4885987384321595,1.5314564072080106,4.381784055146054,0.0,0.05,0.15405767236812593,2.4885987384321595
aed,0,1670,1,puzzle,2,1.0,0.0,7.78914090143731e-38,0.9924003592959869,1.4886005389439805,1.5314921278666904,4.380857803517303,0.0,0.05,0.15405767236812593,2.4886005389439805
aed,0,1671,1,puzzle,2,1.0,0.0,7.399683856365433e-38,0.9924015583353266,1.48860233750299,1.531527678914872,4.379974566894012,0.0,0.05,0.15405767236812593,2.48860233750299
aed,0,1672,1,puzzle,2,1.0,0.0,7.029699663547163e-38,0.9924027560752638,1.4886041341128957,1.5315630611908622,4.379133748303039,0.0,0.05,0.15405767236812593,2.4886041341128955
aed,0,1673,1,puzzle,2,1.0,0.0,6.678214680369803e-38,0.9924039525182635,1.4886059287773952,1.531598275528795,4.378334757571408,0.0,0.05,0.15405767236812593,2.488605928777395
aed,0,1674,1,puzzle,2,1.0,0.0,6.344303946351317e-38,0.9924051476667822,1.4886077215001734,1.5316333227586518,4.377577011254172,0.0,0.05,0.15405767236812593,2.4886077215001734
aed,0,1675,1,puzzle,2,1.0,0.0,6.02708874903375e-38,0.9924063415232716,1.4886095122849072,1.531668203706283,4.376859932563006,0.0,0.05,0.15405767236812593,2.4886095122849072
aed,0,1676,1,puzzle,2,1.0,0.0,5.72573431158207e-38,0.9924075340901777,1.4886113011352666,1.531702919193428,4.3761829512955375,0.0,0.05,0.15405767236812593,2.4886113011352666
aed,0,1677,1,puzzle,2,1.0,0.0,5.439447596002953e-38,0.992408725369936,1.488613088054904,1.5317374700377353,4.375545503765414,0.0,0.05,0.15405767236812593,2.4886130880549038
aed,0,1678,1,puzzle,2,1.0,0.0,5.167475216202808e-38,0.9924099153649799,1.48861487304747,1.531771857052784,4.374947032733075,0.0,0.05,0.15405767236812593,2.48861487304747
aed,0,1679,1,puzzle,2,1.0,0.0,4.909101455392671e-38,0.9924111040777328,1.4886166561165992,1.5318060810481031,4.374386987337248,0.0,0.05,0.15405767236812593,2.488616656116599
aed,0,1680,1,puzzle,2,1.0,0.0,4.6636463826230383e-38,0.9924122915106159,1.488618437265924,1.5318401428291921,4.3738648230271435,0.0,0.05,0.15405767236812593,2.4886184372659237
aed,0,1681,1,puzzle,2,1.0,0.0,4.4304640634918923e-38,0.9924134776660388,1.4886202164990583,1.5318740431975415,4.373380001495355,0.0,0.05,0.15405767236812593,2.4886202164990583
aed,0,1682,1,puzzle,2,1.0,0.0,4.208940860317295e-38,0.9924146625464075,1.4886219938196112,1.531907782950652,4.372931990611442,0.0,0.05,0.15405767236812593,2.4886219938196112
aed,0,1683,1,puzzle,2,1.0,0.0,3.9984938173014287e-38,0.9924158461541214,1.4886237692311821,1.5319413628820546,4.3725202643562,0.0,0.05,0.15405767236812593,2.4886237692311823
aed,0,1684,1,puzzle,2,1.0,0.0,3.79856912643635e-38,0.9924170284915729,1.4886255427373594,1.5319747837813311,4.37214430275661,0.0,0.05,0.15405767236812593,2.4886255427373594
aed,0,1685,1,puzzle,2,1.0,0.0,3.608640670114535e-38,0.9924182095611482,1.4886273143417224,1.5320080464341332,4.371803591821454,0.0,0.05,0.15405767236812593,2.4886273143417226
aed,0,1686,1,puzzle,2,1.0,0.0,3.4282086366088047e-38,0.9924193893652281,1.4886290840478422,1.532041151622202,4.371497623477599,0.0,0.05,0.15405767236812593,2.488629084047842
aed,0,1687,1,puzzle,2,1.0,0.0,3.2567982047783674e-38,0.992420567906185,1.4886308518592775,1.5320741001233873,4.3712258955069325,0.0,0.05,0.15405767236812593,2.4886308518592775
aed,0,1688,1,puzzle,2,1.0,0.0,3.093958294539447e-38,0.9924217451863865,1.4886326177795797,1.5321068927116681,4.370987911483952,0.0,0.05,0.15405767236812593,2.4886326177795794
aed,0,1689,1,puzzle,2,1.0,0.0,2.9392603798124813e-38,0.9924229212081945,1.4886343818122918,1.5321395301571712,4.370783180713992,0.0,0.05,0.15405767236812593,2.488634381812292
aed,0,1690,1,puzzle,2,1.0,0.0,2.792297360821852e-38,0.9924240959739619,1.4886361439609428,1.53217201322619,4.370611218172099,0.0,0.05,0.15405767236812593,2.488636143960943
aed,0,1691,1,puzzle,2,1.0,0.0,2.652682492780761e-38,0.992425269486039,1.4886379042290585,1.5322043426812044,4.370471544442524,0.0,0.05,0.15405767236812593,2.4886379042290585
aed,0,1692,1,puzzle,2,1.0,0.0,2.520048368141724e-38,0.9924264417467662,1.4886396626201492,1.532236519280899,4.370363685658848,0.0,0.05,0.15405767236812593,2.488639662620149
aed,0,1693,1,puzzle,2,1.0,0.0,2.39404594973464e-38,0.9924276127584799,1.48864141913772,1.5322685437801833,4.370287173444723,0.0,0.05,0.15405767236812593,2.48864141913772
aed,0,1694,1,puzzle,2,1.0,0.0,2.2743436522479004e-38,0.9924287825235105,1.488643173785266,1.5323004169302088,4.370241544855219,0.0,0.05,0.15405767236812593,2.488643173785266
aed,0,1695,1,puzzle,2,1.0,0.0,2.1606264696355112e-38,0.9924299510441814,1.488644926566272,1.532332139478389,4.370226342318784,0.0,0.05,0.15405767236812593,2.488644926566272
aed,0,1696,1,puzzle,2,1.0,0.0,2.0525951461537298e-38,0.9924311183228095,1.4886466774842142,1.5323637121684182,4.3702411135798,0.0,0.05,0.15405767236812593,2.488646677484214
aed,0,1697,1,puzzle,2,1.0,0.0,1.9499653888460446e-38,0.9924322843617057,1.4886484265425586,1.532395135740289,4.370285411641732,0.0,0.05,0.15405767236812593,2.4886484265425586
aed,0,1698,1,puzzle,2,1.0,0.0,1.8524671194037457e-38,0.9924334491631767,1.488650173744765,1.5324264109303114,4.370358794710861,0.0,0.05,0.15405767236812593,2.488650173744765
aed,0,1699,1,puzzle,2,1.0,0.0,1.7598437634335586e-38,0.9924346127295197,1.4886519190942795,1.5324575384711312,4.370460826140604,0.0,0.05,0.15405767236812593,2.4886519190942797
aed,0,1700,1,puzzle,2,1.0,0.0,1.671851575261877e-38,0.9924357750630292,1.4886536625945437,1.5324885190917483,4.370591074376403,0.0,0.05,0.15405767236812593,2.488653662594544
aed,0,1701,1,puzzle,2,1.0,0.0,1.5882589964987864e-38,0.9924369361659919,1.488655404248988,1.5325193535175345,4.370749112901185,0.0,0.05,0.15405767236812593,2.4886554042489877
aed,0,1702,1,puzzle,2,1.0,0.0,1.5088460466738459e-38,0.9924380960406877,1.4886571440610314,1.5325500424702518,4.370934520181394,0.0,0.05,0.15405767236812593,2.4886571440610314
aed,0,1703,1,puzzle,2,1.0,0.0,1.4334037443401534e-38,0.9924392546893912,1.4886588820340867,1.5325805866680708,4.371146879613565,0.0,0.05,0.15405767236812593,2.4886588820340867
aed,0,1704,1,puzzle,2,1.0,0.0,1.3617335571231434e-38,0.9924404121143743,1.4886606181715614,1.5326109868255884,4.371385779471456,0.0,0.05,0.15405767236812593,2.4886606181715614
aed,0,1705,1,puzzle,2,1.0,0.0,1.2936468792669875e-38,0.9924415683178966,1.488662352476845,1.5326412436538446,4.3716508128537415,0.0,0.05,0.15405767236812593,2.4886623524768448
aed,0,1706,1,puzzle,2,1.0,0.0,1.2289645353036366e-38,0.9924427233022161,1.4886640849533241,1.532671357860342,4.371941577632222,0.0,0.05,0.15405767236812593,2.4886640849533244
aed,0,1707,1,puzzle,2,1.0,0.0,1.167516308538455e-38,0.992443877069584,1.4886658156043762,1.532701330149062,4.372257676400586,0.0,0.05,0.15405767236812593,2.488665815604376
aed,0,1708,1,puzzle,2,1.0,0.0,1.1091404931115341e-38,0.9924450296222471,1.4886675444333708,1.5327311612204835,4.372598716423692,0.0,0.05,0.15405767236812593,2.488667544433371
aed,0,1709,1,puzzle,2,1.0,0.0,1.053683468455957e-38,0.992446180962441,1.4886692714436616,1.5327608517715994,4.372964309587393,0.0,0.05,0.15405767236812593,2.4886692714436616
aed,0,1710,1,puzzle,2,1.0,0.0,1.000999295033161e-38,0.9924473310924027,1.488670996638604,1.5327904024959342,4.373354072348849,0.0,0.05,0.15405767236812593,2.488670996638604
aed,0,1711,1,puzzle,2,1.0,0.0,9.509493302815017e-39,0.9924484800143579,1.4886727200215368,1.5328198140835623,4.373767625687385,0.0,0.05,0.15405767236812593,2.488672720021537
aed,0,1712,1,puzzle,2,1.0,0.0,9.03401863767426e-39,0.9924496277305295,1.4886744415957942,1.5328490872211233,4.374204595055841,0.0,0.05,0.15405767236812593,2.488674441595794
aed,0,1713,1,puzzle,2,1.0,0.0,8.58231770579054e-39,0.9924507742431312,1.4886761613646968,1.5328782225918411,4.3746646103324265,0.0,0.05,0.15405767236812593,2.4886761613646966
aed,0,1714,1,puzzle,2,1.0,0.0,8.153201820501028e-39,0.9924519195543754,1.4886778793315631,1.5329072208755399,4.375147305773079,0.0,0.05,0.15405767236812593,2.488677879331563
aed,0,1715,1,puzzle,2,1.0,0.0,7.745541729475962e-39,0.9924530636664652,1.4886795954996979,1.5329360827486607,4.375652319964311,0.0,0.05,0.15405767236812593,2.488679595499698
aed,0,1716,2,mastered,1,0.0,0.0,7.358264643002177e-39,0.9925638256695739,1.4888457385043607,1.532965631027439,4.376015689287746,0.0,0.05,0.15405767236812593,1.4888457385043607
aed,0,1717,1,puzzle,1,0.0,0.0,6.990351410852057e-39,0.8778767599766746,1.3168151399650119,1.532134878572127,4.547575271001984,0.0,0.05,0.15405767236812593,1.3168151399650119
aed,0,1718,1,puzzle,2,1.0,0.0,6.640833840309455e-39,0.9925649554166662,1.4888474331249992,1.5321684413448913,4.5454205265118555,0.0,0.05,0.15405767236812593,2.4888474331249992
aed,0,1719,1,puzzle,2,1.0,0.0,6.30879214829399e-39,0.9925660839819721,1.4888491259729582,1.5322018447680317,4.54331904004181,0.0,0.05,0.15405767236812593,2.4888491259729584
aed,0,1720,1,puzzle,2,1.0,0.0,5.993352540879287e-39,0.9925672113676537,1.4888508170514805,1.532235089629449,4.541270122219361,0.0,0.05,0.15405767236812593,2.4888508170514805
aed,0,1721,1,puzzle,2,1.0,0.0,5.693684913835313e-39,0.9925683375758692,1.4888525063638038,1.5322681767131208,4.539273091346484,0.0,0.05,0.15405767236812593,2.488852506363804
aed,0,1722,1,puzzle,2,1.0,0.0,5.409000668143563e-39,0.992569462608773,1.4888541939131594,1.532301106799121,4.537327273318981,0.0,0.05,0.15405767236812593,2.488854193913159
aed,0,1723,1,puzzle,2,1.0,0.0,5.1385506347363714e-39,0.9925705864685117,1.4888558797027676,1.5323338806636393,4.535432001546663,0.0,0.05,0.15405767236812593,2.4888558797027676
aed,0,1724,1,puzzle,2,1.0,0.0,4.881623102999554e-39,0.992571709157228,1.488857563735842,1.5323664990790002,4.533586616874356,0.0,0.05,0.15405767236812593,2.4888575637358423
aed,0,1725,1,puzzle,2,1.0,0.0,4.637541947849576e-39,0.9925728306770574,1.488859246015586,1.5323989628136834,4.5317904675037095,0.0,0.05,0.15405767236812593,2.4888592460155863
aed,0,1726,1,puzzle,2,1.0,0.0,4.4056648504570995e-39,0.9925739510301302,1.4888609265451953,1.5324312726323408,4.530042908915818,0.0,0.05,0.15405767236812593,2.488860926545195
aed,0,1727,1,puzzle,2,1.0,0.0,4.185381607934241e-39,0.9925750702185722,1.4888626053278582,1.5324634292958184,4.52834330379462,0.0,0.05,0.15405767236812593,2.488862605327858
aed,0,1728,1,puzzle,2,1.0,0.0,3.9761125275375356e-39,0.9925761882445036,1.4888642823667553,1.5324954335611731,4.526691021951091,0.0,0.05,0.15405767236812593,2.4888642823667553
aed,0,1729,1,puzzle,2,1.0,0.0,3.777306901160657e-39,0.992577305110037,1.4888659576650554,1.5325272861816925,4.525085440248217,0.0,0.05,0.15405767236812593,2.4888659576650554
aed,0,1730,1,puzzle,2,1.0,0.0,3.588441556102622e-39,0.9925784208172834,1.4888676312259252,1.5325589879069137,4.523525942526724,0.0,0.05,0.15405767236812593,2.4888676312259252
aed,0,1731,1,puzzle,2,1.0,0.0,3.409019478297486e-39,0.9925795353683444,1.4888693030525166,1.5325905394826416,4.5220119195315815,0.0,0.05,0.15405767236812593,2.4888693030525166
aed,0,1732,1,puzzle,2,1.0,0.0,3.2385685043826174e-39,0.9925806487653169,1.4888709731479755,1.5326219416509683,4.520542768839259,0.0,0.05,0.15405767236812593,2.4888709731479755
aed,0,1733,1,puzzle,2,1.0,0.0,3.0766400791634824e-39,0.9925817610102959,1.4888726415154439,1.5326531951502906,4.519117894785714,0.0,0.05,0.15405767236812593,2.488872641515444
aed,0,1734,1,puzzle,2,1.0,0.0,2.9228080752053067e-39,0.992582872105367,1.4888743081580504,1.5326843007153295,4.517736708395136,0.0,0.05,0.15405767236812593,2.48887430815805
aed,0,1735,1,puzzle,2,1.0,0.0,2.7766676714450434e-39,0.9925839820526133,1.48887597307892,1.5327152590771476,4.516398627309412,0.0,0.05,0.15405767236812593,2.48887597307892
aed,0,1736,1,puzzle,2,1.0,0.0,2.6378342878727965e-39,0.9925850908541087,1.488877636281163,1.5327460709631677,4.515103075718323,0.0,0.05,0.15405767236812593,2.4888776362811633
aed,0,1737,1,puzzle,2,1.0,0.0,2.5059425734791582e-39,0.9925861985119261,1.488879297767889,1.5327767370971914,4.513849484290442,0.0,0.05,0.15405767236812593,2.4888792977678893
aed,0,1738,1,puzzle,2,1.0,0.0,2.3806454448051977e-39,0.9925873050281313,1.488880957542197,1.5328072581994163,4.512637290104757,0.0,0.05,0.15405767236812593,2.488880957542197
aed,0,1739,1,puzzle,2,1.0,0.0,2.2616131725649357e-39,0.992588410404783,1.4888826156071744,1.532837634986455,4.51146593658299,0.0,0.05,0.15405767236812593,2.4888826156071744
aed,0,1740,1,puzzle,2,1.0,0.0,2.1485325139366876e-39,0.9925895146439376,1.4888842719659063,1.5328678681713521,4.510334873422606,0.0,0.05,0.15405767236812593,2.4888842719659063
aed,0,1741,1,puzzle,2,1.0,0.0,2.0411058882398556e-39,0.9925906177476449,1.4888859266214673,1.5328979584636027,4.509243556530515,0.0,0.05,0.15405767236812593,2.4888859266214673
aed,0,1742,1,puzzle,2,1.0,0.0,1.9390505938278618e-39,0.9925917197179485,1.4888875795769227,1.5329279065691692,4.508191447957456,0.0,0.05,0.15405767236812593,2.4888875795769225
aed,0,1743,1,puzzle,2,1.0,0.0,1.8420980641364684e-39,0.9925928205568882,1.4888892308353323,1.5329577131905001,4.507178015833049,0.0,0.05,0.15405767236812593,2.4888892308353325
aed,0,1744,1,puzzle,2,1.0,0.0,1.7499931609296432e-39,0.9925939202664981,1.4888908803997472,1.5329873790265462,4.506202734301517,0.0,0.05,0.15405767236812593,2.4888908803997474
aed,0,1745,1,puzzle,2,1.0,0.0,1.6624935028831636e-39,0.9925950188488079,1.4888925282732117,1.5330169047727795,4.505265083458069,0.0,0.05,0.15405767236812593,2.4888925282732117
aed,0,1746,1,puzzle,2,1.0,0.0,1.5793688277390028e-39,0.9925961163058419,1.4888941744587627,1.5330462911212095,4.504364549285935,0.0,0.05,0.15405767236812593,2.4888941744587627
aed,0,1747,1,puzzle,2,1.0,0.0,1.5004003863520516e-39,0.9925972126396156,1.4888958189594235,1.5330755387604007,4.503500623594052,0.0,0.05,0.15405767236812593,2.4888958189594232
aed,0,1748,1,puzzle,2,1.0,0.0,1.4253803670344509e-39,0.992598307852145,1.4888974617782176,1.5331046483754898,4.502672803955384,0.0,0.05,0.15405767236812593,2.4888974617782176
aed,0,1749,1,puzzle,2,1.0,0.0,1.3541113486827283e-39,0.9925994019454376,1.4888991029181564,1.533133620648203,4.501880593645876,0.0,0.05,0.15405767236812593,2.4888991029181566
aed,0,1750,1,puzzle,2,1.0,0.0,1.2864057812485925e-39,0.9926004949214965,1.4889007423822447,1.533162456256873,4.501123501584046,0.0,0.05,0.15405767236812593,2.4889007423822447
aed,0,1751,1,puzzle,2,1.0,0.0,1.2220854921861618e-39,0.9926015867823206,1.4889023801734809,1.5331911558764562,4.500401042271181,0.0,0.05,0.15405767236812593,2.4889023801734806
aed,0,1752,1,puzzle,2,1.0,0.0,1.1609812175768546e-39,0.992602677529902,1.488904016294853,1.5332197201785482,4.499712735732165,0.0,0.05,0.15405767236812593,2.4889040162948532
aed,0,1753,1,puzzle,2,1.0,0.0,1.1029321566980112e-39,0.992603767166228,1.488905650749342,1.5332481498314023,4.499058107456904,0.0,0.05,0.15405767236812593,2.488905650749342
aed,0,1754,1,puzzle,2,1.0,0.0,1.0477855488631113e-39,0.9926048556932844,1.4889072835399266,1.533276445499945,4.498436688342353,0.0,0.05,0.15405767236812593,2.488907283539927
aed,0,1755,1,puzzle,2,1.0,0.0,9.953962714199543e-40,0.9926059431130454,1.488908914669568,1.533304607845793,4.497848014635155,0.0,0.05,0.15405767236812593,2.488908914669568
aed,0,1756,1,puzzle,2,1.0,0.0,9.45626457848957e-40,0.9926070294274856,1.4889105441412283,1.5333326375272702,4.497291627874845,0.0,0.05,0.15405767236812593,2.4889105441412283
aed,0,1757,1,puzzle,2,1.0,0.0,8.983451349565095e-40,0.9926081146385727,1.488912171957859,1.533360535199423,4.496767074837661,0.0,0.05,0.15405767236812593,2.488912171957859
aed,0,1758,1,puzzle,2,1.0,0.0,8.534278782086833e-40,0.9926091987482704,1.4889137981224057,1.533388301514038,4.496273907480917,0.0,0.05,0.15405767236812593,2.4889137981224057
aed,0,1759,1,puzzle,2,1.0,0.0,8.107564842982492e-40,0.9926102817585356,1.4889154226378034,1.5334159371196567,4.495811682887961,0.0,0.05,0.15405767236812593,2.4889154226378034
aed,0,1760,1,puzzle,2,1.0,0.0,7.702186600833359e-40,0.992611363671321,1.4889170455069816,1.5334434426615933,4.4953799632136935,0.0,0.05,0.15405767236812593,2.4889170455069816
aed,0,1761,1,puzzle,2,1.0,0.0,7.317077270791708e-40,0.992612444488576,1.488918666732864,1.5334708187819497,4.494978315630642,0.0,0.05,0.15405767236812593,2.488918666732864
aed,0,1762,1,puzzle,2,1.0,0.0,6.951223407252104e-40,0.9926135242122427,1.488920286318364,1.5334980661196318,4.494606312275604,0.0,0.05,0.15405767236812593,2.488920286318364
aed,0,1763,1,puzzle,2,1.0,0.0,6.603662236889513e-40,0.9926146028442584,1.4889219042663875,1.5335251853103655,4.494263530196825,0.0,0.05,0.15405767236812593,2.4889219042663875
aed,0,1764,1,puzzle,2,1.0,0.0,6.273479125045039e-40,0.9926156803865586,1.488923520579838,1.5335521769867129,4.493949551301732,0.0,0.05,0.15405767236812593,2.4889235205798377
aed,0,1765,1,puzzle,2,1.0,0.0,5.959805168792786e-40,0.992616756841069,1.4889251352616035,1.5335790417780875,4.493663962305199,0.0,0.05,0.15405767236812593,2.4889251352616037
aed,0,1766,2,mastered,1,0.0,0.0,5.661814910353147e-40,0.9927227477728039,1.489084121659206,1.5336065671774932,4.4932497682004335,0.0,0.05,0.15405767236812593,1.489084121659206
aed,0,1767,1,puzzle,1,0.0,0.0,5.378724164835483e-40,0.8793177153810384,1.3189765730715577,1.5327834172069634,4.662124114653835,0.0,0.05,0.15405767236812593,1.3189765730715577
aed,0,1768,1,puzzle,2,1.0,0.0,5.109787956593708e-40,0.9927238111058179,1.4890857166587268,1.5328149287042223,4.659232085552793,0.0,0.05,0.15405767236812593,2.489085716658727
aed,0,1769,1,puzzle,2,1.0,0.0,4.8542985587640255e-40,0.992724873366291,1.4890873100494364,1.5328462906109483,4.656398745258777,0.0,0.05,0.15405767236812593,2.4890873100494364
aed,0,1770,1,puzzle,2,1.0,0.0,4.6115836308258236e-40,0.9927259345561169,1.4890889018341753,1.5328775036670645,4.653623359639078,0.0,0.05,0.15405767236812593,2.489088901834175
aed,0,1771,1,puzzle,2,1.0,0.0,4.381004449284529e-40,0.9927269946771875,1.4890904920157813,1.5329085686088082,4.650905202635714,0.0,0.05,0.15405767236812593,2.489090492015781
aed,0,1772,1,puzzle,2,1.0,0.0,4.161954226820308e-40,0.9927280537313854,1.4890920805970782,1.5329394861687495,4.648243556181029,0.0,0.05,0.15405767236812593,2.489092080597078
aed,0,1773,2,mastered,1,0.0,0.0,3.9538565154792944e-40,0.9928300857010074,1.4892451285515111,1.5329710143806634,4.645487006448371,0.0,0.05,0.15405767236812593,1.4892451285515111
aed,0,1774,1,puzzle,1,0.0,0.0,3.7561636897053284e-40,0.8807036464774798,1.3210554697162196,1.5321614366573413,4.810138103325009,0.0,0.05,0.15405767236812593,1.3210554697162196
aed,0,1775,1,puzzle,2,1.0,0.0,3.568355505220055e-40,0.9928311322061855,1.4892466983092782,1.5321968629656009,4.804986886948082,0.0,0.05,0.15405767236812593,2.4892466983092785
aed,0,1776,1,puzzle,2,1.0,0.0,3.3899377299590514e-40,0.9928321776590692,1.4892482664886038,1.5322321199832158,4.799920871573213,0.0,0.05,0.15405767236812593,2.4892482664886035
aed,0,1777,1,puzzle,2,1.0,0.0,3.2204408434611015e-40,0.9928332220615083,1.4892498330922623,1.532267208548761,4.794939038313979,0.0,0.05,0.15405767236812593,2.4892498330922623
aed,0,1778,1,puzzle,2,1.0,0.0,3.0594188012880503e-40,0.9928342654153524,1.4892513981230286,1.5323021294966321,4.790040379304442,0.0,0.05,0.15405767236812593,2.4892513981230286
aed,0,1779,1,puzzle,0,1.0,0.0,2.9064478612236478e-40,0.9929334462689497,1.4894001694034247,1.532337619696166,4.785077425804139,0.0,0.05,0.15405767236812593,2.4894001694034245
aed,0,1780,1,puzzle,2,1.0,0.0,2.76112546816246e-40,0.9929344773432476,1.4894017160148714,1.5323729401777595,4.780197875708986,0.0,0.05,0.15405767236812593,2.4894017160148714
aed,0,1781,1,puzzle,2,1.0,0.0,2.6230691947543375e-40,0.9929355073832171,1.4894032610748256,1.532408091782245,4.7754007276593144,0.0,0.05,0.15405767236812593,2.4894032610748256
aed,0,1782,1,puzzle,2,1.0,0.0,2.491915735016624e-40,0.9929365363906737,1.4894048045860107,1.5324430753462637,4.770684991142975,0.0,0.05,0.15405767236812593,2.4894048045860107
aed,0,1783,1,puzzle,2,1.0,0.0,2.36731994826579e-40,0.9929375643674293,1.489406346551144,1.532477891702288,4.766049686382689,0.0,0.05,0.15405767236812593,2.489406346551144
aed,0,1784,1,puzzle,2,1.0,0.0,2.2489539508525003e-40,0.9929385913152902,1.4894078869729352,1.5325125416786414,4.761493844224568,0.0,0.05,0.15405767236812593,2.489407886972935
aed,0,1785,1,puzzle,2,1.0,0.0,2.1365062533098746e-40,0.9929396172360595,1.4894094258540893,1.5325470260995186,4.757016506027751,0.0,0.05,0.15405767236812593,2.489409425854089
aed,0,1786,1,puzzle,2,1.0,0.0,2.029680940644383e-40,0.9929406421315351,1.4894109631973027,1.5325813457850077,4.752616723555178,0.0,0.05,0.15405767236812593,2.4894109631973027
aed,0,1787,1,puzzle,2,1.0,0.0,1.928196893612164e-40,0.992941666003511,1.4894124990052664,1.532615501551109,4.748293558865469,0.0,0.05,0.15405767236812593,2.489412499005266
aed,0,1788,1,puzzle,2,1.0,0.0,1.8317870489315525e-40,0.9929426888537781,1.4894140332806671,1.5326494942097566,4.744046084205904,0.0,0.05,0.15405767236812593,2.489414033280667
aed,0,1789,1,puzzle,2,1.0,0.0,1.7401976964849778e-40,0.9929437106841177,1.4894155660261765,1.5326833245688387,4.7398733819065075,0.0,0.05,0.15405767236812593,2.4894155660261763
aed,0,1790,1,puzzle,2,1.0,0.0,1.6531878116607263e-40,0.9929447314963132,1.4894170972444698,1.532716993432217,4.7357745442751895,0.0,0.05,0.15405767236812593,2.48941709724447
aed,0,1791,1,puzzle,2,1.0,0.0,1.5705284210776933e-40,0.9929457512921389,1.4894186269382084,1.532750501599747,4.731748673493977,0.0,0.05,0.15405767236812593,2.4894186269382086
aed,0,1792,1,puzzle,2,1.0,0.0,1.492002000023809e-40,0.9929467700733675,1.4894201551100512,1.5327838498672985,4.727794881516284,0.0,0.05,0.15405767236812593,2.489420155110051
aed,0,1793,1,puzzle,2,1.0,0.0,1.4174019000226177e-40,0.9929477878417647,1.489421681762647,1.5328170390267752,4.7239122899652495,0.0,0.05,0.15405767236812593,2.4894216817626473
aed,0,1794,1,puzzle,2,1.0,0.0,1.3465318050214868e-40,0.9929488045990956,1.4894232068986435,1.5328500698661347,4.720100030033088,0.0,0.05,0.15405767236812593,2.4894232068986435
aed,0,1795,1,puzzle,2,1.0,0.0,1.2792052147704133e-40,0.9929498203471161,1.4894247305206743,1.5328829431694075,4.716357242381491,0.0,0.05,0.15405767236812593,2.4894247305206743
aed,0,1796,1,puzzle,2,1.0,0.0,1.215244954031891e-40,0.9929508350875814,1.4894262526313722,1.5329156597167173,4.712683077043021,0.0,0.05,0.15405767236812593,2.489426252631372
aed,0,1797,1,puzzle,2,1.0,0.0,1.1544827063302979e-40,0.9929518488222414,1.489427773233362,1.5329482202843006,4.709076693323529,0.0,0.05,0.15405767236812593,2.489427773233362
aed,0,1798,1,puzzle,2,1.0,0.0,1.0967585710137819e-40,0.9929528615528417,1.4894292923292625,1.5329806256445253,4.705537259705556,0.0,0.05,0.15405767236812593,2.4894292923292625
aed,0,1799,1,puzzle,2,1.0,0.0,1.0419206424630916e-40,0.9929538732811218,1.4894308099216826,1.533012876565911,4.702063953752729,0.0,0.05,0.15405767236812593,2.4894308099216826
aed,0,1800,1,puzzle,2,1.0,0.0,9.898246103399374e-41,0.9929548840088211,1.4894323260132318,1.5330449738131477,4.698655962015117,0.0,0.05,0.15405767236812593,2.489432326013232
aed,0,1801,1,puzzle,2,1.0,0.0,9.403333798229428e-41,0.9929558937376708,1.4894338406065062,1.5330769181471144,4.695312479935573,0.0,0.05,0.15405767236812593,2.489433840606506
aed,0,1802,1,puzzle,2,1.0,0.0,8.933167108317927e-41,0.9929569024693993,1.489435353704099,1.5331087103248993,4.692032711757018,0.0,0.05,0.15405767236812593,2.489435353704099
aed,0,1803,1,puzzle,2,1.0,0.0,8.486508752902032e-41,0.9929579102057302,1.4894368653085954,1.5331403510998176,4.68881587043067,0.0,0.05,0.15405767236812593,2.4894368653085954
aed,0,1804,1,puzzle,2,1.0,0.0,8.062183315256954e-41,0.9929589169483832,1.4894383754225748,1.5331718412214315,4.68566117752522,0.0,0.05,0.15405767236812593,2.4894383754225746
aed,0,1805,1,puzzle,2,1.0,0.0,7.659074149494094e-41,0.9929599226990753,1.489439884048613,1.5332031814355673,4.6825678631369225,0.0,0.05,0.15405767236812593,2.489439884048613
aed,0,1806,1,puzzle,2,1.0,0.0,7.276120442019386e-41,0.992960927459517,1.4894413911892754,1.5332343724843358,4.679535165800614,0.0,0.05,0.15405767236812593,2.4894413911892754
aed,0,1807,1,puzzle,2,1.0,0.0,6.912314419918412e-41,0.9929619312314147,1.489442896847122,1.5332654151061498,4.676562332401636,0.0,0.05,0.15405767236812593,2.4894428968471223
aed,0,1808,1,puzzle,2,1.0,0.0,6.56669869892249e-41,0.9929629340164725,1.4894444010247088,1.5332963100357426,4.673648618088653,0.0,0.05,0.15405767236812593,2.4894444010247088
aed,0,1809,1,puzzle,2,1.0,0.0,6.238363763976367e-41,0.9929639358163888,1.489445903724583,1.533327058004187,4.67079328618737,0.0,0.05,0.15405767236812593,2.489445903724583
aed,0,1810,1,puzzle,2,1.0,0.0,5.926445575777553e-41,0.9929649366328591,1.4894474049492887,1.5333576597389125,4.66799560811512,0.0,0.05,0.15405767236812593,2.4894474049492885
aed,0,1811,1,puzzle,0,1.0,0.0,5.630123296988674e-41,0.9930602588603762,1.4895903882905643,1.5333888233816706,4.665114087125075,0.0,0.05,0.15405767236812593,2.4895903882905643
aed,0,1812,1,puzzle,2,1.0,0.0,5.348617132139234e-41,0.9930612482180385,1.4895918723270578,1.5334198386263975,4.662290912553164,0.0,0.05,0.15405767236812593,2.4895918723270576
aed,0,1813,1,puzzle,2,1.0,0.0,5.081186275532281e-41,0.9930622366052604,1.4895933549078906,1.533450706207805,4.659525354727547,0.0,0.05,0.15405767236812593,2.489593354907891
aed,0,1814,1,puzzle,2,1.0,0.0,4.827126961755673e-41,0.9930632240237074,1.489594836035561,1.5334814268569439,4.656816692001654,0.0,0.05,0.15405767236812593,2.489594836035561
aed,0,1815,1,puzzle,2,1.0,0.0,4.5857706136678755e-41,0.993064210475042,1.489596315712563,1.533512001301222,4.654164210670297,0.0,0.05,0.15405767236812593,2.489596315712563
aed,0,1816,1,puzzle,2,1.0,0.0,4.356482082984493e-41,0.9930651959609225,1.4895977939413836,1.533542430264423,4.651567204886633,0.0,0.05,0.15405767236812593,2.4895977939413836
aed,0,1817,1,puzzle,2,1.0,0.0,4.1386579788352645e-41,0.9930661804830023,1.4895992707245034,1.5335727144667233,4.6490249765799865,0.0,0.05,0.15405767236812593,2.4895992707245034
aed,0,1818,1,puzzle,2,1.0,0.0,3.9317250798935037e-41,0.9930671640429342,1.4896007460644012,1.5336028546247116,4.646536835374498,0.0,0.05,0.15405767236812593,2.489600746064401
aed,0,1819,1,puzzle,2,1.0,0.0,3.7351388258988244e-41,0.9930681466423608,1.4896022199635413,1.5336328514514057,4.6441020985086165,0.0,0.05,0.15405767236812593,2.4896022199635413
aed,0,1820,1,puzzle,2,1.0,0.0,3.548381884603883e-41,0.9930691282829273,1.489603692424391,1.5336627056562706,4.64172009075541,0.0,0.05,0.15405767236812593,2.489603692424391
aed,0,1821,1,puzzle,2,1.0,0.0,3.370962790373689e-41,0.9930701089662703,1.4896051634494056,1.5336924179452365,4.639390144343686,0.0,0.05,0.15405767236812593,2.4896051634494056
aed,0,1822,1,puzzle,2,1.0,0.0,3.202414650855005e-41,0.9930710886940244,1.4896066330410367,1.5337219890207154,4.637111598879928,0.0,0.05,0.15405767236812593,2.4896066330410367
aed,0,1823,1,puzzle,2,1.0,0.0,3.042293918312251e-41,0.9930720674678195,1.4896081012017293,1.5337514195816204,4.63488380127102,0.0,0.05,0.15405767236812593,2.4896081012017293
aed,0,1824,1,puzzle,2,1.0,0.0,2.8901792223966446e-41,0.9930730452892818,1.4896095679339227,1.533780710323382,4.6327061056477685,0.0,0.05,0.15405767236812593,2.4896095679339227
aed,0,1825,1,puzzle,2,1.0,0.0,2.7456702612768075e-41,0.993074022160035,1.4896110332400525,1.5338098619379652,4.630577873289203,0.0,0.05,0.15405767236812593,2.4896110332400525
aed,0,1826,1,puzzle,2,1.0,0.0,2.6083867482129684e-41,0.993074998081696,1.489612497122544,1.5338388751138883,4.628498472547656,0.0,0.05,0.15405767236812593,2.489612497122544
aed,0,1827,1,puzzle,2,1.0,0.0,2.4779674108023216e-41,0.9930759730558786,1.4896139595838178,1.533867750536238,4.6264672787746,0.0,0.05,0.15405767236812593,2.489613959583818
aed,0,1828,1,puzzle,2,1.0,0.0,2.354069040262207e-41,0.9930769470841947,1.4896154206262922,1.5338964888866882,4.62448367424725,0.0,0.05,0.15405767236812593,2.489615420626292
aed,0,1829,1,puzzle,2,1.0,0.0,2.2363655882490894e-41,0.9930779201682525,1.4896168802523788,1.5339250908435167,4.622547048095916,0.0,0.05,0.15405767236812593,2.489616880252379
aed,0,1830,1,puzzle,2,1.0,0.0,2.1245473088366398e-41,0.9930788923096515,1.4896183384644772,1.5339535570816214,4.620656796232101,0.0,0.05,0.15405767236812593,2.489618338464477
aed,0,1831,1,puzzle,2,1.0,0.0,2.0183199433948087e-41,0.993079863509993,1.4896197952649894,1.5339818882725382,4.618812321277328,0.0,0.05,0.15405767236812593,2.489619795264989
aed,0,1832,1,puzzle,2,1.0,0.0,1.9174039462250678e-41,0.9930808337708708,1.489621250656306,1.5340100850844571,4.617013032492706,0.0,0.05,0.15405767236812593,2.489621250656306
aed,0,1833,1,puzzle,2,1.0,0.0,1.8215337489138128e-41,0.9930818030938765,1.4896227046408148,1.534038148182239,4.615258345709203,0.0,0.05,0.15405767236812593,2.489622704640815
aed,0,1834,1,puzzle,2,1.0,0.0,1.7304570614681228e-41,0.9930827714805991,1.4896241572208986,1.5340660782274322,4.613547683258645,0.0,0.05,0.15405767236812593,2.4896241572208986
aed,0,1835,1,puzzle,2,1.0,0.0,1.6439342083947138e-41,0.9930837389326196,1.4896256083989294,1.5340938758782898,4.611880473905419,0.0,0.05,0.15405767236812593,2.4896256083989297
aed,0,1836,1,puzzle,2,1.0,0.0,1.5617374979749795e-41,0.9930847054515196,1.4896270581772795,1.5341215417897847,4.61025615277887,0.0,0.05,0.15405767236812593,2.4896270581772795
aed,0,1837,1,puzzle,2,1.0,0.0,1.483650623076229e-41,0.9930856710388745,1.4896285065583117,1.5341490766136272,4.608674161306396,0.0,0.05,0.15405767236812593,2.4896285065583115
aed,0,1838,1,puzzle,2,1.0,0.0,1.4094680919224207e-41,0.9930866356962552,1.4896299535443829,1.534176480998281,4.60713394714723,0.0,0.05,0.15405767236812593,2.489629953544383
aed,0,1839,1,puzzle,2,1.0,0.0,1.3389946873262993e-41,0.9930875994252328,1.4896313991378491,1.5342037555889787,4.605634964126887,0.0,0.05,0.15405767236812593,2.489631399137849
aed,0,1840,1,puzzle,2,1.0,0.0,1.2720449529599817e-41,0.9930885622273695,1.4896328433410542,1.534230901027739,4.6041766721723025,0.0,0.05,0.15405767236812593,2.489632843341054
aed,0,1841,1,puzzle,2,1.0,0.0,1.2084427053119828e-41,0.9930895241042278,1.4896342861563416,1.534257917953382,4.602758537247619,0.0,0.05,0.15405767236812593,2.489634286156342
aed,0,1842,1,puzzle,2,1.0,0.0,1.1480205700463845e-41,0.9930904850573653,1.489635727586048,1.5342848070015453,4.60138003129064,0.0,0.05,0.15405767236812593,2.489635727586048
aed,0,1843,1,puzzle,2,1.0,0.0,1.090619541544066e-41,0.9930914450883339,1.4896371676325009,1.5343115688047002,4.600040632149933,0.0,0.05,0.15405767236812593,2.489637167632501
aed,0,1844,1,puzzle,2,1.0,0.0,1.0360885644668621e-41,0.9930924041986838,1.4896386062980258,1.534338203992167,4.598739823522575,0.0,0.05,0.15405767236812593,2.489638606298026
aed,0,1845,1,puzzle,2,1.0,0.0,9.842841362435184e-42,0.9930933623899615,1.4896400435849422,1.5343647131901308,4.597477094892538,0.0,0.05,0.15405767236812593,2.4896400435849424
aed,0,1846,1,puzzle,2,1.0,0.0,9.350699294313437e-42,0.9930943196637091,1.4896414794955637,1.5343910970216579,4.596251941469706,0.0,0.05,0.15405767236812593,2.489641479495564
aed,0,1847,1,puzzle,2,1.0,0.0,8.883164329597766e-42,0.9930952760214654,1.489642914032198,1.5344173561067107,4.595063864129521,0.0,0.05,0.15405767236812593,2.4896429140321983
aed,0,1848,1,puzzle,2,1.0,0.0,8.439006113117878e-42,0.9930962314647657,1.4896443471971486,1.534443491062163,4.593912369353241,0.0,0.05,0.15405767236812593,2.4896443471971486
aed,0,1849,1,puzzle,2,1.0,0.0,8.017055807461964e-42,0.9930971859951403,1.4896457789927104,1.5344695025018156,4.5927969691688135,0.0,0.05,0.15405767236812593,2.4896457789927107
aed,0,1850,1,puzzle,2,1.0,0.0,7.616203017088876e-42,0.9930981396141174,1.4896472094211761,1.5344953910364125,4.591717181092362,0.0,0.05,0.15405767236812593,2.489647209421176
aed,0,1851,1,puzzle,2,1.0,0.0,7.235392866234429e-42,0.9930990923232228,1.4896486384848342,1.5345211572736546,4.590672528070258,0.0,0.05,0.15405767236812593,2.489648638484834
aed,0,1852,1,puzzle,2,1.0,0.0,6.873623222922716e-42,0.9931000441239736,1.4896500661859604,1.5345468018182162,4.589662538421812,0.0,0.05,0.15405767236812593,2.4896500661859604
aed,0,1853,1,puzzle,2,1.0,0.0,6.529942061776581e-42,0.9931009950178892,1.4896514925268338,1.5345723252717594,4.588686745782519,0.0,0.05,0.15405767236812593,2.489651492526834
aed,0,1854,1,puzzle,2,1.0,0.0,6.203444958687739e-42,0.9931019450064822,1.4896529175097233,1.5345977282329493,4.58774468904792,0.0,0.05,0.15405767236812593,2.4896529175097233
aed,0,1855,1,puzzle,2,1.0,0.0,5.893272710753362e-42,0.9931028940912622,1.4896543411368932,1.534623011297469,4.5868359123180165,0.0,0.05,0.15405767236812593,2.489654341136893
aed,0,1856,1,puzzle,2,1.0,0.0,5.598609075215691e-42,0.9931038422737349,1.4896557634106025,1.5346481750580347,4.585959964842268,0.0,0.05,0.15405767236812593,2.4896557634106022
aed,0,1857,1,puzzle,2,1.0,0.0,5.318678621454905e-42,0.9931047895554039,1.489657184333106,1.5346732201044102,4.58511640096515,0.0,0.05,0.15405767236812593,2.489657184333106
aed,0,1858,1,puzzle,0,1.0,0.0,5.052744690382168e-42,0.9931963437023256,1.4897945155534884,1.5346988265816557,4.584169547983666,0.0,0.05,0.15405767236812593,2.4897945155534886
aed,0,1859,1,puzzle,2,1.0,0.0,4.8001074558630525e-42,0.9931972804244877,1.4897959206367317,1.534724312051931,4.5832562439190285,0.0,0.05,0.15405767236812593,2.4897959206367317
aed,0,1860,1,puzzle,2,1.0,0.0,4.5601020830699014e-42,0.9931982162574127,1.4897973243861191,1.5347496771136018,4.582376034207321,0.0,0.05,0.15405767236812593,2.489797324386119
aed,0,1861,1,puzzle,2,1.0,0.0,4.332096978916398e-42,0.9931991512025778,1.4897987268038668,1.5347749223620533,4.581528469423435,0.0,0.05,0.15405767236812593,2.489798726803867
aed,0,1862,1,puzzle,2,1.0,0.0,4.1154921299705834e-42,0.993200085261459,1.4898001278921884,1.534800048389704,4.580713105226716,0.0,0.05,0.15405767236812593,2.489800127892188
aed,0,1863,1,puzzle,2,1.0,0.0,3.9097175234720486e-42,0.9932010184355256,1.4898015276532883,1.534825055786022,4.5799295023071815,0.0,0.05,0.15405767236812593,2.489801527653288
aed,0,1864,1,puzzle,2,1.0,0.0,3.714231647298453e-42,0.9932019507262474,1.489802926089371,1.5348499451375386,4.579177226332278,0.0,0.05,0.15405767236812593,2.489802926089371
aed,0,1865,1,puzzle,2,1.0,0.0,3.528520064933531e-42,0.9932028821350875,1.4898043232026312,1.534874717027864,4.578455847894188,0.0,0.05,0.15405767236812593,2.4898043232026312
aed,0,1866,1,puzzle,2,1.0,0.0,3.352094061686851e-42,0.9932038126635064,1.4898057189952596,1.5348993720377009,4.577764942457687,0.0,0.05,0.15405767236812593,2.4898057189952594
aed,0,1867,1,puzzle,2,1.0,0.0,3.1844893586025085e-42,0.9932047423129629,1.4898071134694444,1.5349239107448598,4.577104090308526,0.0,0.05,0.15405767236812593,2.4898071134694444
aed,0,1868,1,puzzle,2,1.0,0.0,3.025264890672386e-42,0.9932056710849094,1.489808506627364,1.5349483337242724,4.576472876502349,0.0,0.05,0.15405767236812593,2.489808506627364
aed,0,1869,1,puzzle,2,1.0,0.0,2.874001646138761e-42,0.993206598980798,1.489809898471197,1.5349726415480072,4.5758708908141354,0.0,0.05,0.15405767236812593,2.489809898471197
aed,0,1870,1,puzzle,2,1.0,0.0,2.7303015638318267e-42,0.9932075260020748,1.4898112890031123,1.5349968347852827,4.575297727688165,0.0,0.05,0.15405767236812593,2.4898112890031125
aed,0,1871,1,puzzle,2,1.0,0.0,2.5937864856402313e-42,0.9932084521501829,1.4898126782252743,1.5350209140024826,4.574752986188491,0.0,0.05,0.15405767236812593,2.4898126782252743
aed,0,1872,1,puzzle,2,1.0,0.0,2.4640971613582193e-42,0.9932093774265646,1.489814066139847,1.5350448797631695,4.574236269949929,0.0,0.05,0.15405767236812593,2.489814066139847
aed,0,1873,1,puzzle,2,1.0,0.0,2.3408923032903098e-42,0.993210301832654,1.489815452748981,1.5350687326280987,4.573747187129547,0.0,0.05,0.15405767236812593,2.489815452748981
aed,0,1874,1,puzzle,2,1.0,0.0,2.223847688125794e-42,0.993211225369888,1.489816838054832,1.5350924731552325,4.573285350358653,0.0,0.05,0.15405767236812593,2.489816838054832
aed,0,1875,1,puzzle,2,1.0,0.0,2.1126553037195056e-42,0.9932121480396948,1.4898182220595422,1.5351161018997541,4.572850376695278,0.0,0.05,0.15405767236812593,2.489818222059542
aed,0,1876,1,puzzle,2,1.0,0.0,2.0070225385335283e-42,0.9932130698435012,1.4898196047652519,1.5351396194140816,4.572441887577155,0.0,0.05,0.15405767236812593,2.489819604765252
aed,0,1877,1,puzzle,2,1.0,0.0,1.906671411606851e-42,0.9932139907827308,1.489820986174096,1.5351630262478817,4.57205950877517,0.0,0.05,0.15405767236812593,2.489820986174096
aed,0,1878,1,puzzle,2,1.0,0.0,1.8113378410265104e-42,0.9932149108588062,1.4898223662882093,1.5351863229480833,4.571702870347292,0.0,0.05,0.15405767236812593,2.4898223662882093
aed,0,1879,1,puzzle,2,1.0,0.0,1.7207709489751826e-42,0.9932158300731408,1.4898237451097112,1.5352095100588914,4.571371606592999,0.0,0.05,0.15405767236812593,2.489823745109711
aed,0,1880,1,puzzle,2,1.0,0.0,1.6347324015264265e-42,0.9932167484271506,1.4898251226407258,1.5352325881218005,4.571065356008144,0.0,0.05,0.15405767236812593,2.4898251226407258
aed,0,1881,1,puzzle,2,1.0,0.0,1.5529957814501036e-42,0.9932176659222447,1.489826498883367,1.5352555576756084,4.570783761240304,0.0,0.05,0.15405767236812593,2.489826498883367
aed,0,1882,1,puzzle,2,1.0,0.0,1.4753459923775997e-42,0.9932185825598313,1.489827873839747,1.535278419256429,4.570526469044584,0.0,0.05,0.15405767236812593,2.4898278738397472
aed,0,1883,2,mastered,1,0.0,0.0,1.4015786927587167e-42,0.9933082731153401,1.4899624096730102,1.535301839208512,4.57016063388964,0.0,0.05,0.15405767236812593,1.4899624096730102
aed,0,1884,1,puzzle,1,0.0,0.0,1.3314997581207829e-42,0.8820375636976057,1.3230563455464086,1.5344906117402015,4.735893293744536,0.0,0.05,0.15405767236812593,1.3230563455464086
aed,0,1885,1,puzzle,2,1.0,0.0,1.2649247702147453e-42,0.9933091793976525,1.4899637690964789,1.5345179775269828,4.733088569237594,0.0,0.05,0.15405767236812593,2.489963769096479
aed,0,1886,1,puzzle,2,1.0,0.0,1.201678531704005e-42,0.9933100848336137,1.4899651272504206,1.5345452132756,4.730337769570397,0.0,0.05,0.15405767236812593,2.4899651272504206
aed,0,1887,1,puzzle,2,1.0,0.0,1.1415946051188057e-42,0.9933109894246065,1.4899664841369098,1.5345723196299066,4.72764022736769,0.0,0.05,0.15405767236812593,2.48996648413691
aed,0,1888,1,puzzle,2,1.0,0.0,1.0845148748628665e-42,0.9933118931720143,1.4899678397580214,1.534599297230547,4.724995282566539,0.0,0.05,0.15405767236812593,2.4899678397580214
aed,0,1889,1,puzzle,2,1.0,0.0,1.0302891311197229e-42,0.9933127960772139,1.4899691941158208,1.5346261467149735,4.722402282340026,0.0,0.05,0.15405767236812593,2.4899691941158206
aed,0,1890,1,puzzle,2,1.0,0.0,9.787746745637358e-43,0.9933136981415773,1.489970547212366,1.5346528687174605,4.71986058102172,0.0,0.05,0.15405767236812593,2.489970547212366
aed,0,1891,1,puzzle,2,1.0,0.0,9.298359408355484e-43,0.9933145993664789,1.4899718990497184,1.534679463869122,4.717369540030907,0.0,0.05,0.15405767236812593,2.4899718990497184
aed,0,1892,1,puzzle,2,1.0,0.0,8.833441437937727e-43,0.9933154997532856,1.4899732496299283,1.534705932797926,4.7149285277985955,0.0,0.05,0.15405767236812593,2.4899732496299283
aed,0,1893,1,puzzle,2,1.0,0.0,8.39176936604083e-43,0.9933163993033621,1.4899745989550433,1.5347322761287114,4.712536919694277,0.0,0.05,0.15405767236812593,2.489974598955043
aed,0,1894,1,puzzle,2,1.0,0.0,7.97218089773878e-43,0.99331729801807,1.489975947027105,1.5347584944832033,4.710194097953433,0.0,0.05,0.15405767236812593,2.489975947027105
aed,0,1895,1,puzzle,2,1.0,0.0,7.57357185285184e-43,0.9933181958987675,1.4899772938481513,1.534784588480028,4.707899451605775,0.0,0.05,0.15405767236812593,2.4899772938481513
aed,0,1896,1,puzzle,2,1.0,0.0,7.194893260209254e-43,0.9933190929468122,1.4899786394202184,1.5348105587347287,4.7056523764042275,0.0,0.05,0.15405767236812593,2.4899786394202184
aed,0,1897,1,puzzle,2,1.0,0.0,6.835148597198796e-43,0.9933199891635539,1.489979983745331,1.5348364058597816,4.7034522747546355,0.0,0.05,0.15405767236812593,2.489979983745331
aed,0,1898,1,puzzle,2,1.0,0.0,6.493391167338844e-43,0.9933208845503424,1.4899813268255135,1.5348621304646104,4.7012985556461855,0.0,0.05,0.15405767236812593,2.4899813268255135
aed,0,1899,1,puzzle,2,1.0,0.0,6.168721608971908e-43,0.9933217791085236,1.4899826686627855,1.5348877331556012,4.699190634582539,0.0,0.05,0.15405767236812593,2.4899826686627855
aed,0,1900,1,puzzle,2,1.0,0.0,5.86028552852331e-43,0.9933226728394424,1.4899840092591636,1.534913214536119,4.697127933513669,0.0,0.05,0.15405767236812593,2.489984009259164
aed,0,1901,1,puzzle,2,1.0,0.0,5.567271252097144e-43,0.993323565744436,1.489985348616654,1.5349385752065217,4.6951098807684,0.0,0.05,0.15405767236812593,2.489985348616654
aed,0,1902,1,puzzle,2,1.0,0.0,5.288907689492288e-43,0.9933244578248426,1.489986686737264,1.5349638157641754,4.693135910987627,0.0,0.05,0.15405767236812593,2.489986686737264
aed,0,1903,1,puzzle,0,1.0,0.0,5.02446230501768e-43,0.9934102302329303,1.4901153453493954,1.5349895734121015,4.691078779940458,0.0,0.05,0.15405767236812593,2.4901153453493956
aed,0,1904,1,puzzle,2,1.0,0.0,4.773239189766798e-43,0.9934111126859848,1.490116669028977,1.5350152088901858,4.689066532002262,0.0,0.05,0.15405767236812593,2.490116669028977
aed,0,1905,1,puzzle,2,1.0,0.0,4.534577230278446e-43,0.9934119943247105,1.4901179914870657,1.5350407228031702,4.687098597998344,0.0,0.05,0.15405767236812593,2.4901179914870655
aed,0,1906,1,puzzle,2,1.0,0.0,4.307848368764525e-43,0.9934128751504265,1.4901193127256398,1.5350661157527825,4.685174415045504,0.0,0.05,0.15405767236812593,2.49011931272564
aed,0,1907,1,puzzle,2,1.0,0.0,4.0924559503263055e-43,0.9934137551644427,1.490120632746664,1.535091388337752,4.683293426486136,0.0,0.05,0.15405767236812593,2.490120632746664
aed,0,1908,1,puzzle,2,1.0,0.0,3.887833152809987e-43,0.9934146343680686,1.490121951552103,1.5351165411538237,4.681455081822996,0.0,0.05,0.15405767236812593,2.490121951552103
aed,0,1909,1,puzzle,2,1.0,0.0,3.693441495169493e-43,0.9934155127626132,1.4901232691439197,1.535141574793774,4.679658836654621,0.0,0.05,0.15405767236812593,2.4901232691439197
aed,0,1910,1,puzzle,2,1.0,0.0,3.5087694204110118e-43,0.9934163903493796,1.4901245855240695,1.5351664898474255,4.677904152611431,0.0,0.05,0.15405767236812593,2.4901245855240695
aed,0,1911,1,puzzle,2,1.0,0.0,3.333330949390468e-43,0.9934172671296677,1.4901259006945016,1.5351912869016608,4.676190497292476,0.0,0.05,0.15405767236812593,2.4901259006945016
aed,0,1912,1,puzzle,2,1.0,0.0,3.166664401920934e-43,0.9934181431047765,1.4901272146571647,1.5352159665404383,4.674517344202824,0.0,0.05,0.15405767236812593,2.4901272146571647
aed,0,1913,1,puzzle,2,1.0,0.0,3.0083311818248898e-43,0.9934190182759987,1.490128527413998,1.5352405293448061,4.672884172691604,0.0,0.05,0.15405767236812593,2.490128527413998
aed,0,1914,2,mastered,1,0.0,0.0,2.857914622733649e-43,0.9935032228170934,1.49025483422564,1.5352656008692103,4.671166097608258,0.0,0.05,0.15405767236812593,1.49025483422564
aed,0,1915,1,puzzle,1,0.0,0.0,2.715018891596963e-43,0.8833223085307418,1.3249834627961126,1.5344641901788447,4.833935164014907,0.0,0.05,0.15405767236812593,1.3249834627961126
aed,0,1916,1,puzzle,2,1.0,0.0,2.579267947017119e-43,0.9935040884192409,1.4902561326288613,1.534493149891095,4.829832829636992,0.0,0.05,0.15405767236812593,2.4902561326288613
aed,0,1917,1,puzzle,2,1.0,0.0,2.45030454966626e-43,0.9935049532276522,1.4902574298414784,1.5345219712908469,4.82579904278999,0.0,0.05,0.15405767236812593,2.4902574298414786
aed,0,1918,1,puzzle,2,1.0,0.0,2.3277893221829467e-43,0.9935058172436012,1.4902587258654019,1.5345506550637196,4.821832981560408,0.0,0.05,0.15405767236812593,2.490258725865402
aed,0,1919,1,puzzle,2,1.0,0.0,2.2113998560738022e-43,0.9935066804683594,1.4902600207025392,1.5345792018919138,4.817933832934178,0.0,0.05,0.15405767236812593,2.4902600207025394
aed,0,1920,1,puzzle,2,1.0,0.0,2.1008298632701083e-43,0.9935075429031945,1.4902613143547918,1.5346076124542283,4.814100792704273,0.0,0.05,0.15405767236812593,2.490261314354792
aed,0,1921,1,puzzle,2,1.0,0.0,1.995788370106604e-43,0.9935084045493738,1.4902626068240608,1.5346358874260775,4.810333065379247,0.0,0.05,0.15405767236812593,2.4902626068240608
aed,0,1922,1,puzzle,2,1.0,0.0,1.8959989516012733e-43,0.9935092654081584,1.4902638981122376,1.5346640274795083,4.806629864092725,0.0,0.05,0.15405767236812593,2.4902638981122376
aed,0,1923,1,puzzle,2,1.0,0.0,1.801199004021207e-43,0.9935101254808077,1.4902651882212117,1.5346920332832168,4.802990410513803,0.0,0.05,0.15405767236812593,2.490265188221212
aed,0,1924,1,puzzle,2,1.0,0.0,1.7111390538201522e-43,0.9935109847685797,1.4902664771528695,1.534719905502565,4.799413934758361,0.0,0.05,0.15405767236812593,2.4902664771528693
aed,0,1925,1,puzzle,2,1.0,0.0,1.6255821011291445e-43,0.9935118432727282,1.4902677649090923,1.5347476447995976,4.795899675301283,0.0,0.05,0.15405767236812593,2.4902677649090923
aed,0,1926,1,puzzle,2,1.0,0.0,1.5443029960726816e-43,0.9935127009945058,1.4902690514917587,1.5347752518330584,4.792446878889569,0.0,0.05,0.15405767236812593,2.490269051491759
aed,0,1927,1,puzzle,2,1.0,0.0,1.4670878462690497e-43,0.9935135579351578,1.4902703369027368,1.5348027272584066,4.789054800456343,0.0,0.05,0.15405767236812593,2.4902703369027366
aed,0,1928,1,puzzle,2,1.0,0.0,1.3937334539555985e-43,0.9935144140959323,1.4902716211438984,1.534830071727834,4.785722703035716,0.0,0.05,0.15405767236812593,2.4902716211438984
aed,0,1929,1,puzzle,2,1.0,0.0,1.3240467812578183e-43,0.993515269478071,1.4902729042171066,1.5348572858902805,4.782449857678532,0.0,0.05,0.15405767236812593,2.4902729042171066
aed,0,1930,1,puzzle,2,1.0,0.0,1.2578444421949258e-43,0.9935161240828136,1.4902741861242204,1.5348843703914503,4.779235543368976,0.0,0.05,0.15405767236812593,2.4902741861242204
aed,0,1931,1,puzzle,0,1.0,0.0,1.1949522200851816e-43,0.9935967837716779,1.490395175657517,1.5349119244177807,4.77595993669555,0.0,0.05,0.15405767236812593,2.490395175657517
aed,0,1932,1,puzzle,2,1.0,0.0,1.135204609080923e-43,0.9935976294375063,1.4903964441562594,1.534939347016473,4.772743240188808,0.0,0.05,0.15405767236812593,2.4903964441562594
aed,0,1933,1,puzzle,2,1.0,0.0,1.0784443786268738e-43,0.9935984743353415,1.4903977115030123,1.5349666388389056,4.769584735122813,0.0,0.05,0.15405767236812593,2.4903977115030123
aed,0,1934,1,puzzle,2,1.0,0.0,1.024522159695533e-43,0.9935993184664047,1.490398977699607,1.534993800533209,4.766483710605187,0.0,0.05,0.15405767236812593,2.490398977699607
aed,0,1935,1,puzzle,2,1.0,0.0,9.732960517107542e-44,0.9936001618319118,1.4904002427478678,1.5350208327442825,4.7634394634955495,0.0,0.05,0.15405767236812593,2.4904002427478678
aed,0,1936,1,puzzle,2,1.0,0.0,9.24631249125218e-44,0.9936010044330802,1.4904015066496203,1.535047736113809,4.760451298324783,0.0,0.05,0.15405767236812593,2.4904015066496203
aed,0,1937,1,puzzle,2,1.0,0.0,8.783996866689559e-44,0.9936018462711227,1.4904027694066841,1.5350745112802735,4.757518527215125,0.0,0.05,0.15405767236812593,2.490402769406684
aed,0,1938,1,puzzle,2,1.0,0.0,8.344797023355083e-44,0.9936026873472482,1.4904040310208724,1.5351011588789765,4.754640469801077,0.0,0.05,0.15405767236812593,2.4904040310208724
aed,0,1939,1,puzzle,2,1.0,0.0,7.927557172187327e-44,0.9936035276626638,1.4904052914939956,1.5351276795420516,4.751816453151123,0.0,0.05,0.15405767236812593,2.4904052914939956
aed,0,1940,1,puzzle,2,1.0,0.0,7.531179313577963e-44,0.9936043672185755,1.4904065508278632,1.5351540738984808,4.7490458116902285,0.0,0.05,0.15405767236812593,2.4904065508278634
aed,0,1941,1,puzzle,2,1.0,0.0,7.154620347899068e-44,0.993605206016183,1.4904078090242745,1.5351803425741097,4.746327887123162,0.0,0.05,0.15405767236812593,2.4904078090242745
aed,0,1942,1,puzzle,2,1.0,0.0,6.796889330504116e-44,0.9936060440566874,1.490409066085031,1.5352064861916643,4.743662028358563,0.0,0.05,0.15405767236812593,2.4904090660850313
aed,0,1943,1,puzzle,2,1.0,0.0,6.457044863978899e-44,0.9936068813412839,1.4904103220119258,1.5352325053707656,4.7410475914338175,0.0,0.05,0.15405767236812593,2.490410322011926
aed,0,1944,1,puzzle,2,1.0,0.0,6.134192620779951e-44,0.9936077178711665,1.4904115768067498,1.5352584007279455,4.738483939440675,0.0,0.05,0.15405767236812593,2.49041157680675
aed,0,1945,1,puzzle,2,1.0,0.0,5.827482989740953e-44,0.9936085536475263,1.4904128304712896,1.5352841728766624,4.735970442451642,0.0,0.05,0.15405767236812593,2.4904128304712896
aed,0,1946,1,puzzle,2,1.0,0.0,5.536108840253916e-44,0.9936093886715519,1.4904140830073278,1.5353098224273158,4.733506477447113,0.0,0.05,0.15405767236812593,2.4904140830073276
aed,0,1947,1,puzzle,2,1.0,0.0,5.259303398241215e-44,0.9936102229444292,1.4904153344166438,1.5353353499872624,4.731091428243261,0.0,0.05,0.15405767236812593,2.4904153344166438
aed,0,1948,1,puzzle,2,1.0,0.0,4.996338228329163e-44,0.9936110564673397,1.4904165847010096,1.5353607561608311,4.72872468542065,0.0,0.05,0.15405767236812593,2.4904165847010096
aed,0,1949,1,puzzle,2,1.0,0.0,4.746521316912703e-44,0.9936118892414655,1.4904178338621983,1.535386041549338,4.726405646253584,0.0,0.05,0.15405767236812593,2.4904178338621983
aed,0,1950,1,puzzle,2,1.0,0.0,4.509195251067056e-44,0.9936127212679834,1.4904190819019751,1.5354112067511012,4.724133714640174,0.0,0.05,0.15405767236812593,2.490419081901975
aed,0,1951,1,puzzle,2,1.0,0.0,4.283735488513707e-44,0.9936135525480689,1.4904203288221034,1.5354362523614562,4.721908301033125,0.0,0.05,0.15405767236812593,2.490420328822103
aed,0,1952,1,puzzle,2,1.0,0.0,4.0695487140880287e-44,0.9936143830828948,1.4904215746243423,1.5354611789727708,4.719728822371222,0.0,0.05,0.15405767236812593,2.4904215746243423
aed,0,1953,1,puzzle,2,1.0,0.0,3.866071278383616e-44,0.9936152128736301,1.4904228193104452,1.535485987174459,4.717594702011524,0.0,0.05,0.15405767236812593,2.490422819310445
aed,0,1954,1,puzzle,2,1.0,0.0,3.6727677144644385e-44,0.9936160419214428,1.4904240628821643,1.5355106775529976,4.715505369662242,0.0,0.05,0.15405767236812593,2.4904240628821643
aed,0,1955,1,puzzle,2,1.0,0.0,3.489129328741216e-44,0.9936168702274982,1.4904253053412473,1.5355352506919389,4.713460261316312,0.0,0.05,0.15405767236812593,2.4904253053412475
aed,0,1956,1,puzzle,2,1.0,0.0,3.3146728623041554e-44,0.9936176977929565,1.4904265466894349,1.5355597071719262,4.71145881918564,0.0,0.05,0.15405767236812593,2.490426546689435
aed,0,1957,1,puzzle,2,1.0,0.0,3.148939219188952e-44,0.9936185246189781,1.4904277869284672,1.5355840475707088,4.709500491636025,0.0,0.05,0.15405767236812593,2.4904277869284672
aed,0,1958,1,puzzle,2,1.0,0.0,2.9914922582294976e-44,0.9936193507067191,1.4904290260600788,1.5356082724631557,4.707584733122741,0.0,0.05,0.15405767236812593,2.4904290260600788
aed,0,1959,1,puzzle,2,1.0,0.0,2.8419176453180243e-44,0.9936201760573368,1.4904302640860052,1.5356323824212699,4.705711004126778,0.0,0.05,0.15405767236812593,2.4904302640860054
aed,0,1960,1,puzzle,2,1.0,0.0,2.6998217630521215e-44,0.99362100067198,1.49043150100797,1.5356563780142034,4.703878771091743,0.0,0.05,0.15405767236812593,2.4904315010079703
aed,0,1961,1,puzzle,2,1.0,0.0,2.564830674899517e-44,0.993621824551798,1.490432736827697,1.5356802598082708,4.7020875063614,0.0,0.05,0.15405767236812593,2.490432736827697
aed,0,1962,1,puzzle,2,1.0,0.0,2.436589141154539e-44,0.9936226476979385,1.4904339715469077,1.535704028366964,4.700336688117842,0.0,0.05,0.15405767236812593,2.4904339715469077
aed,0,1963,1,puzzle,2,1.0,0.0,2.314759684096816e-44,0.9936234701115456,1.4904352051673184,1.5357276842509657,4.69862580032031,0.0,0.05,0.15405767236812593,2.4904352051673184
aed,0,1964,1,puzzle,2,1.0,0.0,2.1990216998919774e-44,0.9936242917937606,1.490436437690641,1.5357512280181642,4.69695433264463,0.0,0.05,0.15405767236812593,2.490436437690641
aed,0,1965,1,puzzle,2,1.0,0.0,2.0890706148973777e-44,0.9936251127457226,1.4904376691185839,1.5357746602236664,4.695321780423265,0.0,0.05,0.15405767236812593,2.4904376691185837
aed,0,1966,1,puzzle,2,1.0,0.0,1.984617084152506e-44,0.9936259329685676,1.4904388994528515,1.5357979814198124,4.6937276445859935,0.0,0.05,0.15405767236812593,2.4904388994528515
aed,0,1967,2,mastered,1,0.0,0.0,1.8853862299448827e-44,0.9937049653124935,1.4905574479687402,1.535821778752557,4.69205469892395,0.0,0.05,0.15405767236812593,1.4905574479687402
aed,0,1968,1,puzzle,1,0.0,0.0,1.791116918447636e-44,0.8845605538051434,1.326840830707715,1.5350268740123327,4.853320195239329,0.0,0.05,0.15405767236812593,1.326840830707715
aed,0,1969,1,puzzle,2,1.0,0.0,1.701561072525255e-44,0.9937057768478318,1.4905586652717477,1.5350545329686298,4.849282860983817,0.0,0.05,0.15405767236812593,2.490558665271748
aed,0,1970,1,puzzle,2,1.0,0.0,1.6164830188989939e-44,0.9937065876629667,1.49055988149445,1.5350820597112589,4.845312210590788,0.0,0.05,0.15405767236812593,2.49055988149445
aed,0,1971,1,puzzle,2,1.0,0.0,1.535658867954044e-44,0.9937073977590211,1.4905610966385316,1.5351094548958952,4.841407446742243,0.0,0.05,0.15405767236812593,2.4905610966385314
aed,0,1972,1,puzzle,2,1.0,0.0,1.45887592455634e-44,0.9937082071371082,1.4905623107056623,1.535136719174944,4.837567780744102,0.0,0.05,0.15405767236812593,2.4905623107056623
aed,0,1973,1,puzzle,2,1.0,0.0,1.3859321283285226e-44,0.993709015798343,1.4905635236975145,1.5351638531975569,4.833792432436703,0.0,0.05,0.15405767236812593,2.4905635236975145
aed,0,1974,1,puzzle,2,1.0,0.0,1.3166355219120974e-44,0.9937098237438383,1.4905647356157574,1.535190857609648,4.8300806301062265,0.0,0.05,0.15405767236812593,2.4905647356157576
aed,0,1975,1,puzzle,2,1.0,0.0,1.250803745816494e-44,0.9937106309747015,1.4905659464620522,1.53521773305391,4.826431610397021,0.0,0.05,0.15405767236812593,2.490565946462052
aed,0,1976,1,puzzle,2,1.0,0.0,1.1882635585256683e-44,0.993711437492041,1.4905671562380616,1.5352444801698308,4.822844618224821,0.0,0.05,0.15405767236812593,2.4905671562380616
aed,0,1977,1,puzzle,2,1.0,0.0,1.1288503805993827e-44,0.9937122432969606,1.4905683649454409,1.5352710995937089,4.819318906690841,0.0,0.05,0.15405767236812593,2.4905683649454406
aed,0,1978,1,puzzle,2,1.0,0.0,1.0724078615694159e-44,0.9937130483905611,1.4905695725858417,1.5352975919586695,4.81585373699676,0.0,0.05,0.15405767236812593,2.4905695725858417
aed,0,1979,1,puzzle,2,1.0,0.0,1.0187874684909427e-44,0.9937138527739438,1.4905707791609157,1.5353239578946807,4.812448378360557,0.0,0.05,0.15405767236812593,2.4905707791609157
aed,0,1980,1,puzzle,0,1.0,0.0,9.678480950663972e-45,0.9937896885092216,1.4906845327638323,1.5353507607690264,4.808990122582145,0.0,0.05,0.15405767236812593,2.490684532763832
aed,0,1981,1,puzzle,2,1.0,0.0,9.194556903130771e-45,0.9937904847310963,1.4906857270966445,1.5353774356006646,4.805591929860344,0.0,0.05,0.15405767236812593,2.4906857270966443
aed,0,1982,1,puzzle,2,1.0,0.0,8.734829057974223e-45,0.9937912802510873,1.490686920376631,1.5354039830245443,4.802253073209654,0.0,0.05,0.15405767236812593,2.490686920376631
aed,0,1983,1,puzzle,2,1.0,0.0,8.29808760507552e-45,0.9937920750702756,1.4906881126054135,1.5354304036724487,4.7989728335445925,0.0,0.05,0.15405767236812593,2.4906881126054135
aed,0,1984,1,puzzle,2,1.0,0.0,7.883183224821746e-45,0.9937928691897443,1.4906893037846165,1.5354566981730096,4.79575049959754,0.0,0.05,0.15405767236812593,2.4906893037846167
aed,0,1985,1,puzzle,2,1.0,0.0,7.489024063580656e-45,0.9937936626105696,1.4906904939158543,1.5354828671517238,4.792585367837434,0.0,0.05,0.15405767236812593,2.4906904939158543
aed,0,1986,1,puzzle,2,1.0,0.0,7.114572860401622e-45,0.9937944553338287,1.490691683000743,1.5355089112309688,4.789476742389286,0.0,0.05,0.15405767236812593,2.490691683000743
aed,0,1987,1,puzzle,2,1.0,0.0,6.758844217381537e-45,0.9937952473605951,1.4906928710408927,1.5355348310300183,4.786423934954518,0.0,0.05,0.15405767236812593,2.490692871040893
aed,0,1988,1,puzzle,2,1.0,0.0,6.420902006512471e-45,0.9937960386919406,1.4906940580379109,1.535560627165058,4.78342626473212,0.0,0.05,0.15405767236812593,2.490694058037911
aed,0,1989,1,puzzle,2,1.0,0.0,6.099856906186845e-45,0.9937968293289334,1.4906952439934003,1.5355863002491996,4.780483058340598,0.0,0.05,0.15405767236812593,2.4906952439934003
aed,0,1990,1,puzzle,2,1.0,0.0,5.79486406087749e-45,0.99379761927264,1.49069642890896,1.5356118508924985,4.777593649740731,0.0,0.05,0.15405767236812593,2.4906964289089597
aed,0,1991,1,puzzle,0,1.0,0.0,5.5051208578336274e-45,0.9938710330565236,1.4908065495847853,1.53563782438596,4.774648988044499,0.0,0.05,0.15405767236812593,2.4908065495847853
aed,0,1992,1,puzzle,2,1.0,0.0,5.229864814941933e-45,0.9938718151716339,1.490807722757451,1.5356636738778175,4.7717584492844205,0.0,0.05,0.15405767236812593,2.490807722757451
aed,0,1993,1,puzzle,2,1.0,0.0,4.9683715741948543e-45,0.9938725966014198,1.4908088949021296,1.535689399982939,4.768921369872386,0.0,0.05,0.15405767236812593,2.4908088949021296
aed,0,1994,1,puzzle,2,1.0,0.0,4.7199529954851066e-45,0.9938733773469312,1.4908100660203967,1.5357150033131264,4.766137093466392,0.0,0.05,0.15405767236812593,2.490810066020397
aed,0,1995,1,puzzle,2,1.0,0.0,4.4839553457108463e-45,0.9938741574092168,1.4908112361138253,1.5357404844771299,4.763404970895032,0.0,0.05,0.15405767236812593,2.4908112361138253
aed,0,1996,1,puzzle,2,1.0,0.0,4.2597575784253075e-45,0.9938749367893228,1.4908124051839842,1.5357658440806643,4.7607243600827625,0.0,0.05,0.15405767236812593,2.490812405183984
aed,0,1997,1,puzzle,2,1.0,0.0,4.0467696995040426e-45,0.9938757154882946,1.490813573232442,1.5357910827264234,4.758094625975916,0.0,0.05,0.15405767236812593,2.490813573232442
aed,0,1998,1,puzzle,2,1.0,0.0,3.844431214528837e-45,0.9938764935071731,1.4908147402607597,1.535816201014095,4.755515140469492,0.0,0.05,0.15405767236812593,2.4908147402607597
aed,0,1999,1,puzzle,2,1.0,0.0,3.6522096538023946e-45,0.9938772708469976,1.4908159062704964,1.535841199540377,4.752985282334677,0.0,0.05,0.15405767236812593,2.4908159062704964
aed,0,2000,1,puzzle,2,1.0,0.0,3.469599171112277e-45,0.9938780475088074,1.4908170712632112,1.535866078898991,4.75050443714711,0.0,0.05,0.15405767236812593,2.490817071263211
aed,0,2001,1,puzzle,2,1.0,0.0,3.2961192125566636e-45,0.9938788234936364,1.4908182352404546,1.5358908396806983,4.748071997215883,0.0,0.05,0.15405767236812593,2.4908182352404546
aed,0,2002,1,puzzle,2,1.0,0.0,3.131313251928827e-45,0.9938795988025173,1.4908193982037758,1.5359154824733137,4.745687361513262,0.0,0.05,0.15405767236812593,2.490819398203776
aed,0,2003,1,puzzle,2,1.0,0.0,2.9747475893323895e-45,0.993880373436482,1.4908205601547229,1.5359400078617207,4.743349935605128,0.0,0.05,0.15405767236812593,2.490820560154723
aed,0,2004,1,puzzle,2,1.0,0.0,2.8260102098657656e-45,0.9938811473965572,1.4908217210948358,1.5359644164278863,4.741059131582126,0.0,0.05,0.15405767236812593,2.490821721094836
aed,0,2005,1,puzzle,2,1.0,0.0,2.6847096993724783e-45,0.9938819206837703,1.4908228810256556,1.5359887087508752,4.738814367991525,0.0,0.05,0.15405767236812593,2.4908228810256556
aed,0,2006,1,puzzle,2,1.0,0.0,2.550474214403858e-45,0.9938826932991462,1.4908240399487194,1.5360128854068644,4.736615069769754,0.0,0.05,0.15405767236812593,2.4908240399487194
aed,0,2007,1,puzzle,2,1.0,0.0,2.4229505036836625e-45,0.9938834652437041,1.490825197865556,1.5360369469691577,4.734460668175658,0.0,0.05,0.15405767236812593,2.490825197865556
aed,0,2008,1,puzzle,2,1.0,0.0,2.3018029784994794e-45,0.9938842365184652,1.4908263547776979,1.5360608940082006,4.732350600724405,0.0,0.05,0.15405767236812593,2.490826354777698
aed,0,2009,1,puzzle,2,1.0,0.0,2.186712829574504e-45,0.9938850071244479,1.490827510686672,1.536084727091593,4.730284311122082,0.0,0.05,0.15405767236812593,2.490827510686672
aed,0,2010,1,puzzle,2,1.0,0.0,2.0773771880957792e-45,0.9938857770626661,1.490828665593999,1.536108446784105,4.728261249200967,0.0,0.05,0.15405767236812593,2.490828665593999
aed,0,2011,1,puzzle,2,1.0,0.0,1.97350832869099e-45,0.9938865463341321,1.4908298195011982,1.5361320536476906,4.726280870855449,0.0,0.05,0.15405767236812593,2.490829819501198
aed,0,2012,1,puzzle,2,1.0,0.0,1.8748329122564407e-45,0.9938873149398575,1.4908309724097863,1.5361555482415012,4.7243426379786095,0.0,0.05,0.15405767236812593,2.4908309724097863
aed,0,2013,1,puzzle,2,1.0,0.0,1.7810912666436185e-45,0.9938880828808515,1.4908321243212772,1.5361789311219,4.722446018399446,0.0,0.05,0.15405767236812593,2.490832124321277
aed,0,2014,1,puzzle,2,1.0,0.0,1.6920367033114383e-45,0.9938888501581206,1.490833275237181,1.5362022028424767,4.720590485820747,0.0,0.05,0.15405767236812593,2.490833275237181
aed,0,2015,1,puzzle,2,1.0,0.0,1.607434868145865e-45,0.993889616772668,1.490834425159002,1.5362253639540593,4.718775519757596,0.0,0.05,0.15405767236812593,2.4908344251590018
aed,0,2016,2,mastered,1,0.0,0.0,1.5270631247385724e-45,0.9939622457969639,1.4909433686954459,1.5362489539777664,4.716893349842341,0.0,0.05,0.15405767236812593,1.4909433686954459
aed,0,2017,1,puzzle,1,0.0,0.0,1.4507099685016408e-45,0.8857548078030711,1.3286322117046068,1.5354608702664008,4.876553074905711,0.0,0.05,0.15405767236812593,1.3286322117046068
aed,0,2018,1,puzzle,2,1.0,0.0,1.378174470076559e-45,0.9939630045820665,1.4909445068730998,1.5354882884494343,4.872331325732988,0.0,0.05,0.15405767236812593,2.4909445068730998
aed,0,2019,1,puzzle,2,1.0,0.0,1.3092657465727315e-45,0.9939637627122845,1.4909456440684268,1.5355155752275291,4.868177943634761,0.0,0.05,0.15405767236812593,2.490945644068427
aed,0,2020,1,puzzle,2,1.0,0.0,1.2438024592440972e-45,0.9939645201886073,1.4909467802829108,1.535542731252806,4.864092115168308,0.0,0.05,0.15405767236812593,2.490946780282911
aed,0,2021,1,puzzle,2,1.0,0.0,1.1816123362818921e-45,0.993965277012024,1.4909479155180358,1.5355697571741322,4.8600730356727215,0.0,0.05,0.15405767236812593,2.490947915518036
aed,0,2022,1,puzzle,2,1.0,0.0,1.1225317194677975e-45,0.9939660331835173,1.490949049775276,1.535596653637138,4.856119909177856,0.0,0.05,0.15405767236812593,2.490949049775276
aed,0,2023,1,puzzle,2,1.0,0.0,1.0664051334944059e-45,0.9939667887040707,1.490950183056106,1.5356234212842328,4.852231948314204,0.0,0.05,0.15405767236812593,2.490950183056106
aed,0,2024,1,puzzle,2,1.0,0.0,1.013084876819687e-45,0.9939675435746663,1.4909513153619995,1.5356500607546215,4.848408374223683,0.0,0.05,0.15405767236812593,2.4909513153619995
aed,0,2025,1,puzzle,2,1.0,0.0,9.624306329787011e-46,0.9939682977962825,1.4909524466944237,1.5356765726843207,4.844648416471344,0.0,0.05,0.15405767236812593,2.4909524466944237
aed,0,2026,1,puzzle,2,1.0,0.0,9.143091013297678e-46,0.993969051369895,1.4909535770548425,1.5357029577061734,4.84095131295796,0.0,0.05,0.15405767236812593,2.4909535770548423
aed,0,2027,1,puzzle,2,1.0,0.0,8.685936462632773e-46,0.9939698042964785,1.4909547064447177,1.5357292164498662,4.837316309833529,0.0,0.05,0.15405767236812593,2.4909547064447177
aed,0,2028,1,puzzle,2,1.0,0.0,8.251639639501139e-46,0.9939705565770057,1.4909558348655085,1.5357553495419445,4.8337426614116294,0.0,0.05,0.15405767236812593,2.4909558348655088
aed,0,2029,1,puzzle,2,1.0,0.0,7.839057657526092e-46,0.9939713082124475,1.4909569623186711,1.5357813576058281,4.83022963008467,0.0,0.05,0.15405767236812593,2.490956962318671
aed,0,2030,1,puzzle,2,1.0,0.0,7.447104774649789e-46,0.993972059203772,1.490958088805658,1.5358072412618273,4.826776486239993,0.0,0.05,0.15405767236812593,2.490958088805658
aed,0,2031,1,puzzle,2,1.0,0.0,7.074749535917284e-46,0.993972809551946,1.4909592143279191,1.5358330011271577,4.823382508176831,0.0,0.05,0.15405767236812593,2.490959214327919
aed,0,2032,1,puzzle,2,1.0,0.0,6.72101205912143e-46,0.9939735592579326,1.4909603388868988,1.5358586378159564,4.82004698202412,0.0,0.05,0.15405767236812593,2.490960338886899
aed,0,2033,2,mastered,1,0.0,0.0,6.384961456165361e-46,0.9940438499359883,1.4910657749039824,1.5358846735013965,4.816665410801294,0.0,0.05,0.15405767236812593,1.4910657749039824
aed,0,2034,1,puzzle,1,0.0,0.0,6.065713383357099e-46,0.8869074207317384,1.3303611310976078,1.5351070557893776,4.973244681385051,0.0,0.05,0.15405767236812593,1.3303611310976078
aed,0,2035,1,puzzle,2,1.0,0.0,5.762427714189227e-46,0.994044592166785,1.4910668882501774,1.5351368549516815,4.9675822012727044,0.0,0.05,0.15405767236812593,2.4910668882501774
aed,0,2036,1,puzzle,2,1.0,0.0,5.474306328479773e-46,0.9940453337628183,1.4910680006442276,1.5351665106801442,4.962004889295894,0.0,0.05,0.15405767236812593,2.4910680006442276
aed,0,2037,1,puzzle,0,1.0,0.0,5.200591012055781e-46,0.9941129957651538,1.4911694936477307,1.5351965255949822,4.956411872350187,0.0,0.05,0.15405767236812593,2.491169493647731
aed,0,2038,1,puzzle,2,1.0,0.0,4.940561461452998e-46,0.9941137302604512,1.4911705953906769,1.5352263959439605,4.950903554179968,0.0,0.05,0.15405767236812593,2.4911705953906766
aed,0,2039,1,puzzle,2,1.0,0.0,4.693533388380343e-46,0.9941144641280502,1.4911716961920751,1.535256122445201,4.945478944891295,0.0,0.05,0.15405767236812593,2.491171696192075
aed,0,2040,1,puzzle,2,1.0,0.0,4.458856718961319e-46,0.9941151973688893,1.491172796053334,1.5352857058132416,4.940137065202289,0.0,0.05,0.15405767236812593,2.491172796053334
aed,0,2041,1,puzzle,2,1.0,0.0,4.235913883013264e-46,0.9941159299839057,1.4911738949758586,1.5353151467590547,4.934876946333461,0.0,0.05,0.15405767236812593,2.4911738949758586
aed,0,2042,1,puzzle,2,1.0,0.0,4.02411818886259e-46,0.9941166619740328,1.4911749929610492,1.5353444459900647,4.929697629899142,0.0,0.05,0.15405767236812593,2.4911749929610494
aed,0,2043,1,puzzle,2,1.0,0.0,3.822912279419469e-46,0.9941173933402054,1.4911760900103082,1.535373604210166,4.924598167800008,0.0,0.05,0.15405767236812593,2.491176090010308
aed,0,2044,1,puzzle,2,1.0,0.0,3.6317666654484955e-46,0.9941181240833521,1.4911771861250283,1.5354026221197403,4.91957762211672,0.0,0.05,0.15405767236812593,2.4911771861250283
aed,0,2045,1,puzzle,2,1.0,0.0,3.4501783321760707e-46,0.9941188542044025,1.4911782813066037,1.5354315004156747,4.9146350650046235,0.0,0.05,0.15405767236812593,2.4911782813066035
aed,0,2046,1,puzzle,2,1.0,0.0,3.2776694155672597e-46,0.9941195837042827,1.491179375556424,1.5354602397913784,4.909769578589532,0.0,0.05,0.15405767236812593,2.491179375556424
aed,0,2047,1,puzzle,2,1.0,0.0,3.1137859447888955e-46,0.9941203125839196,1.4911804688758794,1.5354888409368008,4.904980254864558,0.0,0.05,0.15405767236812593,2.4911804688758794
aed,0,2048,1,puzzle,2,1.0,0.0,2.958096647549457e-46,0.9941210408442331,1.4911815612663497,1.5355173045384485,4.900266195588012,0.0,0.05,0.15405767236812593,2.49118156126635
aed,0,2049,1,puzzle,2,1.0,0.0,2.810191815171984e-46,0.9941217684861464,1.4911826527292196,1.5355456312794022,4.895626512182314,0.0,0.05,0.15405767236812593,2.4911826527292193
aed,0,2050,1,puzzle,2,1.0,0.0,2.6696822244133815e-46,0.9941224955105779,1.4911837432658668,1.5355738218393347,4.891060325633958,0.0,0.05,0.15405767236812593,2.491183743265867
aed,0,2051,1,puzzle,2,1.0,0.0,2.5361981131927133e-46,0.9941232219184447,1.4911848328776671,1.5356018768945263,4.886566766394479,0.0,0.05,0.15405767236812593,2.491184832877667
aed,0,2052,1,puzzle,2,1.0,0.0,2.409388207533079e-46,0.9941239477106608,1.4911859215659913,1.5356297971178836,4.8821449742824266,0.0,0.05,0.15405767236812593,2.4911859215659913
aed,0,2053,1,puzzle,2,1.0,0.0,2.2889187971564212e-46,0.9941246728881401,1.4911870093322102,1.5356575831789552,4.877794098386347,0.0,0.05,0.15405767236812593,2.49118700933221
aed,0,2054,1,puzzle,2,1.0,0.0,2.1744728572986058e-46,0.9941253974517954,1.491188096177693,1.535685235743949,4.873513296968739,0.0,0.05,0.15405767236812593,2.491188096177693
aed,0,2055,1,puzzle,2,1.0,0.0,2.0657492144336717e-46,0.9941261214025324,1.4911891821037986,1.5357127554757481,4.869301737371002,0.0,0.05,0.15405767236812593,2.4911891821037986
aed,0,2056,1,puzzle,2,1.0,0.0,1.962461753711988e-46,0.9941268447412623,1.4911902671118935,1.5357401430339288,4.865158595919327,0.0,0.05,0.15405767236812593,2.4911902671118935
aed,0,2057,1,puzzle,2,1.0,0.0,1.8643386660263888e-46,0.9941275674688872,1.4911913512033308,1.5357673990747758,4.8610830578315785,0.0,0.05,0.15405767236812593,2.491191351203331
aed,0,2058,1,puzzle,2,1.0,0.0,1.771121732725071e-46,0.9941282895863137,1.4911924343794705,1.5357945242512991,4.857074317125091,0.0,0.05,0.15405767236812593,2.4911924343794705
aed,0,2059,1,puzzle,2,1.0,0.0,1.6825656460888183e-46,0.9941290110944414,1.491193516641662,1.535821519213251,4.8531315765254295,0.0,0.05,0.15405767236812593,2.491193516641662
aed,0,2060,1,puzzle,2,1.0,0.0,1.5984373637843752e-46,0.9941297319941707,1.491194597991256,1.5358483846071411,4.849254047376061,0.0,0.05,0.15405767236812593,2.4911945979912558
aed,0,2061,1,puzzle,2,1.0,0.0,1.5185154955951552e-46,0.9941304522864,1.4911956784295999,1.5358751210762533,4.845440949548953,0.0,0.05,0.15405767236812593,2.4911956784296
aed,0,2062,1,puzzle,2,1.0,0.0,1.442589720815399e-46,0.9941311719720244,1.4911967579580365,1.5359017292606623,4.841691511356089,0.0,0.05,0.15405767236812593,2.4911967579580363
aed,0,2063,1,puzzle,2,1.0,0.0,1.3704602347746296e-46,0.9941318910519392,1.4911978365779088,1.5359282097972486,4.838004969461869,0.0,0.05,0.15405767236812593,2.491197836577909
aed,0,2064,1,puzzle,2,1.0,0.0,1.301937223035897e-46,0.9941326095270366,1.491198914290555,1.5359545633197151,4.83438056879641,0.0,0.05,0.15405767236812593,2.491198914290555
aed,0,2065,1,puzzle,2,1.0,0.0,1.2368403618841016e-46,0.9941333273982051,1.4911999910973077,1.5359807904586031,4.830817562469742,0.0,0.05,0.15405767236812593,2.4911999910973077
aed,0,2066,1,puzzle,2,1.0,0.0,1.1749983437898971e-46,0.9941340446663346,1.491201066999502,1.5360068918413077,4.82731521168685,0.0,0.05,0.15405767236812593,2.491201066999502
aed,0,2067,1,puzzle,2,1.0,0.0,1.116248426600402e-46,0.9941347613323118,1.4912021419984678,1.5360328680920934,4.823872785663607,0.0,0.05,0.15405767236812593,2.4912021419984676
aed,0,2068,1,puzzle,2,1.0,0.0,1.0604360052703827e-46,0.9941354773970217,1.4912032160955326,1.5360587198321107,4.820489561543549,0.0,0.05,0.15405767236812593,2.4912032160955326
aed,0,2069,1,puzzle,2,1.0,0.0,1.0074142050068637e-46,0.9941361928613472,1.4912042892920208,1.5360844476794102,4.817164824315503,0.0,0.05,0.15405767236812593,2.4912042892920208
aed,0,2070,1,puzzle,2,1.0,0.0,9.57043494756519e-47,0.9941369077261694,1.491205361589254,1.5361100522489595,4.813897866732053,0.0,0.05,0.15405767236812593,2.491205361589254
aed,0,2071,1,puzzle,2,1.0,0.0,9.09191320018694e-47,0.9941376219923672,1.4912064329885508,1.5361355341526575,4.810687989228839,0.0,0.05,0.15405767236812593,2.491206432988551
aed,0,2072,1,puzzle,2,1.0,0.0,8.637317540177591e-47,0.9941383356608179,1.4912075034912269,1.5361608939993503,4.807534499844674,0.0,0.05,0.15405767236812593,2.4912075034912267
aed,0,2073,1,puzzle,2,1.0,0.0,8.205451663168706e-47,0.9941390487323973,1.491208573098596,1.5361861323948467,4.8044367141424775,0.0,0.05,0.15405767236812593,2.491208573098596
aed,0,2074,1,puzzle,2,1.0,0.0,7.795179080010271e-47,0.9941397612079801,1.4912096418119702,1.5362112499419323,4.801393955131015,0.0,0.05,0.15405767236812593,2.4912096418119702
aed,0,2075,1,puzzle,2,1.0,0.0,7.405420126009767e-47,0.9941404730884373,1.491210709632656,1.5362362472403859,4.798405553187434,0.0,0.05,0.15405767236812593,2.491210709632656
aed,0,2076,1,puzzle,2,1.0,0.0,7.035149119709272e-47,0.99414118437464,1.4912117765619601,1.5362611248869937,4.795470845980593,0.0,0.05,0.15405767236812593,2.4912117765619604
aed,0,2077,2,mastered,1,0.0,0.0,6.683391663723808e-47,0.9942075706099739,1.491311355914961,1.5362863760421335,4.79249115764796,0.0,0.05,0.15405767236812593,1.491311355914961
aed,0,2078,1,puzzle,1,0.0,0.0,6.349222080537607e-47,0.8880205925507105,1.3320308888260657,1.535515098606053,4.948050455851468,0.0,0.05,0.15405767236812593,1.3320308888260657
aed,0,2079,1,puzzle,2,1.0,0.0,6.03176097651073e-47,0.9942082750065772,1.4913124125098658,1.5355440851755722,4.942801623958659,0.0,0.05,0.15405767236812593,2.491312412509866
aed,0,2080,1,puzzle,2,1.0,0.0,5.730172927685189e-47,0.9942089788156014,1.4913134682234022,1.5355729320908114,4.9376330715864825,0.0,0.05,0.15405767236812593,2.491313468223402
aed,0,2081,1,puzzle,2,1.0,0.0,5.443664281300937e-47,0.9942096820379059,1.491314523056859,1.5356016400456416,4.9325438578594,0.0,0.05,0.15405767236812593,2.491314523056859
aed,0,2082,1,puzzle,2,1.0,0.0,5.171481067235883e-47,0.9942103846743469,1.4913155770115203,1.535630209730471,4.927533051999757,0.0,0.05,0.15405767236812593,2.4913155770115205
aed,0,2083,1,puzzle,2,1.0,0.0,4.912907013874102e-47,0.9942110867257773,1.491316630088666,1.535658641832262,4.922599733223355,0.0,0.05,0.15405767236812593,2.491316630088666
aed,0,2084,1,puzzle,2,1.0,0.0,4.667261663180385e-47,0.9942117881930507,1.491317682289576,1.5356869370345485,4.917742990636094,0.0,0.05,0.15405767236812593,2.491317682289576
aed,0,2085,1,puzzle,2,1.0,0.0,4.433898580021367e-47,0.9942124890770173,1.491318733615526,1.5357150960174535,4.912961923131661,0.0,0.05,0.15405767236812593,2.4913187336155262
aed,0,2086,1,puzzle,2,1.0,0.0,4.2122036510203067e-47,0.9942131893785254,1.491319784067788,1.5357431194577051,4.908255639290261,0.0,0.05,0.15405767236812593,2.4913197840677883
aed,0,2087,1,puzzle,2,1.0,0.0,4.0015934684692805e-47,0.9942138890984249,1.4913208336476373,1.5357710080286548,4.903623257278376,0.0,0.05,0.15405767236812593,2.491320833647637
aed,0,2088,1,puzzle,2,1.0,0.0,3.801513795045819e-47,0.9942145882375573,1.491321882356336,1.5357987624002931,4.899063904749549,0.0,0.05,0.15405767236812593,2.4913218823563357
aed,0,2089,1,puzzle,2,1.0,0.0,3.611438105293528e-47,0.9942152867967693,1.491322930195154,1.5358263832392673,4.894576718746166,0.0,0.05,0.15405767236812593,2.491322930195154
aed,0,2090,1,puzzle,2,1.0,0.0,3.430866200028852e-47,0.9942159847769022,1.4913239771653533,1.5358538712088978,4.890160845602249,0.0,0.05,0.15405767236812593,2.4913239771653535
aed,0,2091,1,puzzle,2,1.0,0.0,3.259322890027414e-47,0.9942166821787954,1.4913250232681932,1.5358812269691944,4.885815440847228,0.0,0.05,0.15405767236812593,2.4913250232681934
aed,0,2092,1,puzzle,2,1.0,0.0,3.096356745526042e-47,0.9942173790032885,1.4913260685049328,1.5359084511768732,4.881539669110696,0.0,0.05,0.15405767236812593,2.4913260685049328
aed,0,2093,1,puzzle,2,1.0,0.0,2.94153890824974e-47,0.9942180752512163,1.4913271128768244,1.535935544485373,4.877332704028138,0.0,0.05,0.15405767236812593,2.4913271128768244
aed,0,2094,1,puzzle,2,1.0,0.0,2.794461962837247e-47,0.994218770923416,1.4913281563851242,1.5359625075448717,4.873193728147604,0.0,0.05,0.15405767236812593,2.491328156385124
aed,0,2095,1,puzzle,2,1.0,0.0,2.654738864695387e-47,0.9942194660207205,1.4913291990310809,1.5359893410023029,4.869121932837349,0.0,0.05,0.15405767236812593,2.491329199031081
aed,0,2096,2,mastered,1,0.0,0.0,2.522001921460616e-47,0.9942838025876175,1.4914257038814263,1.5360165228166984,4.865021532444247,0.0,0.05,0.15405767236812593,1.4914257038814263
aed,0,2097,1,puzzle,1,0.0,0.0,2.3959018253875877e-47,0.8890963814829057,1.3336445722243586,1.535254663063737,5.017981407959184,0.0,0.05,0.15405767236812593,1.3336445722243586
aed,0,2098,1,puzzle,2,1.0,0.0,2.276106734118212e-47,0.9942844911034656,1.4914267366551983,1.5352855234316942,5.011660380656087,0.0,0.05,0.15405767236812593,2.4914267366551983
aed,0,2099,1,puzzle,2,1.0,0.0,2.162301397412298e-47,0.9942851790507373,1.491427768576106,1.5353162346574163,5.005432242930836,0.0,0.05,0.15405767236812593,2.4914277685761057
aed,0,2100,1,puzzle,2,1.0,0.0,2.0541863275416816e-47,0.9942858664302547,1.491428799645382,1.5353467974823563,4.999295918338502,0.0,0.05,0.15405767236812593,2.491428799645382
aed,0,2101,1,puzzle,2,1.0,0.0,1.9514770111646018e-47,0.9942865532428391,1.4914298298642588,1.5353772126442657,4.993250341935124,0.0,0.05,0.15405767236812593,2.4914298298642588
aed,0,2102,1,puzzle,0,1.0,0.0,1.853903160606371e-47,0.9943490154238518,1.4915235231357777,1.5354079441967232,4.987202259576718,0.0,0.05,0.15405767236812593,2.4915235231357777
aed,0,2103,1,puzzle,2,1.0,0.0,1.7612080025760481e-47,0.9943496958753871,1.4915245438130806,1.535438527194805,4.981244220362675,0.0,0.05,0.15405767236812593,2.491524543813081
aed,0,2104,1,puzzle,2,1.0,0.0,1.6731476024472485e-47,0.994350375766099,1.4915255636491485,1.5354689623770765,4.975375176886976,0.0,0.05,0.15405767236812593,2.4915255636491485
aed,0,2105,1,puzzle,2,1.0,0.0,1.5894902223248845e-47,0.9943510550967958,1.4915265826451938,1.535499250478417,4.969594092951329,0.0,0.05,0.15405767236812593,2.4915265826451938
aed,0,2106,1,puzzle,2,1.0,0.0,1.5100157112086414e-47,0.994351733868285,1.4915276008024274,1.535529392230037,4.963899943449425,0.0,0.05,0.15405767236812593,2.4915276008024274
aed,0,2107,1,puzzle,2,1.0,0.0,1.4345149256482082e-47,0.9943524120813719,1.491528618122058,1.5355593883594971,4.95829171425237,0.0,0.05,0.15405767236812593,2.491528618122058
aed,0,2108,1,puzzle,2,1.0,0.0,1.3627891793657966e-47,0.9943530897368608,1.491529634605291,1.535589239590726,4.952768402095281,0.0,0.05,0.15405767236812593,2.491529634605291
aed,0,2109,1,puzzle,2,1.0,0.0,1.2946497203975072e-47,0.994353766835554,1.491530650253331,1.535618946644039,4.947329014465036,0.0,0.05,0.15405767236812593,2.491530650253331
aed,0,2110,1,puzzle,2,1.0,0.0,1.2299172343776324e-47,0.9943544433782503,1.4915316650673756,1.535648510236156,4.941972569489166,0.0,0.05,0.15405767236812593,2.4915316650673756
aed,0,2111,1,puzzle,2,1.0,0.0,1.1684213726587498e-47,0.9943551193657504,1.4915326790486256,1.5356779310802184,4.936698095825866,0.0,0.05,0.15405767236812593,2.4915326790486256
aed,0,2112,1,puzzle,2,1.0,0.0,1.1100003040258133e-47,0.9943557947988507,1.491533692198276,1.5357072098858089,4.93150463255514,0.0,0.05,0.15405767236812593,2.491533692198276
aed,0,2113,1,puzzle,2,1.0,0.0,1.0545002888245226e-47,0.9943564696783475,1.4915347045175211,1.5357363473589674,4.926391229071035,0.0,0.05,0.15405767236812593,2.4915347045175213
aed,0,2114,1,puzzle,2,1.0,0.0,1.0017752743832955e-47,0.9943571440050332,1.4915357160075498,1.5357653442022103,4.921356944974985,0.0,0.05,0.15405767236812593,2.49153571600755
aed,0,2115,1,puzzle,2,1.0,0.0,9.516865106641309e-48,0.9943578177797034,1.4915367266695552,1.5357942011145471,4.916400849970227,0.0,0.05,0.15405767236812593,2.491536726669555
aed,0,2116,1,puzzle,2,1.0,0.0,9.041021851309254e-48,0.994358491003145,1.4915377365047175,1.5358229187914978,4.911522023757305,0.0,0.05,0.15405767236812593,2.4915377365047178
aed,0,2117,1,puzzle,2,1.0,0.0,8.588970758743793e-48,0.9943591636761497,1.4915387455142246,1.5358514979251114,4.906719555930619,0.0,0.05,0.15405767236812593,2.491538745514225
aed,0,2118,1,puzzle,2,1.0,0.0,8.159522220806592e-48,0.9943598357995042,1.4915397536992563,1.5358799392039821,4.901992545876038,0.0,0.05,0.15405767236812593,2.4915397536992563
aed,0,2119,1,puzzle,2,1.0,0.0,7.751546109766266e-48,0.9943605073739947,1.491540761060992,1.5359082433132671,4.897340102669552,0.0,0.05,0.15405767236812593,2.491540761060992
aed,0,2120,1,puzzle,2,1.0,0.0,7.36396880427795e-48,0.994361178400406,1.491541767600609,1.5359364109347038,4.892761344976951,0.0,0.05,0.15405767236812593,2.491541767600609
aed,0,2121,1,puzzle,2,1.0,0.0,6.995770364064053e-48,0.99436184887952,1.4915427733192799,1.5359644427466266,4.888255400954529,0.0,0.05,0.15405767236812593,2.4915427733192796
aed,0,2122,1,puzzle,2,1.0,0.0,6.645981845860861e-48,0.9943625188121177,1.4915437782181766,1.5359923394239843,4.883821408150791,0.0,0.05,0.15405767236812593,2.4915437782181766
aed,0,2123,1,puzzle,2,1.0,0.0,6.313682753567807e-48,0.994363188198979,1.4915447822984684,1.5360201016383568,4.879458513409171,0.0,0.05,0.15405767236812593,2.4915447822984684
aed,0,2124,1,puzzle,2,1.0,0.0,5.997998615889416e-48,0.994363857040883,1.4915457855613246,1.5360477300579716,4.875165872771726,0.0,0.05,0.15405767236812593,2.4915457855613248
aed,0,2125,1,puzzle,2,1.0,0.0,5.69809868509494e-48,0.9943645253386041,1.491546788007906,1.5360752253477212,4.8709426513838245,0.0,0.05,0.15405767236812593,2.491546788007906
aed,0,2126,1,puzzle,2,1.0,0.0,5.4131937508401914e-48,0.99436519309292,1.49154778963938,1.5361025881691794,4.866788023399786,0.0,0.05,0.15405767236812593,2.4915477896393803
aed,0,2127,1,puzzle,2,1.0,0.0,5.1425340632981857e-48,0.9943658603046011,1.4915487904569016,1.536129819180618,4.862701171889505,0.0,0.05,0.15405767236812593,2.4915487904569016
aed,0,2128,1,puzzle,2,1.0,0.0,4.885407360133288e-48,0.9943665269744203,1.4915497904616304,1.5361569190370232,4.858681288746003,0.0,0.05,0.15405767236812593,2.4915497904616304
aed,0,2129,1,puzzle,2,1.0,0.0,4.641136992126618e-48,0.9943671931031487,1.491550789654723,1.5361838883901118,4.854727574593932,0.0,0.05,0.15405767236812593,2.491550789654723
aed,0,2130,1,puzzle,2,1.0,0.0,4.409080142520289e-48,0.9943678586915532,1.49155178803733,1.536210727888348,4.850839238699011,0.0,0.05,0.15405767236812593,2.49155178803733
aed,0,2131,1,puzzle,2,1.0,0.0,4.188626135394271e-48,0.9943685237404016,1.4915527856106023,1.5362374381769592,4.847015498878378,0.0,0.05,0.15405767236812593,2.4915527856106023
aed,0,2132,1,puzzle,2,1.0,0.0,3.9791948286245594e-48,0.9943691882504606,1.491553782375691,1.536264019897953,4.843255581411856,0.0,0.05,0.15405767236812593,2.491553782375691
aed,0,2133,1,puzzle,2,1.0,0.0,3.7802350871933256e-48,0.9943698522224922,1.4915547783337382,1.536290473690132,4.839558720954131,0.0,0.05,0.15405767236812593,2.491554778333738
aed,0,2134,1,puzzle,2,1.0,0.0,3.591223332833666e-48,0.9943705156572595,1.4915557734858893,1.5363168001891108,4.835924160447811,0.0,0.05,0.15405767236812593,2.4915557734858895
aed,0,2135,1,puzzle,2,1.0,0.0,3.4116621661919746e-48,0.9943711785555238,1.4915567678332857,1.5363430000273317,4.832351151037379,0.0,0.05,0.15405767236812593,2.491556767833286
aed,0,2136,1,puzzle,2,1.0,0.0,3.241079057882379e-48,0.9943718409180454,1.491557761377068,1.5363690738340805,4.828838951984018,0.0,0.05,0.15405767236812593,2.4915577613770683
aed,0,2137,1,puzzle,2,1.0,0.0,3.079025104988263e-48,0.99437250274558,1.49155875411837,1.5363950222355018,4.82538683058131,0.0,0.05,0.15405767236812593,2.49155875411837
aed,0,2138,1,puzzle,2,1.0,0.0,2.925073849738844e-48,0.9943731640388854,1.491559746058328,1.536420845854616,4.821994062071785,0.0,0.05,0.15405767236812593,2.491559746058328
aed,0,2139,1,puzzle,2,1.0,0.0,2.77882015725191e-48,0.9943738247987152,1.4915607371980728,1.5364465453113334,4.818659929564328,0.0,0.05,0.15405767236812593,2.491560737198073
aed,0,2140,1,puzzle,2,1.0,0.0,2.6398791493893133e-48,0.9943744850258243,1.4915617275387363,1.5364721212224706,4.815383723952419,0.0,0.05,0.15405767236812593,2.4915617275387363
aed,0,2141,1,puzzle,2,1.0,0.0,2.50788519191984e-48,0.9943751447209627,1.491562717081444,1.5364975742017655,4.8121647438332165,0.0,0.05,0.15405767236812593,2.491562717081444
aed,0,2142,1,puzzle,2,1.0,0.0,2.3824909323238498e-48,0.9943758038848819,1.4915637058273228,1.5365229048598932,4.8090022954274545,0.0,0.05,0.15405767236812593,2.491563705827323
aed,0,2143,1,puzzle,2,1.0,0.0,2.263366385707657e-48,0.9943764625183305,1.4915646937774958,1.5365481138044812,4.805895692500165,0.0,0.05,0.15405767236812593,2.491564693777496
aed,0,2144,1,puzzle,2,1.0,0.0,2.1501980664222782e-48,0.9943771206220557,1.4915656809330837,1.5365732016401241,4.802844256282204,0.0,0.05,0.15405767236812593,2.4915656809330837
aed,0,2145,1,puzzle,2,1.0,0.0,2.0426881631011638e-48,0.994377778196803,1.4915666672952044,1.5365981689683996,4.799847315392577,0.0,0.05,0.15405767236812593,2.4915666672952046
aed,0,2146,1,puzzle,2,1.0,0.0,1.9405537549461034e-48,0.9943784352433158,1.4915676528649737,1.5366230163878825,4.79690420576156,0.0,0.05,0.15405767236812593,2.4915676528649735
aed,0,2147,1,puzzle,2,1.0,0.0,1.8435260671987992e-48,0.9943790917623387,1.4915686376435082,1.5366477444941606,4.794014270554597,0.0,0.05,0.15405767236812593,2.491568637643508
aed,0,2148,1,puzzle,2,1.0,0.0,1.7513497638388563e-48,0.9943797477546124,1.4915696216319185,1.5366723538798495,4.791176860096982,0.0,0.05,0.15405767236812593,2.4915696216319185
aed,0,2149,1,puzzle,2,1.0,0.0,1.6637822756469164e-48,0.9943804032208765,1.4915706048313147,1.5366968451346066,4.788391331799304,0.0,0.05,0.15405767236812593,2.4915706048313147
aed,0,2150,1,puzzle,2,1.0,0.0,1.5805931618645672e-48,0.9943810581618691,1.4915715872428037,1.5367212188451476,4.785657050083655,0.0,0.05,0.15405767236812593,2.4915715872428037
aed,0,2151,1,puzzle,2,1.0,0.0,1.5015635037713388e-48,0.9943817125783273,1.491572568867491,1.5367454755952592,4.782973386310587,0.0,0.05,0.15405767236812593,2.491572568867491
aed,0,2152,1,puzzle,2,1.0,0.0,1.4264853285827736e-48,0.994382366470986,1.491573549706479,1.5367696159658153,4.780339718706818,0.0,0.05,0.15405767236812593,2.4915735497064793
aed,0,2153,1,puzzle,2,1.0,0.0,1.3551610621536371e-48,0.9943830198405803,1.4915745297608705,1.5367936405347906,4.77775543229367,0.0,0.05,0.15405767236812593,2.4915745297608707
aed,0,2154,1,puzzle,2,1.0,0.0,1.2874030090459545e-48,0.994383672687841,1.4915755090317615,1.5368175498772754,4.775219918816247,0.0,0.05,0.15405767236812593,2.4915755090317617
aed,0,2155,1,puzzle,2,1.0,0.0,1.2230328585936541e-48,0.994384325013501,1.4915764875202515,1.5368413445654903,4.772732576673323,0.0,0.05,0.15405767236812593,2.4915764875202515
aed,0,2156,1,puzzle,2,1.0,0.0,1.1618812156639714e-48,0.994384976818289,1.4915774652274334,1.5368650251688,4.770292810847955,0.0,0.05,0.15405767236812593,2.4915774652274334
aed,0,2157,1,puzzle,2,1.0,0.0,1.1037871548807755e-48,0.9943856281029325,1.4915784421543987,1.536888592253728,4.767900032838805,0.0,0.05,0.15405767236812593,2.491578442154399
aed,0,2158,1,puzzle,2,1.0,0.0,1.0485977971367356e-48,0.9943862788681592,1.4915794183022388,1.5369120463839705,4.765553660592148,0.0,0.05,0.15405767236812593,2.491579418302239
aed,0,2159,1,puzzle,2,1.0,0.0,9.961679072798975e-49,0.994386929114693,1.4915803936720393,1.5369353881204109,4.763253118434598,0.0,0.05,0.15405767236812593,2.4915803936720393
aed,0,2160,1,puzzle,2,1.0,0.0,9.463595119159039e-49,0.99438757884326,1.49158136826489,1.5369586180211334,4.760997837006495,0.0,0.05,0.15405767236812593,2.4915813682648897
aed,0,2161,1,puzzle,2,1.0,0.0,8.990415363201078e-49,0.9943882280545787,1.4915823420818681,1.5369817366414371,4.758787253195998,0.0,0.05,0.15405767236812593,2.491582342081868
aed,0,2162,1,puzzle,2,1.0,0.0,8.540894595041035e-49,0.9943888767493737,1.4915833151240605,1.5370047445338502,4.756620810073828,0.0,0.05,0.15405767236812593,2.4915833151240605
aed,0,2163,1,puzzle,2,1.0,0.0,8.113849865288986e-49,0.9943895249283632,1.491584287392545,1.5370276422481437,4.754497956828689,0.0,0.05,0.15405767236812593,2.491584287392545
aed,0,2164,1,puzzle,2,1.0,0.0,7.708157372024521e-49,0.9943901725922651,1.4915852588883978,1.537050430331345,4.752418148703349,0.0,0.05,0.15405767236812593,2.4915852588883975
aed,0,2165,1,puzzle,2,1.0,0.0,7.322749503423301e-49,0.9943908197417969,1.4915862296126954,1.5370731093277519,4.750380846931372,0.0,0.05,0.15405767236812593,2.4915862296126954
aed,0,2166,1,puzzle,2,1.0,0.0,6.956612028252131e-49,0.994391466377672,1.491587199566508,1.5370956797789457,4.748385518674496,0.0,0.05,0.15405767236812593,2.491587199566508
aed,0,2167,1,puzzle,2,1.0,0.0,6.6087814268395365e-49,0.9943921125006054,1.491588168750908,1.5371181422238054,4.746431636960648,0.0,0.05,0.15405767236812593,2.491588168750908
aed,0,2168,1,puzzle,2,1.0,0.0,6.2783423554975415e-49,0.9943927581113097,1.4915891371669645,1.5371404971985212,4.744518680622598,0.0,0.05,0.15405767236812593,2.4915891371669643
aed,0,2169,1,puzzle,2,1.0,0.0,5.964425237722675e-49,0.9943934032104942,1.4915901048157414,1.5371627452366072,4.742646134237237,0.0,0.05,0.15405767236812593,2.4915901048157414
aed,0,2170,1,puzzle,2,1.0,0.0,5.666203975836538e-49,0.9943940477988708,1.491591071698306,1.5371848868689157,4.740813488065474,0.0,0.05,0.15405767236812593,2.491591071698306
aed,0,2171,1,puzzle,2,1.0,0.0,5.382893777044716e-49,0.9943946918771466,1.49159203781572,1.5372069226236498,4.739020237992749,0.0,0.05,0.15405767236812593,2.49159203781572
aed,0,2172,1,puzzle,2,1.0,0.0,5.113749088192475e-49,0.994395335446029,1.4915930031690434,1.537228853026377,4.737265885470155,0.0,0.05,0.15405767236812593,2.4915930031690436
aed,0,2173,1,puzzle,2,1.0,0.0,4.85806163378286e-49,0.9943959785062225,1.4915939677593337,1.5372506786000417,4.735549937456161,0.0,0.05,0.15405767236812593,2.491593967759334
aed,0,2174,1,puzzle,2,1.0,0.0,4.615158552093711e-49,0.9943966210584313,1.4915949315876469,1.5372723998649798,4.7338719063589325,0.0,0.05,0.15405767236812593,2.491594931587647
aed,0,2175,1,puzzle,2,1.0,0.0,4.3844006244890296e-49,0.9943972631033579,1.4915958946550367,1.53729401733893,4.732231309979237,0.0,0.05,0.15405767236812593,2.4915958946550365
aed,0,2176,1,puzzle,2,1.0,0.0,4.165180593264573e-49,0.9943979046417035,1.4915968569625553,1.5373155315370481,4.730627671453937,0.0,0.05,0.15405767236812593,2.4915968569625555
aed,0,2177,1,puzzle,2,1.0,0.0,3.9569215636013416e-49,0.9943985456741702,1.4915978185112553,1.5373369429719193,4.729060519200062,0.0,0.05,0.15405767236812593,2.4915978185112553
aed,0,2178,1,puzzle,2,1.0,0.0,3.759075485421279e-49,0.9943991862014531,1.4915987793021797,1.5373582521535705,4.727529386859452,0.0,0.05,0.15405767236812593,2.49159877930218
aed,0,2179,2,mastered,1,0.0,0.0,3.5711217111502136e-49,0.9944598843231954,1.491689826484793,1.5373799100252266,4.725944176531291,0.0,0.05,0.15405767236812593,1.491689826484793
aed,0,2180,1,puzzle,1,0.0,0.0,3.3925656255927023e-49,0.8901367127601865,1.3352050691402797,1.5366190358208018,4.8800987014465,0.0,0.05,0.15405767236812593,1.3352050691402797
aed,0,2181,1,puzzle,2,1.0,0.0,3.222937344313069e-49,0.9944605189520959,1.491690778428144,1.5366443945338386,4.87625133053773,0.0,0.05,0.15405767236812593,2.491690778428144
aed,0,2182,1,puzzle,2,1.0,0.0,3.0617904770974113e-49,0.9944611530811956,1.4916917296217935,1.5366696312092785,4.872466718819838,0.0,0.05,0.15405767236812593,2.4916917296217935
aed,0,2183,1,puzzle,2,1.0,0.0,2.9087009532425425e-49,0.9944617867111835,1.4916926800667751,1.5366947464535659,4.86874411801843,0.0,0.05,0.15405767236812593,2.491692680066775
aed,0,2184,1,puzzle,2,1.0,0.0,2.7632659055804136e-49,0.9944624198427489,1.4916936297641232,1.5367197408701185,4.8650827879442415,0.0,0.05,0.15405767236812593,2.4916936297641232
aed,0,2185,1,puzzle,2,1.0,0.0,2.6251026103013953e-49,0.9944630524765771,1.4916945787148657,1.5367446150593422,4.8614819964092755,0.0,0.05,0.15405767236812593,2.4916945787148657
aed,0,2186,1,puzzle,2,1.0,0.0,2.4938474797863238e-49,0.994463684613353,1.4916955269200294,1.5367693696186455,4.857941019143799,0.0,0.05,0.15405767236812593,2.4916955269200294
aed,0,2187,1,puzzle,2,1.0,0.0,2.3691551057970076e-49,0.9944643162537609,1.4916964743806413,1.5367940051424556,4.854459139714175,0.0,0.05,0.15405767236812593,2.4916964743806416
aed,0,2188,1,puzzle,2,1.0,0.0,2.2506973505071566e-49,0.9944649473984823,1.4916974210977236,1.536818522222232,4.851035649441542,0.0,0.05,0.15405767236812593,2.4916974210977236
aed,0,2189,1,puzzle,2,1.0,0.0,2.1381624829818015e-49,0.9944655780481996,1.4916983670722994,1.5368429214464823,4.847669847321309,0.0,0.05,0.15405767236812593,2.491698367072299
aed,0,2190,1,puzzle,2,1.0,0.0,2.0312543588327108e-49,0.9944662082035919,1.4916993123053879,1.5368672034007769,4.844361039943484,0.0,0.05,0.15405767236812593,2.491699312305388
aed,0,2191,1,puzzle,2,1.0,0.0,1.929691640891075e-49,0.994466837865336,1.491700256798004,1.536891368667763,4.841108541413808,0.0,0.05,0.15405767236812593,2.491700256798004
aed,0,2192,1,puzzle,2,1.0,0.0,1.833207058846518e-49,0.9944674670341117,1.4917012005511676,1.53691541782718,4.837911673275682,0.0,0.05,0.15405767236812593,2.4917012005511676
aed,0,2193,1,puzzle,2,1.0,0.0,1.741546705904197e-49,0.994468095710592,1.4917021435658882,1.5369393514558736,4.834769764432911,0.0,0.05,0.15405767236812593,2.491702143565888
aed,0,2194,1,puzzle,2,1.0,0.0,1.6544693706089836e-49,0.9944687238954535,1.4917030858431803,1.5369631701278101,4.8316821510732115,0.0,0.05,0.15405767236812593,2.4917030858431803
aed,0,2195,1,puzzle,2,1.0,0.0,1.5717459020785354e-49,0.994469351589369,1.4917040273840536,1.5369868744140913,4.828648176592517,0.0,0.05,0.15405767236812593,2.4917040273840536
aed,0,2196,1,puzzle,2,1.0,0.0,1.4931586069746074e-49,0.9944699787930096,1.4917049681895143,1.5370104648829683,4.825667191520046,0.0,0.05,0.15405767236812593,2.4917049681895143
aed,0,2197,1,puzzle,2,1.0,0.0,1.41850067662588e-49,0.9944706055070459,1.4917059082605688,1.5370339420998562,4.822738553444133,0.0,0.05,0.15405767236812593,2.4917059082605686
aed,0,2198,1,puzzle,2,1.0,0.0,1.347575642794583e-49,0.994471231732147,1.4917068475982205,1.537057306627348,4.8198616269388195,0.0,0.05,0.15405767236812593,2.4917068475982207
aed,0,2199,1,puzzle,2,1.0,0.0,1.280196860654855e-49,0.9944718574689803,1.4917077862034704,1.5370805590252286,4.817035783491189,0.0,0.05,0.15405767236812593,2.49170778620347
aed,0,2200,1,puzzle,0,1.0,0.0,1.2161870176221113e-49,0.9945307576997968,1.4917961365496952,1.5371041369128509,4.814173426019433,0.0,0.05,0.15405767236812593,2.491796136549695
aed,0,2201,1,puzzle,2,1.0,0.0,1.1553776667410078e-49,0.994531377797349,1.4917970666960234,1.5371276015617668,4.811362226624983,0.0,0.05,0.15405767236812593,2.4917970666960234
aed,0,2202,1,puzzle,2,1.0,0.0,1.0976087834039565e-49,0.994531997411729,1.4917979961175936,1.5371509535345458,4.808601561775685,0.0,0.05,0.15405767236812593,2.491797996117594
aed,0,2203,1,puzzle,2,1.0,0.0,1.0427283442337585e-49,0.9945326165435942,1.4917989248153911,1.5371741933909502,4.805890814733488,0.0,0.05,0.15405767236812593,2.491798924815391
aed,0,2204,1,puzzle,2,1.0,0.0,9.90591927022072e-50,0.9945332351936029,1.4917998527904044,1.5371973216879473,4.803229375483696,0.0,0.05,0.15405767236812593,2.4917998527904044
aed,0,2205,1,puzzle,2,1.0,0.0,9.410623306709658e-50,0.9945338533624131,1.4918007800436195,1.5372203389797257,4.800616640664964,0.0,0.05,0.15405767236812593,2.4918007800436195
aed,0,2206,1,puzzle,2,1.0,0.0,8.940092141374172e-50,0.9945344710506772,1.4918017065760156,1.537243245817707,4.798052013500007,0.0,0.05,0.15405767236812593,2.4918017065760156
aed,0,2207,1,puzzle,2,1.0,0.0,8.493087534305485e-50,0.9945350882590513,1.491802632388577,1.5372660427505613,4.795534903726991,0.0,0.05,0.15405767236812593,2.491802632388577
aed,0,2208,1,puzzle,2,1.0,0.0,8.068433157590198e-50,0.9945357049881873,1.491803557482281,1.53728873032422,4.79306472753166,0.0,0.05,0.15405767236812593,2.4918035574822808
aed,0,2209,1,puzzle,2,1.0,0.0,7.6650114997106945e-50,0.9945363212387378,1.4918044818581067,1.5373113090818893,4.7906409074801255,0.0,0.05,0.15405767236812593,2.4918044818581064
aed,0,2210,1,puzzle,2,1.0,0.0,7.281760924725172e-50,0.9945369370113517,1.4918054055170276,1.537333779564065,4.788262872452362,0.0,0.05,0.15405767236812593,2.4918054055170273
aed,0,2211,1,puzzle,2,1.0,0.0,6.917672878488906e-50,0.9945375523066784,1.4918063284600176,1.5373561423085447,4.7859300575763655,0.0,0.05,0.15405767236812593,2.491806328460018
aed,0,2212,1,puzzle,2,1.0,0.0,6.571789234564454e-50,0.9945381671253656,1.4918072506880484,1.5373783978504423,4.783641904162996,0.0,0.05,0.15405767236812593,2.4918072506880486
aed,0,2213,1,puzzle,2,1.0,0.0,6.243199772836224e-50,0.9945387814680591,1.4918081722020886,1.5374005467222005,4.781397859641478,0.0,0.05,0.15405767236812593,2.491808172202089
aed,0,2214,1,puzzle,2,1.0,0.0,5.93103978419442e-50,0.9945393953354043,1.4918090930031065,1.537422589453605,4.779197377495562,0.0,0.05,0.15405767236812593,2.4918090930031065
aed,0,2215,1,puzzle,2,1.0,0.0,5.634487794984693e-50,0.9945400087280456,1.4918100130920684,1.5374445265717973,4.777039917200335,0.0,0.05,0.15405767236812593,2.4918100130920684
aed,0,2216,1,puzzle,2,1.0,0.0,5.352763405235459e-50,0.9945406216466263,1.4918109324699393,1.537466358601288,4.77492494415968,0.0,0.05,0.15405767236812593,2.4918109324699396
aed,0,2217,1,puzzle,2,1.0,0.0,5.08512523497369e-50,0.9945412340917875,1.4918118511376812,1.53748808606397,4.772851929644371,0.0,0.05,0.15405767236812593,2.4918118511376814
aed,0,2218,1,puzzle,2,1.0,0.0,4.830868973224998e-50,0.9945418460641681,1.4918127690962522,1.5375097094791312,4.770820350730807,0.0,0.05,0.15405767236812593,2.491812769096252
aed,0,2219,1,puzzle,2,1.0,0.0,4.589325524563759e-50,0.9945424575644094,1.491813686346614,1.5375312293634686,4.768829690240353,0.0,0.05,0.15405767236812593,2.491813686346614
aed,0,2220,1,puzzle,2,1.0,0.0,4.359859248335562e-50,0.9945430685931462,1.4918146028897192,1.5375526462311,4.76687943667933,0.0,0.05,0.15405767236812593,2.4918146028897192
aed,0,2221,1,puzzle,2,1.0,0.0,4.141866285918789e-50,0.9945436791510179,1.491815518726527,1.5375739605935772,4.764969084179587,0.0,0.05,0.15405767236812593,2.491815518726527
aed,0,2222,1,puzzle,2,1.0,0.0,3.9347729716228474e-50,0.994544289238658,1.491816433857987,1.5375951729598993,4.763098132439703,0.0,0.05,0.15405767236812593,2.491816433857987
aed,0,2223,1,puzzle,2,1.0,0.0,3.738034323041711e-50,0.9945448988567015,1.4918173482850523,1.537616283836525,4.7612660866667795,0.0,0.05,0.15405767236812593,2.4918173482850525
aed,0,2224,1,puzzle,2,1.0,0.0,3.551132606889617e-50,0.994545508005781,1.4918182620086715,1.537637293727386,4.759472457518826,0.0,0.05,0.15405767236812593,2.4918182620086715
aed,0,2225,1,puzzle,2,1.0,0.0,3.373575976545138e-50,0.9945461166865281,1.4918191750297922,1.537658203133898,4.757716761047743,0.0,0.05,0.15405767236812593,2.491819175029792
aed,0,2226,1,puzzle,2,1.0,0.0,3.2048971777178844e-50,0.9945467248995731,1.4918200873493597,1.5376790125549753,4.7559985186428815,0.0,0.05,0.15405767236812593,2.4918200873493594
aed,0,2227,1,puzzle,2,1.0,0.0,3.044652318831987e-50,0.9945473326455457,1.4918209989683187,1.5376997224870421,4.754317256975176,0.0,0.05,0.15405767236812593,2.4918209989683184
aed,0,2228,1,puzzle,2,1.0,0.0,2.892419702890391e-50,0.9945479399250748,1.4918219098876122,1.537720333424045,4.752672507941857,0.0,0.05,0.15405767236812593,2.491821909887612
aed,0,2229,1,puzzle,2,1.0,0.0,2.747798717745865e-50,0.9945485467387859,1.491822820108179,1.5377408458574657,4.751063808611725,0.0,0.05,0.15405767236812593,2.4918228201081787
aed,0,2230,1,puzzle,2,1.0,0.0,2.6104087818585776e-50,0.9945491530873042,1.4918237296309562,1.537761260276333,4.749490701170985,0.0,0.05,0.15405767236812593,2.491823729630956
aed,0,2231,1,puzzle,2,1.0,0.0,2.479888342765644e-50,0.994549758971256,1.491824638456884,1.5377815771672358,4.747952732869627,0.0,0.05,0.15405767236812593,2.491824638456884
aed,0,2232,1,puzzle,2,1.0,0.0,2.3558939256273647e-50,0.9945503643912627,1.491825546586894,1.5378017970143343,4.746449455968371,0.0,0.05,0.15405767236812593,2.491825546586894
aed,0,2233,1,puzzle,2,1.0,0.0,2.238099229345994e-50,0.9945509693479473,1.491826454021921,1.5378219202993721,4.744980427686138,0.0,0.05,0.15405767236812593,2.491826454021921
aed,0,2234,1,puzzle,2,1.0,0.0,2.1261942678786918e-50,0.9945515738419317,1.4918273607628976,1.5378419475016898,4.743545210148069,0.0,0.05,0.15405767236812593,2.4918273607628976
aed,0,2235,1,puzzle,2,1.0,0.0,2.0198845544847606e-50,0.994552177873834,1.491828266810751,1.537861879098235,4.742143370334072,0.0,0.05,0.15405767236812593,2.491828266810751
aed,0,2236,1,puzzle,2,1.0,0.0,1.9188903267605192e-50,0.9945527814442727,1.4918291721664092,1.5378817155635758,4.740774480027898,0.0,0.05,0.15405767236812593,2.491829172166409
aed,0,2237,1,puzzle,2,1.0,0.0,1.8229458104224936e-50,0.9945533845538672,1.4918300768308008,1.537901457369912,4.73943811576673,0.0,0.05,0.15405767236812593,2.4918300768308006
aed,0,2238,1,puzzle,2,1.0,0.0,1.7317985199013708e-50,0.9945539872032314,1.491830980804847,1.5379211049870865,4.738133858791302,0.0,0.05,0.15405767236812593,2.4918309808048473
aed,0,2239,1,puzzle,2,1.0,0.0,1.6452085939063045e-50,0.9945545893929804,1.4918318840894704,1.5379406588825983,4.736861294996517,0.0,0.05,0.15405767236812593,2.4918318840894704
aed,0,2240,1,puzzle,2,1.0,0.0,1.5629481642109882e-50,0.9945551911237305,1.4918327866855958,1.5379601195216135,4.73562001488257,0.0,0.05,0.15405767236812593,2.491832786685596
aed,0,2241,1,puzzle,2,1.0,0.0,1.4848007560004386e-50,0.9945557923960914,1.491833688594137,1.537979487366976,4.734409613506583,0.0,0.05,0.15405767236812593,2.491833688594137
aed,0,2242,1,puzzle,2,1.0,0.0,1.410560718200415e-50,0.9945563932106772,1.491834589816016,1.5379987628792213,4.733229690434722,0.0,0.05,0.15405767236812593,2.491834589816016
aed,0,2243,1,puzzle,2,1.0,0.0,1.340032682290396e-50,0.994556993568096,1.491835490352144,1.538017946516586,4.732079849694817,0.0,0.05,0.15405767236812593,2.491835490352144
aed,0,2244,1,puzzle,2,1.0,0.0,1.2730310481758748e-50,0.9945575934689589,1.4918363902034384,1.5380370387350202,4.730959699729451,0.0,0.05,0.15405767236812593,2.4918363902034386
aed,0,2245,2,mastered,1,0.0,0.0,1.2093794957670824e-50,0.9946150396507812,1.4919225594761718,1.538056466338726,4.72978400959471,0.0,0.05,0.15405767236812593,1.4919225594761718
aed,0,2246,1,puzzle,1,0.0,0.0,1.1489105209787262e-50,0.8911433873084413,1.336715080962662,1.5372997594118456,4.8830708479479465,0.0,0.05,0.15405767236812593,1.336715080962662
aed,0,2247,1,puzzle,2,1.0,0.0,1.0914649949297906e-50,0.9946156341741693,1.491923451261254,1.5373228778710926,4.879639566078306,0.0,0.05,0.15405767236812593,2.491923451261254
aed,0,2248,1,puzzle,2,1.0,0.0,1.0368917451833022e-50,0.9946162282457293,1.491924342368594,1.5373458851935802,4.8762647132425085,0.0,0.05,0.15405767236812593,2.491924342368594
aed,0,2249,1,puzzle,2,1.0,0.0,9.850471579241367e-51,0.9946168218660603,1.4919252327990904,1.5373687819316078,4.872945615242601,0.0,0.05,0.15405767236812593,2.4919252327990904
aed,0,2250,1,puzzle,2,1.0,0.0,9.35794800027929e-51,0.9946174150357646,1.4919261225536469,1.537391568634718,4.869681605171246,0.0,0.05,0.15405767236812593,2.4919261225536466
aed,0,2251,1,puzzle,2,1.0,0.0,8.890050600265327e-51,0.9946180077554377,1.4919270116331567,1.53741424584971,4.866472023336087,0.0,0.05,0.15405767236812593,2.4919270116331567
aed,0,2252,1,puzzle,2,1.0,0.0,8.445548070252067e-51,0.9946186000256818,1.4919279000385228,1.537436814120654,4.863316217184858,0.0,0.05,0.15405767236812593,2.491927900038523
aed,0,2253,1,puzzle,2,1.0,0.0,8.023270666739467e-51,0.9946191918470904,1.4919287877706355,1.537459273988904,4.8602135412312775,0.0,0.05,0.15405767236812593,2.4919287877706355
aed,0,2254,1,puzzle,2,1.0,0.0,7.622107133402496e-51,0.9946197832202606,1.491929674830391,1.5374816259931114,4.857163356981685,0.0,0.05,0.15405767236812593,2.491929674830391
aed,0,2255,1,puzzle,2,1.0,0.0,7.241001776732369e-51,0.9946203741457859,1.4919305612186788,1.5375038706692394,4.854165032862428,0.0,0.05,0.15405767236812593,2.4919305612186786
aed,0,2256,1,puzzle,2,1.0,0.0,6.878951687895741e-51,0.9946209646242602,1.4919314469363902,1.537526008550575,4.851217944147989,0.0,0.05,0.15405767236812593,2.4919314469363902
aed,0,2257,1,puzzle,2,1.0,0.0,6.535004103500949e-51,0.9946215546562759,1.4919323319844138,1.5375480401677444,4.84832147288984,0.0,0.05,0.15405767236812593,2.4919323319844136
aed,0,2258,1,puzzle,2,1.0,0.0,6.208253898325916e-51,0.9946221442424235,1.4919332163636352,1.5375699660487239,4.84547500784603,0.0,0.05,0.15405767236812593,2.491933216363635
aed,0,2259,1,puzzle,2,1.0,0.0,5.897841203409618e-51,0.9946227333832943,1.4919341000749415,1.5375917867188549,4.842677944411483,0.0,0.05,0.15405767236812593,2.4919341000749418
aed,0,2260,1,puzzle,2,1.0,0.0,5.602949143239131e-51,0.9946233220794755,1.4919349831192132,1.5376135027008568,4.839929684549013,0.0,0.05,0.15405767236812593,2.4919349831192132
aed,0,2261,1,puzzle,2,1.0,0.0,5.3228016860771805e-51,0.9946239103315557,1.4919358654973336,1.537635114514839,4.837229636721028,0.0,0.05,0.15405767236812593,2.4919358654973336
aed,0,2262,1,puzzle,2,1.0,0.0,5.056661601773306e-51,0.9946244981401218,1.4919367472101825,1.537656622678316,4.834577215821951,0.0,0.05,0.15405767236812593,2.4919367472101825
aed,0,2263,1,puzzle,2,1.0,0.0,4.8038285216846523e-51,0.9946250855057579,1.4919376282586367,1.5376780277062174,4.831971843111312,0.0,0.05,0.15405767236812593,2.4919376282586367
aed,0,2264,1,puzzle,2,1.0,0.0,4.563637095600414e-51,0.9946256724290511,1.4919385086435766,1.5376993301109043,4.829412946147526,0.0,0.05,0.15405767236812593,2.4919385086435764
aed,0,2265,1,puzzle,2,1.0,0.0,4.3354552408203924e-51,0.9946262589105823,1.4919393883658736,1.5377205304021793,4.826899958722356,0.0,0.05,0.15405767236812593,2.4919393883658736
aed,0,2266,1,puzzle,2,1.0,0.0,4.1186824787793785e-51,0.9946268449509356,1.4919402674264033,1.5377416290873005,4.82443232079603,0.0,0.05,0.15405767236812593,2.4919402674264033
aed,0,2267,1,puzzle,2,1.0,0.0,3.912748354840405e-51,0.9946274305506914,1.491941145826037,1.537762626670994,4.822009478433026,0.0,0.05,0.15405767236812593,2.491941145826037
aed,0,2268,1,puzzle,2,1.0,0.0,3.7171109370983845e-51,0.9946280157104296,1.4919420235656444,1.5377835236554673,4.819630883738519,0.0,0.05,0.15405767236812593,2.4919420235656444
aed,0,2269,1,puzzle,2,1.0,0.0,3.5312553902434696e-51,0.9946286004307292,1.4919429006460938,1.5378043205404204,4.817295994795461,0.0,0.05,0.15405767236812593,2.4919429006460936
aed,0,2270,1,puzzle,2,1.0,0.0,3.354692620731289e-51,0.9946291847121682,1.4919437770682524,1.5378250178230597,4.815004275602313,0.0,0.05,0.15405767236812593,2.4919437770682524
aed,0,2271,1,puzzle,2,1.0,0.0,3.186957989694729e-51,0.9946297685553243,1.4919446528329865,1.5378456159981093,4.8127551960114126,0.0,0.05,0.15405767236812593,2.4919446528329865
aed,0,2272,1,puzzle,2,1.0,0.0,3.027610090209988e-51,0.9946303519607725,1.4919455279411589,1.5378661155578244,4.810548231667964,0.0,0.05,0.15405767236812593,2.4919455279411586
aed,0,2273,1,puzzle,2,1.0,0.0,2.876229585699489e-51,0.9946309349290882,1.4919464023936322,1.5378865169920035,4.808382863949656,0.0,0.05,0.15405767236812593,2.491946402393632
aed,0,2274,1,puzzle,2,1.0,0.0,2.732418106414514e-51,0.9946315174608436,1.4919472761912653,1.5379068207879998,4.806258579906894,0.0,0.05,0.15405767236812593,2.491947276191265
aed,0,2275,1,puzzle,2,1.0,0.0,2.5957972010937938e-51,0.9946320995566119,1.4919481493349178,1.5379270274307344,4.8041748722036415,0.0,0.05,0.15405767236812593,2.4919481493349176
aed,0,2276,1,puzzle,2,1.0,0.0,2.4660073410391012e-51,0.9946326812169656,1.4919490218254483,1.5379471374027078,4.802131239058864,0.0,0.05,0.15405767236812593,2.491949021825448
aed,0,2277,1,puzzle,2,1.0,0.0,2.3427069739871428e-51,0.9946332624424741,1.491949893663711,1.537967151184013,4.800127184188578,0.0,0.05,0.15405767236812593,2.491949893663711
aed,0,2278,1,puzzle,2,1.0,0.0,2.225571625287789e-51,0.9946338432337055,1.4919507648505583,1.5379870692523459,4.798162216748479,0.0,0.05,0.15405767236812593,2.491950764850558
aed,0,2279,1,puzzle,2,1.0,0.0,2.1142930440234008e-51,0.9946344235912308,1.491951635386846,1.5380068920830183,4.796235851277167,0.0,0.05,0.15405767236812593,2.491951635386846
aed,0,2280,1,puzzle,2,1.0,0.0,2.008578391822228e-51,0.9946350035156173,1.491952505273426,1.5380266201489703,4.79434760763994,0.0,0.05,0.15405767236812593,2.491952505273426
aed,0,2281,1,puzzle,2,1.0,0.0,1.9081494722311184e-51,0.994635583007428,1.4919533745111422,1.5380462539207813,4.79249701097318,0.0,0.05,0.15405767236812593,2.491953374511142
aed,0,2282,1,puzzle,2,1.0,0.0,1.812741998619561e-51,0.9946361620672314,1.491954243100847,1.5380657938666817,4.790683591629282,0.0,0.05,0.15405767236812593,2.491954243100847
aed,0,2283,1,puzzle,2,1.0,0.0,1.722104898688586e-51,0.9946367406955885,1.4919551110433829,1.5380852404525651,4.788906885122172,0.0,0.05,0.15405767236812593,2.491955111043383
aed,0,2284,1,puzzle,2,1.0,0.0,1.6359996537541537e-51,0.9946373188930653,1.491955978339598,1.5381045941420002,4.787166432073352,0.0,0.05,0.15405767236812593,2.4919559783395977
aed,0,2285,1,puzzle,2,1.0,0.0,1.5541996710664488e-51,0.994637896660222,1.4919568449903329,1.538123855396242,4.785461778158528,0.0,0.05,0.15405767236812593,2.491956844990333
aed,0,2286,1,puzzle,2,1.0,0.0,1.4764896875131243e-51,0.99463847399762,1.49195771099643,1.538143024674243,4.7837924740547555,0.0,0.05,0.15405767236812593,2.49195771099643
aed,0,2287,1,puzzle,2,1.0,0.0,1.4026652031374676e-51,0.9946390509058197,1.4919585763587295,1.5381621024326653,4.782158075388144,0.0,0.05,0.15405767236812593,2.4919585763587295
aed,0,2288,1,puzzle,2,1.0,0.0,1.3325319429805937e-51,0.9946396273853789,1.4919594410780683,1.5381810891258922,4.780558142682086,0.0,0.05,0.15405767236812593,2.4919594410780683
aed,0,2289,1,puzzle,2,1.0,0.0,1.2659053458315647e-51,0.9946402034368567,1.491960305155285,1.5381999852060393,4.778992241306019,0.0,0.05,0.15405767236812593,2.4919603051552848
aed,0,2290,1,puzzle,0,1.0,0.0,1.2026100785399863e-51,0.9946958812591596,1.4920438218887395,1.5382192043894527,4.777377701393672,0.0,0.05,0.15405767236812593,2.4920438218887395
aed,0,2291,1,puzzle,2,1.0,0.0,1.1424795746129867e-51,0.9946964522547683,1.4920446783821526,1.5382383317594162,4.7757975777569985,0.0,0.05,0.15405767236812593,2.4920446783821526
aed,0,2292,1,puzzle,2,1.0,0.0,1.0853555958823383e-51,0.9946970228266269,1.4920455342399404,1.5382573677718188,4.7742514355113075,0.0,0.05,0.15405767236812593,2.4920455342399404
aed,0,2293,1,puzzle,2,1.0,0.0,1.0310878160882221e-51,0.9946975929752868,1.4920463894629301,1.5382763128802743,4.772738844573539,0.0,0.05,0.15405767236812593,2.49204638946293
aed,0,2294,1,puzzle,2,1.0,0.0,9.795334252838103e-52,0.9946981627012971,1.4920472440519457,1.5382951675361327,4.77125937961199,0.0,0.05,0.15405767236812593,2.4920472440519457
aed,0,2295,1,puzzle,2,1.0,0.0,9.305567540196196e-52,0.9946987320052066,1.49204809800781,1.538313932188491,4.769812619996552,0.0,0.05,0.15405767236812593,2.49204809800781
aed,0,2296,1,puzzle,2,1.0,0.0,8.840289163186386e-52,0.9946993008875639,1.4920489513313457,1.5383326072842054,4.768398149749446,0.0,0.05,0.15405767236812593,2.4920489513313457
aed,0,2297,1,puzzle,2,1.0,0.0,8.398274705027076e-52,0.9946998693489131,1.4920498040233696,1.538351193267901,4.767015557496483,0.0,0.05,0.15405767236812593,2.4920498040233694
aed,0,2298,1,puzzle,2,1.0,0.0,7.978360969775712e-52,0.9947004373898031,1.4920506560847047,1.538369690581985,4.765664436418799,0.0,0.05,0.15405767236812593,2.4920506560847047
aed,0,2299,1,puzzle,2,1.0,0.0,7.579442921286927e-52,0.9947010050107769,1.4920515075161653,1.538388099666656,4.764344384205102,0.0,0.05,0.15405767236812593,2.492051507516165
aed,0,2300,1,puzzle,2,1.0,0.0,7.200470775222581e-52,0.9947015722123782,1.4920523583185674,1.5384064209599155,4.763055003004399,0.0,0.05,0.15405767236812593,2.4920523583185674
aed,0,2301,1,puzzle,2,1.0,0.0,6.840447236461458e-52,0.9947021389951496,1.4920532084927243,1.5384246548975795,4.7617958993792096,0.0,0.05,0.15405767236812593,2.4920532084927243
aed,0,2302,1,puzzle,2,1.0,0.0,6.4984248746383634e-52,0.9947027053596331,1.4920540580394497,1.538442801913289,4.760566684259257,0.0,0.05,0.15405767236812593,2.4920540580394497
aed,0,2303,1,puzzle,2,1.0,0.0,6.173503630906456e-52,0.9947032713063702,1.4920549069595552,1.5384608624385203,4.75936697289563,0.0,0.05,0.15405767236812593,2.492054906959555
aed,0,2304,1,puzzle,2,1.0,0.0,5.8648284493611414e-52,0.9947038368358994,1.492055755253849,1.538478836902597,4.758196384815421,0.0,0.05,0.15405767236812593,2.492055755253849
aed,0,2305,1,puzzle,2,1.0,0.0,5.571587026893071e-52,0.9947044019487581,1.492056602923137,1.5384967257326998,4.75705454377683,0.0,0.05,0.15405767236812593,2.492056602923137
aed,0,2306,1,puzzle,2,1.0,0.0,5.293007675548424e-52,0.9947049666454865,1.4920574499682298,1.5385145293538773,4.755941077724709,0.0,0.05,0.15405767236812593,2.4920574499682298
aed,0,2307,1,puzzle,2,1.0,0.0,5.028357291770999e-52,0.9947055309266215,1.4920582963899323,1.5385322481890578,4.754855618746587,0.0,0.05,0.15405767236812593,2.4920582963899323
aed,0,2308,1,puzzle,2,1.0,0.0,4.776939427182451e-52,0.994706094792696,1.492059142189044,1.5385498826590578,4.753797803029135,0.0,0.05,0.15405767236812593,2.492059142189044
aed,0,2309,1,puzzle,2,1.0,0.0,4.538092455823325e-52,0.994706658244247,1.4920599873663705,1.5385674331825943,4.752767270815068,0.0,0.05,0.15405767236812593,2.4920599873663702
aed,0,2310,1,puzzle,2,1.0,0.0,4.3111878330321566e-52,0.9947072212818071,1.4920608319227107,1.5385849001762948,4.7517636663605005,0.0,0.05,0.15405767236812593,2.4920608319227107
aed,0,2311,1,puzzle,2,1.0,0.0,4.095628441380557e-52,0.9947077839059093,1.492061675858864,1.5386022840547076,4.750786637892738,0.0,0.05,0.15405767236812593,2.492061675858864
aed,0,2312,1,puzzle,2,1.0,0.0,3.890847019311521e-52,0.9947083461170863,1.4920625191756294,1.5386195852303122,4.749835837568494,0.0,0.05,0.15405767236812593,2.4920625191756294
aed,0,2313,1,puzzle,2,1.0,0.0,3.696304668345955e-52,0.994708907915869,1.4920633618738035,1.5386368041135297,4.748910921432535,0.0,0.05,0.15405767236812593,2.4920633618738037
aed,0,2314,1,puzzle,2,1.0,0.0,3.511489434928657e-52,0.9947094693027864,1.4920642039541796,1.538653941112733,4.748011549376763,0.0,0.05,0.15405767236812593,2.49206420395418
aed,0,2315,1,puzzle,2,1.0,0.0,3.3359149631822185e-52,0.9947100302783657,1.4920650454175486,1.5386709966342569,4.747137385099704,0.0,0.05,0.15405767236812593,2.4920650454175486
aed,0,2316,1,puzzle,2,1.0,0.0,3.1691192150231075e-52,0.9947105908431386,1.492065886264708,1.538687971082409,4.746288096066408,0.0,0.05,0.15405767236812593,2.492065886264708
aed,0,2317,1,puzzle,2,1.0,0.0,3.0106632542719486e-52,0.9947111509976299,1.4920667264964447,1.5387048648594794,4.745463353468779,0.0,0.05,0.15405767236812593,2.4920667264964447
aed,0,2318,1,puzzle,2,1.0,0.0,2.8601300915583488e-52,0.994711710742366,1.492067566113549,1.5387216783657498,4.744662832186291,0.0,0.05,0.15405767236812593,2.492067566113549
aed,0,2319,1,puzzle,2,1.0,0.0,2.717123586980436e-52,0.9947122700778709,1.4920684051168063,1.5387384119995051,4.743886210747127,0.0,0.05,0.15405767236812593,2.4920684051168065
aed,0,2320,1,puzzle,2,1.0,0.0,2.5812674076314143e-52,0.9947128290046708,1.4920692435070062,1.5387550661570426,4.743133171289692,0.0,0.05,0.15405767236812593,2.4920692435070064
aed,0,2321,1,puzzle,2,1.0,0.0,2.4522040372498412e-52,0.9947133875232871,1.4920700812849306,1.538771641232682,4.742403399524546,0.0,0.05,0.15405767236812593,2.492070081284931
aed,0,2322,1,puzzle,2,1.0,0.0,2.329593835387352e-52,0.9947139456342421,1.4920709184513632,1.5387881376187755,4.741696584696713,0.0,0.05,0.15405767236812593,2.492070918451363
aed,0,2323,1,puzzle,2,1.0,0.0,2.2131141436179836e-52,0.9947145033380583,1.4920717550070874,1.538804555705717,4.741012419548376,0.0,0.05,0.15405767236812593,2.492071755007087
aed,0,2324,1,puzzle,2,1.0,0.0,2.1024584364370874e-52,0.9947150606352546,1.492072590952882,1.538820895881953,4.740350600281964,0.0,0.05,0.15405767236812593,2.492072590952882
aed,0,2325,1,puzzle,2,1.0,0.0,1.99733551461523e-52,0.9947156175263511,1.4920734262895265,1.5388371585339908,4.739710826523609,0.0,0.05,0.15405767236812593,2.4920734262895268
aed,0,2326,1,puzzle,2,1.0,0.0,1.8974687388844695e-52,0.9947161740118661,1.492074261017799,1.5388533440464098,4.739092801286984,0.0,0.05,0.15405767236812593,2.492074261017799
aed,0,2327,1,puzzle,2,1.0,0.0,1.802595301940244e-52,0.9947167300923158,1.4920750951384736,1.53886945280187,4.7384962309375105,0.0,0.05,0.15405767236812593,2.492075095138474
aed,0,2328,1,puzzle,2,1.0,0.0,1.7124655368432326e-52,0.9947172857682197,1.4920759286523295,1.5388854851811224,4.7379208251569285,0.0,0.05,0.15405767236812593,2.4920759286523295
aed,0,2329,1,puzzle,2,1.0,0.0,1.6268422600010707e-52,0.9947178410400904,1.4920767615601356,1.5389014415630176,4.737366296908242,0.0,0.05,0.15405767236812593,2.492076761560136
aed,0,2330,1,puzzle,2,1.0,0.0,1.5455001470010195e-52,0.9947183959084437,1.4920775938626656,1.5389173223245158,4.736832362401009,0.0,0.05,0.15405767236812593,2.492077593862666
aed,0,2331,1,puzzle,2,1.0,0.0,1.4682251396509659e-52,0.9947189503737927,1.492078425560689,1.5389331278406966,4.736318741057007,0.0,0.05,0.15405767236812593,2.492078425560689
aed,0,2332,1,puzzle,2,1.0,0.0,1.3948138826684173e-52,0.9947195044366521,1.492079256654978,1.538948858484768,4.735825155476226,0.0,0.05,0.15405767236812593,2.492079256654978
aed,0,2333,1,puzzle,2,1.0,0.0,1.3250731885349983e-52,0.9947200580975312,1.4920800871462967,1.5389645146280755,4.735351331403242,0.0,0.05,0.15405767236812593,2.492080087146297
aed,0,2334,1,puzzle,2,1.0,0.0,1.2588195291082462e-52,0.9947206113569433,1.492080917035415,1.5389800966401124,4.734896997693907,0.0,0.05,0.15405767236812593,2.4920809170354152
aed,0,2335,1,puzzle,2,1.0,0.0,1.1958785526528361e-52,0.9947211642153965,1.4920817463230946,1.5389956048885272,4.7344618862824,0.0,0.05,0.15405767236812593,2.4920817463230946
aed,0,2336,1,puzzle,2,1.0,0.0,1.1360846250201931e-52,0.9947217166734016,1.4920825750101023,1.5390110397391352,4.7340457321486085,0.0,0.05,0.15405767236812593,2.4920825750101026
aed,0,2337,1,puzzle,0,1.0,0.0,1.0792803937691847e-52,0.9947757000175118,1.4921635500262678,1.5390268022905709,4.733568527091426,0.0,0.05,0.15405767236812593,2.4921635500262678
aed,0,2338,1,puzzle,2,1.0,0.0,1.0253163740807228e-52,0.9947762477254747,1.492164371588212,1.539042490137059,4.733110960369358,0.0,0.05,0.15405767236812593,2.492164371588212
aed,0,2339,1,puzzle,2,1.0,0.0,9.740505553766891e-53,0.9947767950369512,1.4921651925554267,1.5390581036491509,4.732672761859389,0.0,0.05,0.15405767236812593,2.4921651925554267
aed,0,2340,1,puzzle,2,1.0,0.0,9.253480276078547e-53,0.9947773419524427,1.492166012928664,1.5390736431955483,4.732253664507679,0.0,0.05,0.15405767236812593,2.492166012928664
aed,0,2341,1,puzzle,2,1.0,0.0,8.79080626227462e-53,0.9947778884724521,1.4921668327086781,1.5390891091431138,4.731853404297038,0.0,0.05,0.15405767236812593,2.492166832708678
aed,0,2342,1,puzzle,2,1.0,0.0,8.351265949160862e-53,0.9947784345974805,1.4921676518962208,1.5391045018568794,4.731471720214726,0.0,0.05,0.15405767236812593,2.492167651896221
aed,0,2343,1,puzzle,2,1.0,0.0,7.9337026517028335e-53,0.9947789803280266,1.49216847049204,1.5391198217000552,4.731108354220594,0.0,0.05,0.15405767236812593,2.49216847049204
aed,0,2344,1,puzzle,2,1.0,0.0,7.537017519117684e-53,0.994779525664591,1.4921692884968865,1.5391350690340393,4.730763051215542,0.0,0.05,0.15405767236812593,2.4921692884968865
aed,0,2345,1,puzzle,2,1.0,0.0,7.1601666431618165e-53,0.9947800706076702,1.4921701059115051,1.5391502442184266,4.730435559010308,0.0,0.05,0.15405767236812593,2.492170105911505
aed,0,2346,1,puzzle,2,1.0,0.0,6.802158311003714e-53,0.9947806151577635,1.4921709227366453,1.5391653476110176,4.730125628294578,0.0,0.05,0.15405767236812593,2.492170922736645
aed,0,2347,1,puzzle,2,1.0,0.0,6.462050395453527e-53,0.9947811593153657,1.4921717389730484,1.5391803795678278,4.729833012606411,0.0,0.05,0.15405767236812593,2.4921717389730484
aed,0,2348,1,puzzle,2,1.0,0.0,6.138947875680856e-53,0.9947817030809727,1.492172554621459,1.5391953404430958,4.729557468301984,0.0,0.05,0.15405767236812593,2.492172554621459
aed,0,2349,1,puzzle,0,1.0,0.0,5.832000481896809e-53,0.9948342194869297,1.4922513292303945,1.5392106203870324,4.729221184775602,0.0,0.05,0.15405767236812593,2.4922513292303945
aed,0,2350,1,puzzle,2,1.0,0.0,5.540400457801966e-53,0.9948347586697145,1.4922521380045717,1.53922582797512,4.728902662898395,0.0,0.05,0.15405767236812593,2.492252138004572
aed,0,2351,1,puzzle,2,1.0,0.0,5.263380434911864e-53,0.9948352974643111,1.4922529461964666,1.539240963566227,4.7286016536391715,0.0,0.05,0.15405767236812593,2.4922529461964666
aed,0,2352,1,puzzle,2,1.0,0.0,5.0002114131662785e-53,0.9948358358712098,1.4922537538068148,1.5392560275174298,4.728317910813395,0.0,0.05,0.15405767236812593,2.492253753806815
aed,0,2353,1,puzzle,2,1.0,0.0,4.750200842507966e-53,0.9948363738908987,1.492254560836348,1.5392710201840245,4.728051191052938,0.0,0.05,0.15405767236812593,2.492254560836348
aed,0,2354,1,puzzle,2,1.0,0.0,4.512690800382562e-53,0.994836911523864,1.492255367285796,1.5392859419195335,4.727801253776145,0.0,0.05,0.15405767236812593,2.492255367285796
aed,0,2355,1,puzzle,2,1.0,0.0,4.287056260363432e-53,0.9948374487705951,1.4922561731558925,1.5393007930757152,4.727567861158207,0.0,0.05,0.15405767236812593,2.4922561731558925
aed,0,2356,1,puzzle,2,1.0,0.0,4.0727034473452614e-53,0.9948379856315761,1.4922569784473643,1.5393155740025735,4.727350778101834,0.0,0.05,0.15405767236812593,2.4922569784473643
aed,0,2357,1,puzzle,2,1.0,0.0,3.8690682749779923e-53,0.994838522107294,1.492257783160941,1.5393302850483654,4.727149772208239,0.0,0.05,0.15405767236812593,2.492257783160941
aed,0,2358,1,puzzle,2,1.0,0.0,3.6756148612290987e-53,0.9948390581982298,1.4922585872973446,1.5393449265596104,4.7269646137484225,0.0,0.05,0.15405767236812593,2.4922585872973446
aed,0,2359,1,puzzle,2,1.0,0.0,3.4918341181676415e-53,0.9948395939048696,1.4922593908573045,1.5393594988810988,4.726795075634733,0.0,0.05,0.15405767236812593,2.4922593908573045
aed,0,2360,1,puzzle,2,1.0,0.0,3.3172424122592605e-53,0.9948401292276962,1.4922601938415443,1.539374002355901,4.726640933392742,0.0,0.05,0.15405767236812593,2.4922601938415445
aed,0,2361,1,puzzle,2,1.0,0.0,3.151380291646297e-53,0.9948406641671883,1.4922609962507825,1.5393884373253754,4.726501965133409,0.0,0.05,0.15405767236812593,2.4922609962507822
aed,0,2362,1,puzzle,2,1.0,0.0,2.9938112770639856e-53,0.9948411987238313,1.4922617980857469,1.5394028041291774,4.726377951525505,0.0,0.05,0.15405767236812593,2.492261798085747
aed,0,2363,1,puzzle,2,1.0,0.0,2.844120713210785e-53,0.9948417328981001,1.49226259934715,1.5394171031052672,4.726268675768367,0.0,0.05,0.15405767236812593,2.49226259934715
aed,0,2364,1,puzzle,2,1.0,0.0,2.701914677550248e-53,0.9948422666904777,1.4922634000357164,1.5394313345899193,4.726173923564886,0.0,0.05,0.15405767236812593,2.4922634000357164
aed,0,2365,1,puzzle,2,1.0,0.0,2.566818943672732e-53,0.9948428001014398,1.4922642001521598,1.5394454989177304,4.726093483094808,0.0,0.05,0.15405767236812593,2.4922642001521598
aed,0,2366,1,puzzle,2,1.0,0.0,2.438477996489097e-53,0.9948433331314657,1.4922649996971984,1.5394595964216278,4.726027144988289,0.0,0.05,0.15405767236812593,2.4922649996971984
aed,0,2367,1,puzzle,2,1.0,0.0,2.316554096664639e-53,0.9948438657810305,1.4922657986715457,1.5394736274328775,4.725974702299738,0.0,0.05,0.15405767236812593,2.4922657986715455
aed,0,2368,1,puzzle,2,1.0,0.0,2.200726391831407e-53,0.9948443980506104,1.4922665970759157,1.5394875922810929,4.725935950481918,0.0,0.05,0.15405767236812593,2.4922665970759157
aed,0,2369,1,puzzle,2,1.0,0.0,2.09069007223984e-53,0.9948449299406796,1.4922673949110195,1.5395014912942424,4.725910687360321,0.0,0.05,0.15405767236812593,2.4922673949110195
aed,0,2370,1,puzzle,2,1.0,0.0,1.9861555686278467e-53,0.9948454614517138,1.4922681921775707,1.539515324798659,4.7258987131078065,0.0,0.05,0.15405767236812593,2.492268192177571
aed,0,2371,1,puzzle,2,1.0,0.0,1.8868477901964525e-53,0.994845992584185,1.4922689888762775,1.5395290931190473,4.725899830219498,0.0,0.05,0.15405767236812593,2.4922689888762775
aed,0,2372,1,puzzle,2,1.0,0.0,1.7925054006866288e-53,0.9948465233385658,1.4922697850078488,1.5395427965784914,4.7259138434879455,0.0,0.05,0.15405767236812593,2.492269785007849
aed,0,2373,1,puzzle,2,1.0,0.0,1.7028801306522992e-53,0.9948470537153264,1.4922705805729897,1.5395564354984637,4.7259405599785405,0.0,0.05,0.15405767236812593,2.4922705805729897
aed,0,2374,1,puzzle,2,1.0,0.0,1.6177361241196852e-53,0.9948475837149399,1.4922713755724097,1.5395700101988334,4.725979789005179,0.0,0.05,0.15405767236812593,2.4922713755724097
aed,0,2375,1,puzzle,2,1.0,0.0,1.5368493179137004e-53,0.9948481133378737,1.4922721700068107,1.5395835209978732,4.7260313421061895,0.0,0.05,0.15405767236812593,2.4922721700068107
aed,0,2376,1,puzzle,2,1.0,0.0,1.4600068520180157e-53,0.9948486425845983,1.4922729638768975,1.5395969682122683,4.726095033020498,0.0,0.05,0.15405767236812593,2.4922729638768972
aed,0,2377,1,puzzle,2,1.0,0.0,1.3870065094171153e-53,0.9948491714555804,1.4922737571833706,1.5396103521571238,4.726170677664046,0.0,0.05,0.15405767236812593,2.4922737571833706
aed,0,2378,1,puzzle,2,1.0,0.0,1.31765618394626e-53,0.9948496999512887,1.492274549926933,1.539623673145973,4.726258094106446,0.0,0.05,0.15405767236812593,2.492274549926933
aed,0,2379,2,mastered,1,0.0,0.0,1.251773374748944e-53,0.9949017158352541,1.492352573752881,1.5396373176490075,4.726280257061508,0.0,0.05,0.15405767236812593,1.492352573752881
aed,0,2380,1,puzzle,1,0.0,0.0,1.189184706011498e-53,0.8921180901829951,1.3381771352744927,1.538880016737135,4.879720335953535,0.0,0.05,0.15405767236812593,1.3381771352744927
aed,0,2381,1,puzzle,2,1.0,0.0,1.1297254707109254e-53,0.9949022397627184,1.4923533596440777,1.5388973834516697,4.877467156401592,0.0,0.05,0.15405767236812593,2.4923533596440777
aed,0,2382,1,puzzle,2,1.0,0.0,1.0732391971753758e-53,0.9949027633186449,1.4923541449779674,1.5389146672593013,4.875253007118911,0.0,0.05,0.15405767236812593,2.492354144977967
aed,0,2383,1,puzzle,2,1.0,0.0,1.0195772373166101e-53,0.9949032865034927,1.492354929755239,1.538931868571781,4.873077415864263,0.0,0.05,0.15405767236812593,2.4923549297552388
aed,0,2384,1,puzzle,2,1.0,0.0,9.68598375450777e-54,0.9949038093177236,1.4923557139765853,1.538948987798805,4.87093991552784,0.0,0.05,0.15405767236812593,2.4923557139765853
aed,0,2385,1,puzzle,2,1.0,0.0,9.201684566782376e-54,0.9949043317617976,1.4923564976426964,1.5389660253480244,4.86884004407789,0.0,0.05,0.15405767236812593,2.4923564976426964
aed,0,2386,1,puzzle,2,1.0,0.0,8.741600338443268e-54,0.994904853836174,1.4923572807542609,1.5389829816250558,4.8667773445079066,0.0,0.05,0.15405767236812593,2.492357280754261
aed,0,2387,1,puzzle,2,1.0,0.0,8.304520321521099e-54,0.9949053755413098,1.4923580633119646,1.5389998570334904,4.864751364784354,0.0,0.05,0.15405767236812593,2.492358063311965
aed,0,2388,1,puzzle,2,1.0,0.0,7.889294305445058e-54,0.9949058968776633,1.4923588453164949,1.5390166519749053,4.8627616577949215,0.0,0.05,0.15405767236812593,2.492358845316495
aed,0,2389,1,puzzle,2,1.0,0.0,7.494829590172794e-54,0.9949064178456898,1.4923596267685346,1.5390333668488736,4.860807781297311,0.0,0.05,0.15405767236812593,2.4923596267685344
aed,0,2390,1,puzzle,2,1.0,0.0,7.120088110664156e-54,0.9949069384458484,1.4923604076687726,1.5390500020529732,4.858889297868538,0.0,0.05,0.15405767236812593,2.4923604076687726
aed,0,2391,1,puzzle,2,1.0,0.0,6.764083705130946e-54,0.99490745867859,1.492361188017885,1.5390665579827978,4.857005774854766,0.0,0.05,0.15405767236812593,2.492361188017885
aed,0,2392,1,puzzle,2,1.0,0.0,6.425879519874404e-54,0.9949079785443713,1.492361967816557,1.5390830350319666,4.855156784321628,0.0,0.05,0.15405767236812593,2.492361967816557
aed,0,2393,1,puzzle,2,1.0,0.0,6.104585543880683e-54,0.9949084980436461,1.4923627470654692,1.5390994335921342,4.853341903005076,0.0,0.05,0.15405767236812593,2.492362747065469
aed,0,2394,1,puzzle,2,1.0,0.0,5.799356266686653e-54,0.994909017176865,1.4923635257652974,1.539115754053,4.851560712262728,0.0,0.05,0.15405767236812593,2.492363525765297
aed,0,2395,2,mastered,1,0.0,0.0,5.509388453352316e-54,0.9949596157952055,1.4924394236928082,1.5391323724011992,4.849738053848492,0.0,0.05,0.15405767236812593,1.4924394236928082
aed,0,2396,1,puzzle,1,0.0,0.0,5.233919030684708e-54,0.8930623986380685,1.3395935979571028,1.5383846785289788,5.000031753881883,0.0,0.05,0.15405767236812593,1.3395935979571028
aed,0,2397,1,puzzle,2,1.0,0.0,4.9722230791504624e-54,0.9949601305312739,1.492440195796911,1.5384049561153186,4.995996196661472,0.0,0.05,0.15405767236812593,2.492440195796911
aed,0,2398,1,puzzle,2,1.0,0.0,4.723611925192943e-54,0.9949606449048621,1.4924409673572931,1.5384251361715284,4.992020403509092,0.0,0.05,0.15405767236812593,2.492440967357293
aed,0,2399,1,puzzle,2,1.0,0.0,4.487431328933293e-54,0.9949611589164158,1.4924417383746236,1.538445219182544,4.988103680281921,0.0,0.05,0.15405767236812593,2.4924417383746236
aed,0,2400,1,puzzle,2,1.0,0.0,4.263059762486624e-54,0.9949616725663818,1.4924425088495727,1.538465205630879,4.984245340260408,0.0,0.05,0.15405767236812593,2.4924425088495727
aed,0,2401,1,puzzle,2,1.0,0.0,4.049906774362293e-54,0.9949621858552049,1.4924432787828072,1.5384850959966385,4.980444704071635,0.0,0.05,0.15405767236812593,2.4924432787828072
aed,0,2402,1,puzzle,2,1.0,0.0,3.8474114356441774e-54,0.9949626987833312,1.4924440481749968,1.5385048907575303,4.976701099613452,0.0,0.05,0.15405767236812593,2.4924440481749968
aed,0,2403,1,puzzle,2,1.0,0.0,3.655040863861973e-54,0.9949632113512031,1.4924448170268048,1.5385245903888767,4.973013861979389,0.0,0.05,0.15405767236812593,2.4924448170268048
aed,0,2404,1,puzzle,2,1.0,0.0,3.4722888206688745e-54,0.9949637235592655,1.4924455853388983,1.5385441953636267,4.969382333384323,0.0,0.05,0.15405767236812593,2.4924455853388983
aed,0,2405,1,puzzle,2,1.0,0.0,3.298674379635433e-54,0.9949642354079602,1.4924463531119403,1.5385637061523683,4.965805863090908,0.0,0.05,0.15405767236812593,2.4924463531119403
aed,0,2406,1,puzzle,2,1.0,0.0,3.133740660653657e-54,0.9949647468977276,1.4924471203465914,1.5385831232233393,4.962283807336746,0.0,0.05,0.15405767236812593,2.4924471203465917
aed,0,2407,1,puzzle,2,1.0,0.0,2.977053627620972e-54,0.9949652580290109,1.4924478870435163,1.5386024470424402,4.958815529262303,0.0,0.05,0.15405767236812593,2.4924478870435163
aed,0,2408,1,puzzle,2,1.0,0.0,2.8282009462399305e-54,0.9949657688022472,1.4924486532033707,1.538621678073245,4.955400398839554,0.0,0.05,0.15405767236812593,2.492448653203371
aed,0,2409,1,puzzle,2,1.0,0.0,2.686790898927931e-54,0.9949662792178773,1.492449418826816,1.5386408167770127,4.952037792801355,0.0,0.05,0.15405767236812593,2.492449418826816
aed,0,2410,1,puzzle,2,1.0,0.0,2.5524513539815305e-54,0.9949667892763404,1.4924501839145106,1.5386598636127002,4.948727094571531,0.0,0.05,0.15405767236812593,2.4924501839145106
aed,0,2411,1,puzzle,2,1.0,0.0,2.4248287862824604e-54,0.9949672989780735,1.4924509484671102,1.5386788190369722,4.945467694195678,0.0,0.05,0.15405767236812593,2.49245094846711
aed,0,2412,1,puzzle,2,1.0,0.0,2.3035873469683314e-54,0.9949678083235133,1.4924517124852699,1.5386976835042139,4.942258988272665,0.0,0.05,0.15405767236812593,2.49245171248527
aed,0,2413,1,puzzle,2,1.0,0.0,2.188407979619918e-54,0.9949683173130965,1.4924524759696447,1.5387164574665408,4.939100379886835,0.0,0.05,0.15405767236812593,2.4924524759696447
aed,0,2414,1,puzzle,2,1.0,0.0,2.078987580638922e-54,0.9949688259472582,1.4924532389208873,1.5387351413738126,4.935991278540891,0.0,0.05,0.15405767236812593,2.4924532389208873
aed,0,2415,1,puzzle,2,1.0,0.0,1.9750382016069737e-54,0.9949693342264344,1.4924540013396517,1.5387537356736418,4.932931100089473,0.0,0.05,0.15405767236812593,2.4924540013396514
aed,0,2416,1,puzzle,2,1.0,0.0,1.8762862915266234e-54,0.9949698421510571,1.4924547632265857,1.5387722408114066,4.929919266673399,0.0,0.05,0.15405767236812593,2.4924547632265854
aed,0,2417,1,puzzle,2,1.0,0.0,1.7824719769502943e-54,0.9949703497215615,1.4924555245823423,1.5387906572302612,4.9269552066545845,0.0,0.05,0.15405767236812593,2.4924555245823425
aed,0,2418,1,puzzle,2,1.0,0.0,1.6933483781027806e-54,0.9949708569383793,1.492456285407569,1.5388089853711477,4.924038354551618,0.0,0.05,0.15405767236812593,2.492456285407569
aed,0,2419,1,puzzle,2,1.0,0.0,1.6086809591976406e-54,0.9949713638019401,1.49245704570291,1.5388272256728066,4.921168150975998,0.0,0.05,0.15405767236812593,2.49245704570291
aed,0,2420,1,puzzle,2,1.0,0.0,1.528246911237757e-54,0.9949718703126785,1.4924578054690179,1.5388453785717875,4.918344042569007,0.0,0.05,0.15405767236812593,2.4924578054690176
aed,0,2421,1,puzzle,2,1.0,0.0,1.4518345656758693e-54,0.9949723764710227,1.492458564706534,1.5388634445024612,4.915565481939245,0.0,0.05,0.15405767236812593,2.492458564706534
aed,0,2422,1,puzzle,2,1.0,0.0,1.3792428373920754e-54,0.9949728822774019,1.4924593234161028,1.5388814238970294,4.912831927600779,0.0,0.05,0.15405767236812593,2.492459323416103
aed,0,2423,1,puzzle,2,1.0,0.0,1.3102806955224714e-54,0.9949733877322466,1.49246008159837,1.538899317185536,4.910142843911937,0.0,0.05,0.15405767236812593,2.49246008159837
aed,0,2424,1,puzzle,2,1.0,0.0,1.2447666607463485e-54,0.9949738928359826,1.4924608392539738,1.5389171247958782,4.907497701014723,0.0,0.05,0.15405767236812593,2.4924608392539738
aed,0,2425,1,puzzle,2,1.0,0.0,1.1825283277090334e-54,0.9949743975890375,1.4924615963835564,1.5389348471538167,4.904895974774836,0.0,0.05,0.15405767236812593,2.4924615963835564
aed,0,2426,1,puzzle,2,1.0,0.0,1.1234019113235778e-54,0.9949749019918387,1.492462352987758,1.5389524846829865,4.902337146722315,0.0,0.05,0.15405767236812593,2.492462352987758
aed,0,2427,1,puzzle,2,1.0,0.0,1.0672318157574012e-54,0.9949754060448127,1.4924631090672191,1.5389700378049078,4.899820703992781,0.0,0.05,0.15405767236812593,2.492463109067219
aed,0,2428,2,mastered,1,0.0,0.0,1.0138702249695305e-54,0.9950245833203682,1.4925368749805523,1.5389878719907861,4.897273493963087,0.0,0.05,0.15405767236812593,1.4925368749805523
aed,0,2429,1,puzzle,1,0.0,0.0,9.63176713721055e-55,0.8939777897639174,1.340966684645876,1.5382477660540617,5.045581840431641,0.0,0.05,0.15405767236812593,1.340966684645876
aed,0,2430,1,puzzle,2,1.0,0.0,9.150178780350019e-55,0.9950250831881966,1.4925376247822948,1.538269215347703,5.040857612592733,0.0,0.05,0.15405767236812593,2.492537624782295
aed,0,2431,1,puzzle,0,1.0,0.0,8.692669841332504e-55,0.9950730131913984,1.4926095197870977,1.5382909168698997,5.036130433549608,0.0,0.05,0.15405767236812593,2.4926095197870977
aed,0,2432,1,puzzle,2,1.0,0.0,8.258036349265899e-55,0.9950735089883928,1.492610263482589,1.5383125136029632,5.031471379334485,0.0,0.05,0.15405767236812593,2.492610263482589
aed,0,2433,1,puzzle,2,1.0,0.0,7.845134531802604e-55,0.9950740044417458,1.4926110066626186,1.5383340060682613,5.026879664946783,0.0,0.05,0.15405767236812593,2.4926110066626186
aed,0,2434,1,puzzle,2,1.0,0.0,7.452877805212464e-55,0.9950744995518739,1.4926117493278108,1.5383553947845592,5.022354513754063,0.0,0.05,0.15405767236812593,2.4926117493278106
aed,0,2435,1,puzzle,2,1.0,0.0,7.08023391495183e-55,0.995074994319194,1.492612491478791,1.5383766802680303,5.017895157405762,0.0,0.05,0.15405767236812593,2.4926124914787913
aed,0,2436,1,puzzle,2,1.0,0.0,6.726222219204243e-55,0.9950754887441217,1.4926132331161825,1.5383978630322712,5.013500835747793,0.0,0.05,0.15405767236812593,2.4926132331161828
aed,0,2437,1,puzzle,2,1.0,0.0,6.3899111082440305e-55,0.9950759828270709,1.4926139742406064,1.5384189435883129,5.0091707967380215,0.0,0.05,0.15405767236812593,2.4926139742406064
aed,0,2438,1,puzzle,2,1.0,0.0,6.070415552831838e-55,0.9950764765684568,1.4926147148526852,1.5384399224446346,5.004904296362591,0.0,0.05,0.15405767236812593,2.492614714852685
aed,0,2439,1,puzzle,2,1.0,0.0,5.7668947751902475e-55,0.9950769699686934,1.4926154549530402,1.5384608001071767,5.0007005985531015,0.0,0.05,0.15405767236812593,2.4926154549530404
aed,0,2440,1,puzzle,2,1.0,0.0,5.478550036430733e-55,0.9950774630281936,1.4926161945422902,1.5384815770793523,4.996558975104632,0.0,0.05,0.15405767236812593,2.49261619454229
aed,0,2441,1,puzzle,2,1.0,0.0,5.204622534609187e-55,0.9950779557473681,1.4926169336210522,1.5385022538620607,4.9924787055945945,0.0,0.05,0.15405767236812593,2.4926169336210524
aed,0,2442,1,puzzle,2,1.0,0.0,4.9443914078787304e-55,0.9950784481266282,1.4926176721899422,1.5385228309537,4.988459077302407,0.0,0.05,0.15405767236812593,2.492617672189942
aed,0,2443,1,puzzle,2,1.0,0.0,4.6971718374848e-55,0.9950789401663854,1.492618410249578,1.5385433088501794,4.984499385129984,0.0,0.05,0.15405767236812593,2.492618410249578
aed,0,2444,1,puzzle,2,1.0,0.0,4.4623132456105504e-55,0.9950794318670503,1.4926191478005755,1.5385636880449314,4.980598931523041,0.0,0.05,0.15405767236812593,2.4926191478005757
aed,0,2445,1,puzzle,2,1.0,0.0,4.239197583330033e-55,0.9950799232290324,1.4926198848435486,1.5385839690289245,4.9767570263931855,0.0,0.05,0.15405767236812593,2.4926198848435486
aed,0,2446,1,puzzle,2,1.0,0.0,4.027237704163527e-55,0.9950804142527381,1.4926206213791071,1.5386041522906753,4.972972987040821,0.0,0.05,0.15405767236812593,2.492620621379107
aed,0,2447,1,puzzle,2,1.0,0.0,3.8258758189553495e-55,0.9950809049385764,1.4926213574078646,1.5386242383162614,4.969246138078809,0.0,0.05,0.15405767236812593,2.492621357407865
aed,0,2448,1,puzzle,2,1.0,0.0,3.634582028007587e-55,0.9950813952869546,1.492622092930432,1.5386442275893322,4.965575811356921,0.0,0.05,0.15405767236812593,2.492622092930432
aed,0,2449,2,mastered,1,0.0,0.0,3.452852926607207e-55,0.9951283541013687,1.492692531152053,1.5386644691071458,4.961891991198445,0.0,0.05,0.15405767236812593,1.492692531152053
aed,0,2450,1,puzzle,1,0.0,0.0,3.280210280276838e-55,0.8948656476593159,1.3422984714889739,1.537932639119055,5.107907238916542,0.0,0.05,0.15405767236812593,1.3422984714889739
aed,0,2451,1,puzzle,2,1.0,0.0,3.1161997662630016e-55,0.9951288404752535,1.4926932607128802,1.5379564422270242,5.102091348041521,0.0,0.05,0.15405767236812593,2.49269326071288
aed,0,2452,1,puzzle,2,1.0,0.0,2.960389777949852e-55,0.9951293265148379,1.4926939897722569,1.5379801299647504,5.0963565747535995,0.0,0.05,0.15405767236812593,2.492693989772257
aed,0,2453,1,puzzle,2,1.0,0.0,2.812370289052359e-55,0.9951298122205248,1.492694718330787,1.5380037029065805,5.090701993581857,0.0,0.05,0.15405767236812593,2.492694718330787
aed,0,2454,1,puzzle,2,1.0,0.0,2.6717517745997398e-55,0.9951302975927159,1.4926954463890738,1.5380271616239929,5.085126688880957,0.0,0.05,0.15405767236812593,2.4926954463890736
aed,0,2455,1,puzzle,2,1.0,0.0,2.538164185869751e-55,0.9951307826318107,1.492696173947716,1.5380505066856116,5.0796297547300435,0.0,0.05,0.15405767236812593,2.4926961739477163
aed,0,2456,1,puzzle,2,1.0,0.0,2.4112559765762606e-55,0.9951312673382109,1.4926969010073163,1.53807373865722,5.074210294832646,0.0,0.05,0.15405767236812593,2.4926969010073163
aed,0,2457,1,puzzle,2,1.0,0.0,2.2906931777474485e-55,0.9951317517123163,1.4926976275684745,1.5380968581017764,5.068867422417622,0.0,0.05,0.15405767236812593,2.4926976275684742
aed,0,2458,1,puzzle,2,1.0,0.0,2.1761585188600798e-55,0.9951322357545245,1.4926983536317868,1.5381198655794264,5.063600260141085,0.0,0.05,0.15405767236812593,2.492698353631787
aed,0,2459,1,puzzle,2,1.0,0.0,2.0673505929170738e-55,0.9951327194652347,1.492699079197852,1.5381427616475185,5.0584079399893405,0.0,0.05,0.15405767236812593,2.492699079197852
aed,0,2460,1,puzzle,2,1.0,0.0,1.9639830632712195e-55,0.9951332028448444,1.4926998042672666,1.5381655468606172,5.053289603182797,0.0,0.05,0.15405767236812593,2.4926998042672666
aed,0,2461,1,puzzle,2,1.0,0.0,1.8657839101076606e-55,0.9951336858937498,1.4927005288406248,1.5381882217705174,5.048244400080862,0.0,0.05,0.15405767236812593,2.4927005288406248
aed,0,2462,1,puzzle,2,1.0,0.0,1.7724947146022758e-55,0.9951341686123486,1.4927012529185228,1.5382107869262576,5.043271490087789,0.0,0.05,0.15405767236812593,2.492701252918523
aed,0,2463,2,mastered,1,0.0,0.0,1.683869978872161e-55,0.9951799252804692,1.4927698879207036,1.5382335824312299,5.038302469697437,0.0,0.05,0.15405767236812593,1.4927698879207036
aed,0,2464,1,puzzle,1,0.0,0.0,1.5996764799285531e-55,0.8957272701298838,1.3435909051948258,1.5375103690450478,5.181838908850684,0.0,0.05,0.15405767236812593,1.3435909051948258
aed,0,2465,1,puzzle,2,1.0,0.0,1.519692655932126e-55,0.995180404159895,1.4927706062398425,1.5375366702310218,5.174786583753357,0.0,0.05,0.15405767236812593,2.4927706062398425
aed,0,2466,1,puzzle,2,1.0,0.0,1.4437080231355197e-55,0.9951808827120514,1.492771324068077,1.537562843500207,5.167830237347953,0.0,0.05,0.15405767236812593,2.492771324068077
aed,0,2467,1,puzzle,2,1.0,0.0,1.3715226219787423e-55,0.9951813609373303,1.4927720414059955,1.537588889489736,5.160968783058214,0.0,0.05,0.15405767236812593,2.4927720414059955
aed,0,2468,1,puzzle,2,1.0,0.0,1.3029464908798052e-55,0.9951818388361228,1.492772758254184,1.5376148088335584,5.154201145807007,0.0,0.05,0.15405767236812593,2.4927727582541843
aed,0,2469,1,puzzle,2,1.0,0.0,1.2377991663358155e-55,0.9951823164088195,1.4927734746132293,1.537640602162457,5.1475262618981645,0.0,0.05,0.15405767236812593,2.4927734746132293
aed,0,2470,1,puzzle,2,1.0,0.0,1.1759092080190263e-55,0.9951827936558084,1.4927741904837126,1.5376662701040633,5.140943078899534,0.0,0.05,0.15405767236812593,2.4927741904837126
aed,0,2471,1,puzzle,2,1.0,0.0,1.1171137476180743e-55,0.9951832705774809,1.4927749058662214,1.537691813282874,5.1344505555271915,0.0,0.05,0.15405767236812593,2.4927749058662214
aed,0,2472,1,puzzle,2,1.0,0.0,1.0612580602371688e-55,0.9951837471742238,1.4927756207613356,1.5377172323202666,5.128047661530851,0.0,0.05,0.15405767236812593,2.4927756207613356
aed,0,2473,1,puzzle,2,1.0,0.0,1.0081951572253127e-55,0.9951842234464232,1.4927763351696348,1.5377425278345134,5.121733377580421,0.0,0.05,0.15405767236812593,2.492776335169635
aed,0,2474,1,puzzle,2,1.0,0.0,9.577853993640452e-56,0.9951846993944685,1.4927770490917027,1.5377677004407992,5.115506695153713,0.0,0.05,0.15405767236812593,2.4927770490917025
aed,0,2475,1,puzzle,2,1.0,0.0,9.09896129395844e-56,0.9951851750187467,1.49277776252812,1.537792750751236,5.109366616425292,0.0,0.05,0.15405767236812593,2.49277776252812
aed,0,2476,1,puzzle,2,1.0,0.0,8.644013229260506e-56,0.9951856503196399,1.4927784754794597,1.537817679374877,5.1033121541564554,0.0,0.05,0.15405767236812593,2.4927784754794597
aed,0,2477,1,puzzle,2,1.0,0.0,8.211812567797495e-56,0.9951861252975369,1.4927791879463053,1.537842486917734,5.0973423315863196,0.0,0.05,0.15405767236812593,2.4927791879463053
aed,0,2478,1,puzzle,2,1.0,0.0,7.8012219394076e-56,0.9951865999528186,1.4927798999292279,1.5378671739827914,5.09145618232402,0.0,0.05,0.15405767236812593,2.4927798999292277
aed,0,2479,1,puzzle,2,1.0,0.0,7.411160842437226e-56,0.9951870742858723,1.4927806114288085,1.5378917411700215,5.085652750241993,0.0,0.05,0.15405767236812593,2.4927806114288087
aed,0,2480,1,puzzle,2,1.0,0.0,7.040602800315367e-56,0.9951875482970776,1.4927813224456163,1.5379161890763995,5.079931089370356,0.0,0.05,0.15405767236812593,2.4927813224456163
aed,0,2481,1,puzzle,2,1.0,0.0,6.688572660299599e-56,0.9951880219868199,1.4927820329802297,1.5379405182959187,5.074290263792341,0.0,0.05,0.15405767236812593,2.4927820329802297
aed,0,2482,1,puzzle,2,1.0,0.0,6.354144027284619e-56,0.9951884953554775,1.4927827430332163,1.5379647294196053,5.068729347540807,0.0,0.05,0.15405767236812593,2.4927827430332163
aed,0,2483,1,puzzle,2,1.0,0.0,6.036436825920393e-56,0.9951889684034351,1.4927834526051527,1.537988823035533,5.0632474244957795,0.0,0.05,0.15405767236812593,2.4927834526051527
aed,0,2484,1,puzzle,2,1.0,0.0,5.734614984624374e-56,0.9951894411310724,1.4927841616966087,1.5380127997288384,5.057843588283051,0.0,0.05,0.15405767236812593,2.4927841616966084
aed,0,2485,1,puzzle,2,1.0,0.0,5.447884235393153e-56,0.995189913538767,1.4927848703081503,1.538036660081735,5.0525169421738045,0.0,0.05,0.15405767236812593,2.4927848703081503
aed,0,2486,1,puzzle,2,1.0,0.0,5.1754900236235e-56,0.9951903856268994,1.4927855784403492,1.538060404673528,5.047266598985245,0.0,0.05,0.15405767236812593,2.4927855784403494
aed,0,2487,1,puzzle,2,1.0,0.0,4.916715522442314e-56,0.9951908573958496,1.4927862860937744,1.5380840340806294,5.042091680982248,0.0,0.05,0.15405767236812593,2.492786286093774
aed,0,2488,1,puzzle,2,1.0,0.0,4.6708797463202035e-56,0.9951913288459934,1.4927869932689901,1.5381075488765712,5.036991319780006,0.0,0.05,0.15405767236812593,2.4927869932689903
aed,0,2489,1,puzzle,2,1.0,0.0,4.43733575900419e-56,0.9951917999777082,1.4927876999665624,1.538130949632021,5.0319646562476645,0.0,0.05,0.15405767236812593,2.4927876999665624
aed,0,2490,1,puzzle,2,1.0,0.0,4.215468971053982e-56,0.9951922707913726,1.4927884061870589,1.5381542369147962,5.027010840412926,0.0,0.05,0.15405767236812593,2.492788406187059
aed,0,2491,1,puzzle,2,1.0,0.0,4.004695522501289e-56,0.9951927412873606,1.4927891119310408,1.5381774112898774,5.022129031367633,0.0,0.05,0.15405767236812593,2.4927891119310406
aed,0,2492,1,puzzle,0,1.0,0.0,3.804460746376223e-56,0.9952375580087496,1.4928563370131243,1.5382008059184937,5.0172522099593255,0.0,0.05,0.15405767236812593,2.4928563370131243
aed,0,2493,1,puzzle,2,1.0,0.0,3.6142377090574135e-56,0.9952380247801494,1.492857037170224,1.5382240870747523,5.01244673776426,0.0,0.05,0.15405767236812593,2.492857037170224
aed,0,2494,1,puzzle,2,1.0,0.0,3.4335258236045334e-56,0.9952384912367801,1.49285773685517,1.5382472553236546,5.007711788855102,0.0,0.05,0.15405767236812593,2.49285773685517
aed,0,2495,1,puzzle,2,1.0,0.0,3.2618495324243114e-56,0.9952389573790149,1.4928584360685224,1.538270311227379,5.0030465461254074,0.0,0.05,0.15405767236812593,2.4928584360685226
aed,0,2496,1,puzzle,2,1.0,0.0,3.098757055803096e-56,0.9952394232072244,1.4928591348108364,1.5382932553452964,4.998450201198613,0.0,0.05,0.15405767236812593,2.4928591348108364
aed,0,2497,1,puzzle,2,1.0,0.0,2.9438192030129374e-56,0.9952398887217787,1.4928598330826681,1.538316088233983,4.993921954337942,0.0,0.05,0.15405767236812593,2.492859833082668
aed,0,2498,1,puzzle,2,1.0,0.0,2.796628242862294e-56,0.9952403539230483,1.4928605308845726,1.538338810447236,4.989461014357227,0.0,0.05,0.15405767236812593,2.4928605308845726
aed,0,2499,1,puzzle,2,1.0,0.0,2.65679683071918e-56,0.9952408188114028,1.4928612282171043,1.5383614225360853,4.985066598532636,0.0,0.05,0.15405767236812593,2.4928612282171043
aed,0,2500,1,puzzle,2,1.0,0.0,2.52395698918322e-56,0.9952412833872081,1.4928619250808122,1.538383925048809,4.980737932515305,0.0,0.05,0.15405767236812593,2.4928619250808124
aed,0,2501,1,puzzle,2,1.0,0.0,2.3977591397240577e-56,0.9952417476508357,1.4928626214762537,1.5384063185309462,4.976474250244845,0.0,0.05,0.15405767236812593,2.4928626214762537
aed,0,2502,1,puzzle,2,1.0,0.0,2.2778711827378562e-56,0.9952422116026497,1.4928633174039745,1.5384286035253114,4.9722747938637335,0.0,0.05,0.15405767236812593,2.4928633174039745
aed,0,2503,1,puzzle,2,1.0,0.0,2.16397762360096e-56,0.9952426752430197,1.4928640128645294,1.5384507805720076,4.968138813632574,0.0,0.05,0.15405767236812593,2.4928640128645294
aed,0,2504,1,puzzle,2,1.0,0.0,2.055778742420915e-56,0.9952431385723102,1.4928647078584651,1.53847285020844,4.964065567846224,0.0,0.05,0.15405767236812593,2.492864707858465
aed,0,2505,1,puzzle,2,1.0,0.0,1.9529898052998639e-56,0.9952436015908862,1.4928654023863293,1.5384948129693294,4.9600543227507625,0.0,0.05,0.15405767236812593,2.4928654023863293
aed,0,2506,1,puzzle,2,1.0,0.0,1.8553403150348747e-56,0.995244064299114,1.492866096448671,1.538516669386726,4.95610435246131,0.0,0.05,0.15405767236812593,2.492866096448671
aed,0,2507,1,puzzle,2,1.0,0.0,1.7625732992831324e-56,0.9952445266973562,1.4928667900460342,1.5385384199900227,4.952214938880685,0.0,0.05,0.15405767236812593,2.492866790046034
aed,0,2508,1,puzzle,2,1.0,0.0,1.6744446343189718e-56,0.9952449887859782,1.4928674831789674,1.5385600653059675,4.948385371618878,0.0,0.05,0.15405767236812593,2.4928674831789674
aed,0,2509,1,puzzle,2,1.0,0.0,1.5907224026030234e-56,0.9952454505653423,1.4928681758480136,1.5385816058586776,4.944614947913353,0.0,0.05,0.15405767236812593,2.4928681758480136
aed,0,2510,1,puzzle,2,1.0,0.0,1.5111862824728746e-56,0.9952459120358107,1.492868868053716,1.5386030421696528,4.940902972550155,0.0,0.05,0.15405767236812593,2.492868868053716
aed,0,2511,2,mastered,1,0.0,0.0,1.4356269683492285e-56,0.9952895878030518,1.4929343817045777,1.5386246988673276,4.937184259987403,0.0,0.05,0.15405767236812593,1.4929343817045777
aed,0,2512,1,puzzle,1,0.0,0.0,1.3638456199317692e-56,0.8965638749179088,1.3448458123768632,1.5379058044348752,5.080872409445542,0.0,0.05,0.15405767236812593,1.3448458123768632
aed,0,2513,2,mastered,1,0.0,0.0,1.29565333893518e-56,0.9953322258415965,1.4929983387623948,1.5379312671065126,5.074996613695204,0.0,0.05,0.15405767236812593,1.4929983387623948
aed,0,2514,1,puzzle,1,0.0,0.0,1.2308706719884201e-56,0.8973766054790067,1.3460649082185099,1.5372219353120726,5.215403674651814,0.0,0.05,0.15405767236812593,1.3460649082185099
aed,0,2515,1,puzzle,2,1.0,0.0,1.1693271383890008e-56,0.9953326805358813,1.492999020803822,1.5372508207395315,5.207501437841005,0.0,0.05,0.15405767236812593,2.492999020803822
aed,0,2516,1,puzzle,2,1.0,0.0,1.1108607814695496e-56,0.9953331349260435,1.4929997023890653,1.537279565147779,5.199706286221309,0.0,0.05,0.15405767236812593,2.4929997023890653
aed,0,2517,1,puzzle,2,1.0,0.0,1.0553177423960712e-56,0.995333589012441,1.4930003835186614,1.5373081692396335,5.192017009080068,0.0,0.05,0.15405767236812593,2.4930003835186616
aed,0,2518,1,puzzle,2,1.0,0.0,1.0025518552762666e-56,0.9953340427954285,1.4930010641931428,1.537336633714401,5.184432408510525,0.0,0.05,0.15405767236812593,2.493001064193143
aed,0,2519,1,puzzle,2,1.0,0.0,9.524242625124538e-57,0.9953344962753594,1.4930017444130392,1.5373649592678942,5.176951299280274,0.0,0.05,0.15405767236812593,2.4930017444130392
aed,0,2520,1,puzzle,2,1.0,0.0,9.048030493868313e-57,0.995334949452591,1.4930024241788866,1.537393146592449,5.169572508701034,0.0,0.05,0.15405767236812593,2.4930024241788864
aed,0,2521,2,mastered,1,0.0,0.0,8.595628969174899e-57,0.9953765710704258,1.4930648566056386,1.537421505142515,5.1622334321509,0.0,0.05,0.15405767236812593,1.4930648566056386
aed,0,2522,1,puzzle,1,0.0,0.0,8.165847520716154e-57,0.8981665363269237,1.3472498044903856,1.5367206466392545,5.300081939978259,0.0,0.05,0.15405767236812593,1.3472498044903856
aed,0,2523,1,puzzle,2,1.0,0.0,7.757555144680357e-57,0.9953770208501421,1.4930655312752132,1.5367523710624342,5.290767960365698,0.0,0.05,0.15405767236812593,2.4930655312752132
aed,0,2524,1,puzzle,2,1.0,0.0,7.369677387446332e-57,0.9953774703297943,1.4930662054946915,1.5367839402345955,5.281578015501944,0.0,0.05,0.15405767236812593,2.4930662054946913
aed,0,2525,1,puzzle,2,1.0,0.0,7.001193518074017e-57,0.9953779195097313,1.493066879264597,1.5368153549297454,5.272510711012073,0.0,0.05,0.15405767236812593,2.493066879264597
aed,0,2526,1,puzzle,2,1.0,0.0,6.651133842170307e-57,0.9953783683903026,1.4930675525854538,1.5368466159180239,5.263564667234522,0.0,0.05,0.15405767236812593,2.4930675525854538
aed,0,2527,1,puzzle,2,1.0,0.0,6.318577150061802e-57,0.9953788169718585,1.4930682254577876,1.5368777239657225,5.254738519070112,0.0,0.05,0.15405767236812593,2.4930682254577876
aed,0,2528,1,puzzle,2,1.0,0.0,6.0026482925587e-57,0.9953792652547484,1.4930688978821225,1.5369086798353044,5.246030915832593,0.0,0.05,0.15405767236812593,2.4930688978821225
aed,0,2529,1,puzzle,2,1.0,0.0,5.70251587793077e-57,0.9953797132393187,1.493069569858978,1.536939484285423,5.237440521100712,0.0,0.05,0.15405767236812593,2.493069569858978
aed,0,2530,1,puzzle,2,1.0,0.0,5.417390084034241e-57,0.995380160925917,1.4930702413888755,1.5369701380709402,5.228966012571769,0.0,0.05,0.15405767236812593,2.4930702413888755
aed,0,2531,1,puzzle,2,1.0,0.0,5.146520579832531e-57,0.9953806083148917,1.4930709124723376,1.5370006419429472,5.220606081916661,0.0,0.05,0.15405767236812593,2.4930709124723376
aed,0,2532,1,puzzle,2,1.0,0.0,4.889194550840898e-57,0.9953810554065874,1.493071583109881,1.5370309966487818,5.2123594346363955,0.0,0.05,0.15405767236812593,2.493071583109881
aed,0,2533,1,puzzle,2,1.0,0.0,4.6447348232988496e-57,0.9953815022013511,1.4930722533020266,1.537061202932048,5.204224789920053,0.0,0.05,0.15405767236812593,2.4930722533020266
aed,0,2534,1,puzzle,2,1.0,0.0,4.412498082133916e-57,0.9953819486995277,1.4930729230492914,1.5370912615326344,5.196200880504195,0.0,0.05,0.15405767236812593,2.4930729230492914
aed,0,2535,1,puzzle,2,1.0,0.0,4.191873178027216e-57,0.9953823949014611,1.4930735923521916,1.5371211731867322,5.188286452533694,0.0,0.05,0.15405767236812593,2.4930735923521916
aed,0,2536,2,mastered,1,0.0,0.0,3.9822795191258546e-57,0.9954230179088569,1.4931345268632854,1.537151239955115,5.180420301100186,0.0,0.05,0.15405767236812593,1.4931345268632854
aed,0,2537,1,puzzle,1,0.0,0.0,3.783165543169558e-57,0.8989346779711168,1.3484020169566753,1.536457493840123,5.3166715749726325,0.0,0.05,0.15405767236812593,1.3484020169566753
aed,0,2538,1,puzzle,2,1.0,0.0,3.594007266011076e-57,0.9954234608234427,1.493135191235164,1.5364908823270982,5.30686055031484,0.0,0.05,0.15405767236812593,2.4931351912351642
aed,0,2539,1,puzzle,2,1.0,0.0,3.4143069027105274e-57,0.9954239034443239,1.4931358551664857,1.5365241071912952,5.297180196836501,0.0,0.05,0.15405767236812593,2.4931358551664857
aed,0,2540,1,puzzle,2,1.0,0.0,3.243591557575004e-57,0.995424345771841,1.4931365186577614,1.5365571692486275,5.287629045459002,0.0,0.05,0.15405767236812593,2.4931365186577614
aed,0,2541,1,puzzle,2,1.0,0.0,3.081411979696247e-57,0.9954247878063349,1.4931371817095025,1.536590069310932,5.278205642605842,0.0,0.05,0.15405767236812593,2.4931371817095025
aed,0,2542,1,puzzle,2,1.0,0.0,2.927341380711436e-57,0.9954252295481439,1.4931378443222159,1.5366228081859885,5.268908550043557,0.0,0.05,0.15405767236812593,2.4931378443222156
aed,0,2543,1,puzzle,2,1.0,0.0,2.780974311675866e-57,0.9954256709976081,1.4931385064964122,1.5366553866775405,5.259736344724249,0.0,0.05,0.15405767236812593,2.493138506496412
aed,0,2544,1,puzzle,2,1.0,0.0,2.6419255960920716e-57,0.9954261121550658,1.4931391682325987,1.5366878055853157,5.2506876186297236,0.0,0.05,0.15405767236812593,2.4931391682325987
aed,0,2545,1,puzzle,2,1.0,0.0,2.5098293162874657e-57,0.9954265530208558,1.4931398295312837,1.5367200657050457,5.241760978617188,0.0,0.05,0.15405767236812593,2.493139829531284
aed,0,2546,1,puzzle,2,1.0,0.0,2.3843378504730915e-57,0.9954269935953158,1.4931404903929737,1.5367521678284854,5.232955046266528,0.0,0.05,0.15405767236812593,2.4931404903929737
aed,0,2547,1,puzzle,2,1.0,0.0,2.2651209579494433e-57,0.9954274338787815,1.4931411508181722,1.5367841127434338,5.224268457729124,0.0,0.05,0.15405767236812593,2.4931411508181722
aed,0,2548,1,puzzle,2,1.0,0.0,2.1518649100519716e-57,0.995427873871589,1.4931418108073835,1.5368159012337534,5.215699863578203,0.0,0.05,0.15405767236812593,2.4931418108073835
aed,0,2549,1,puzzle,2,1.0,0.0,2.0442716645493676e-57,0.9954283135740761,1.4931424703611142,1.5368475340793903,5.2072479286606965,0.0,0.05,0.15405767236812593,2.4931424703611142
aed,0,2550,1,puzzle,2,1.0,0.0,1.9420580813219024e-57,0.9954287529865767,1.4931431294798652,1.5368790120563929,5.198911331950617,0.0,0.05,0.15405767236812593,2.493143129479865
aed,0,2551,1,puzzle,2,1.0,0.0,1.8449551772558057e-57,0.9954291921094252,1.4931437881641378,1.5369103359369316,5.1906887664039045,0.0,0.05,0.15405767236812593,2.493143788164138
aed,0,2552,1,puzzle,2,1.0,0.0,1.752707418393016e-57,0.9954296309429568,1.4931444464144352,1.536941506489319,5.18257893881475,0.0,0.05,0.15405767236812593,2.4931444464144352
aed,0,2553,1,puzzle,2,1.0,0.0,1.665072047473364e-57,0.9954300694875049,1.4931451042312573,1.5369725244780288,5.174580569673374,0.0,0.05,0.15405767236812593,2.4931451042312576
aed,0,2554,1,puzzle,2,1.0,0.0,1.581818445099695e-57,0.9954305077434027,1.493145761615104,1.5370033906637142,5.166692393025251,0.0,0.05,0.15405767236812593,2.493145761615104
aed,0,2555,1,puzzle,2,1.0,0.0,1.502727522844712e-57,0.9954309457109819,1.493146418566473,1.537034105803228,5.158913156331754,0.0,0.05,0.15405767236812593,2.493146418566473
aed,0,2556,1,puzzle,2,1.0,0.0,1.4275911467024774e-57,0.9954313833905754,1.493147075085863,1.5370646706496411,5.151241620332215,0.0,0.05,0.15405767236812593,2.4931470750858633
aed,0,2557,1,puzzle,2,1.0,0.0,1.3562115893673535e-57,0.9954318207825141,1.4931477311737713,1.5370950859522619,5.143676558907383,0.0,0.05,0.15405767236812593,2.4931477311737713
aed,0,2558,1,puzzle,2,1.0,0.0,1.2884010098989851e-57,0.9954322578871305,1.4931483868306958,1.537125352456654,5.136216758944267,0.0,0.05,0.15405767236812593,2.493148386830696
aed,0,2559,1,puzzle,2,1.0,0.0,1.2239809594040339e-57,0.9954326947047517,1.4931490420571276,1.5371554709046562,5.128861020202352,0.0,0.05,0.15405767236812593,2.4931490420571274
aed,0,2560,1,puzzle,2,1.0,0.0,1.1627819114338313e-57,0.9954331312357104,1.4931496968535656,1.5371854420344007,5.121608155181164,0.0,0.05,0.15405767236812593,2.493149696853566
aed,0,2561,1,puzzle,2,1.0,0.0,1.1046428158621404e-57,0.9954335674803351,1.4931503512205027,1.5372152665803311,5.114456988989181,0.0,0.05,0.15405767236812593,2.4931503512205024
aed,0,2562,1,puzzle,2,1.0,0.0,1.0494106750690331e-57,0.9954340034389543,1.4931510051584314,1.5372449452732218,5.10740635921408,0.0,0.05,0.15405767236812593,2.493151005158431
aed,0,2563,1,puzzle,2,1.0,0.0,9.969401413155821e-58,0.9954344391118956,1.4931516586678433,1.5372744788401949,5.10045511579429,0.0,0.05,0.15405767236812593,2.493151658667843
aed,0,2564,1,puzzle,2,1.0,0.0,9.470931342498026e-58,0.9954348744994892,1.4931523117492338,1.53730386800474,5.093602120891853,0.0,0.05,0.15405767236812593,2.493152311749234
aed,0,2565,1,puzzle,2,1.0,0.0,8.99738477537312e-58,0.9954353096020584,1.4931529644030876,1.5373331134867319,5.086846248766578,0.0,0.05,0.15405767236812593,2.4931529644030874
aed,0,2566,1,puzzle,2,1.0,0.0,8.547515536604467e-58,0.9954357444199337,1.4931536166299004,1.5373622160024478,5.08018638565146,0.0,0.05,0.15405767236812593,2.4931536166299004
aed,0,2567,1,puzzle,2,1.0,0.0,8.120139759774257e-58,0.9954361789534387,1.4931542684301582,1.5373911762645864,5.073621429629373,0.0,0.05,0.15405767236812593,2.493154268430158
aed,0,2568,1,puzzle,2,1.0,0.0,7.714132771785527e-58,0.9954366132029001,1.4931549198043501,1.537419994982285,5.067150290511014,0.0,0.05,0.15405767236812593,2.49315491980435
aed,0,2569,1,puzzle,2,1.0,0.0,7.32842613319625e-58,0.9954370471686418,1.4931555707529627,1.5374486728611385,5.06077188971408,0.0,0.05,0.15405767236812593,2.493155570752963
aed,0,2570,1,puzzle,2,1.0,0.0,6.962004826536455e-58,0.9954374808509897,1.4931562212764846,1.5374772106032153,5.0544851601436696,0.0,0.05,0.15405767236812593,2.4931562212764846
aed,0,2571,1,puzzle,2,1.0,0.0,6.613904585209623e-58,0.9954379142502658,1.4931568713753989,1.5375056089070762,5.04828904607391,0.0,0.05,0.15405767236812593,2.493156871375399
aed,0,2572,1,puzzle,2,1.0,0.0,6.283209355949151e-58,0.995438347366796,1.4931575210501942,1.537533868467792,5.042182503030768,0.0,0.05,0.15405767236812593,2.493157521050194
aed,0,2573,1,puzzle,2,1.0,0.0,5.969048888151683e-58,0.9954387802009015,1.4931581703013523,1.5375619899769597,5.036164497676067,0.0,0.05,0.15405767236812593,2.4931581703013523
aed,0,2574,1,puzzle,2,1.0,0.0,5.670596443744096e-58,0.9954392127529065,1.4931588191293597,1.5375899741227217,5.030234007692668,0.0,0.05,0.15405767236812593,2.4931588191293597
aed,0,2575,1,puzzle,2,1.0,0.0,5.387066621556891e-58,0.995439645023131,1.4931594675346964,1.5376178215897816,5.024390021670826,0.0,0.05,0.15405767236812593,2.4931594675346966
aed,0,2576,1,puzzle,2,1.0,0.0,5.117713290479052e-58,0.9954400770118964,1.4931601155178447,1.5376455330594219,5.018631538995695,0.0,0.05,0.15405767236812593,2.4931601155178447
aed,0,2577,1,puzzle,2,1.0,0.0,4.861827625955095e-58,0.9954405087195244,1.4931607630792865,1.5376731092095213,5.012957569735973,0.0,0.05,0.15405767236812593,2.4931607630792865
aed,0,2578,1,puzzle,2,1.0,0.0,4.618736244657341e-58,0.995440940146334,1.493161410219501,1.5377005507145711,5.007367134533683,0.0,0.05,0.15405767236812593,2.4931614102195008
aed,0,2579,1,puzzle,2,1.0,0.0,4.3877994324244725e-58,0.9954413712926472,1.4931620569389707,1.5377278582456932,5.001859264495069,0.0,0.05,0.15405767236812593,2.4931620569389707
aed,0,2580,1,puzzle,2,1.0,0.0,4.1684094608032444e-58,0.995441802158782,1.493162703238173,1.5377550324706557,4.996433001082601,0.0,0.05,0.15405767236812593,2.493162703238173
aed,0,2581,1,puzzle,2,1.0,0.0,3.9599889877630895e-58,0.995442232745057,1.4931633491175855,1.5377820740538903,4.99108739600808,0.0,0.05,0.15405767236812593,2.4931633491175855
aed,0,2582,1,puzzle,2,1.0,0.0,3.761989538374933e-58,0.9954426630517912,1.493163994577687,1.5378089836565094,4.985821511126821,0.0,0.05,0.15405767236812593,2.493163994577687
aed,0,2583,1,puzzle,2,1.0,0.0,3.573890061456185e-58,0.9954430930793008,1.4931646396189513,1.5378357619363217,4.980634418332924,0.0,0.05,0.15405767236812593,2.4931646396189513
aed,0,2584,1,puzzle,2,1.0,0.0,3.3951955583833786e-58,0.9954435228279045,1.4931652842418568,1.5378624095478493,4.975525199455587,0.0,0.05,0.15405767236812593,2.493165284241857
aed,0,2585,1,puzzle,2,1.0,0.0,3.225435780464206e-58,0.9954439522979187,1.4931659284468781,1.5378889271423444,4.970492946156497,0.0,0.05,0.15405767236812593,2.493165928446878
aed,0,2586,1,puzzle,2,1.0,0.0,3.0641639914409948e-58,0.9954443814896593,1.493166572234489,1.5379153153678051,4.9655367598282485,0.0,0.05,0.15405767236812593,2.4931665722344887
aed,0,2587,1,puzzle,2,1.0,0.0,2.9109557918689433e-58,0.9954448104034415,1.4931672156051623,1.5379415748689917,4.960655751493795,0.0,0.05,0.15405767236812593,2.4931672156051623
aed,0,2588,1,puzzle,2,1.0,0.0,2.7654080022754984e-58,0.9954452390395818,1.4931678585593726,1.5379677062874437,4.955849041706928,0.0,0.05,0.15405767236812593,2.4931678585593726
aed,0,2589,1,puzzle,2,1.0,0.0,2.627137602161727e-58,0.9954456673983946,1.493168501097592,1.5379937102614945,4.951115760453762,0.0,0.05,0.15405767236812593,2.4931685010975917
aed,0,2590,1,puzzle,2,1.0,0.0,2.4957807220536397e-58,0.9954460954801927,1.493169143220289,1.5380195874262883,4.946455047055224,0.0,0.05,0.15405767236812593,2.493169143220289
aed,0,2591,1,puzzle,2,1.0,0.0,2.3709916859509563e-58,0.9954465232852912,1.4931697849279368,1.5380453384137966,4.941866050070532,0.0,0.05,0.15405767236812593,2.493169784927937
aed,0,2592,1,puzzle,2,1.0,0.0,2.2524421016534085e-58,0.9954469508140017,1.4931704262210026,1.5380709638528327,4.937347927201657,0.0,0.05,0.15405767236812593,2.4931704262210026
aed,0,2593,1,puzzle,2,1.0,0.0,2.1398199965707375e-58,0.9954473780666382,1.4931710670999574,1.5380964643690684,4.932899845198751,0.0,0.05,0.15405767236812593,2.4931710670999574
aed,0,2594,1,puzzle,2,1.0,0.0,2.0328289967422035e-58,0.995447805043513,1.4931717075652695,1.5381218405850496,4.928520979766543,0.0,0.05,0.15405767236812593,2.4931717075652697
aed,0,2595,1,puzzle,2,1.0,0.0,1.931187546905092e-58,0.995448231744937,1.4931723476174055,1.5381470931202113,4.9242105154716835,0.0,0.05,0.15405767236812593,2.4931723476174055
aed,0,2596,1,puzzle,2,1.0,0.0,1.834628169559838e-58,0.9954486581712204,1.4931729872568307,1.5381722225908945,4.919967645651031,0.0,0.05,0.15405767236812593,2.4931729872568305
aed,0,2597,1,puzzle,2,1.0,0.0,1.7428967610818445e-58,0.9954490843226771,1.4931736264840156,1.53819722961036,4.915791572320865,0.0,0.05,0.15405767236812593,2.4931736264840154
aed,0,2598,1,puzzle,2,1.0,0.0,1.6557519230277526e-58,0.9954495101996138,1.4931742652994207,1.5382221147888053,4.911681506087041,0.0,0.05,0.15405767236812593,2.4931742652994204
aed,0,2599,1,puzzle,2,1.0,0.0,1.5729643268763635e-58,0.9954499358023413,1.493174903703512,1.538246878733379,4.907636666056038,0.0,0.05,0.15405767236812593,2.493174903703512
aed,0,2600,1,puzzle,2,1.0,0.0,1.4943161105325456e-58,0.9954503611311688,1.4931755416967532,1.5382715220481957,4.9036562797469205,0.0,0.05,0.15405767236812593,2.493175541696753
aed,0,2601,1,puzzle,2,1.0,0.0,1.4196003050059206e-58,0.9954507861864054,1.493176179279608,1.5382960453343528,4.899739583004196,0.0,0.05,0.15405767236812593,2.493176179279608
aed,0,2602,1,puzzle,2,1.0,0.0,1.3486202897556249e-58,0.9954512109683593,1.493176816452539,1.5383204491899438,4.89588581991156,0.0,0.05,0.15405767236812593,2.493176816452539
aed,0,2603,1,puzzle,2,1.0,0.0,1.2811892752678408e-58,0.9954516354773367,1.4931774532160051,1.538344734210074,4.892094242706513,0.0,0.05,0.15405767236812593,2.4931774532160054
aed,0,2604,1,puzzle,2,1.0,0.0,1.2171298115044496e-58,0.9954520597136467,1.49317808957047,1.538368900986876,4.888364111695854,0.0,0.05,0.15405767236812593,2.49317808957047
aed,0,2605,1,puzzle,2,1.0,0.0,1.1562733209292273e-58,0.9954524836775943,1.4931787255163915,1.5383929501095235,4.884694695172027,0.0,0.05,0.15405767236812593,2.4931787255163913
aed,0,2606,1,puzzle,2,1.0,0.0,1.0984596548827648e-58,0.9954529073694873,1.493179361054231,1.538416882164247,4.881085269330323,0.0,0.05,0.15405767236812593,2.493179361054231
aed,0,2607,1,puzzle,2,1.0,0.0,1.0435366721386263e-58,0.9954533307896304,1.4931799961844456,1.538440697734348,4.877535118186922,0.0,0.05,0.15405767236812593,2.4931799961844456
aed,0,2608,1,puzzle,2,1.0,0.0,9.91359838531696e-59,0.9954537539383287,1.493180630907493,1.538464397400214,4.874043533497774,0.0,0.05,0.15405767236812593,2.493180630907493
aed,0,2609,1,puzzle,2,1.0,0.0,9.417918466051111e-59,0.9954541768158871,1.4931812652238308,1.538487981739332,4.870609814678298,0.0,0.05,0.15405767236812593,2.4931812652238308
aed,0,2610,1,puzzle,2,1.0,0.0,8.947022542748543e-59,0.9954545994226106,1.4931818991339159,1.5385114513263047,4.867233268723904,0.0,0.05,0.15405767236812593,2.4931818991339156
aed,0,2611,2,mastered,1,0.0,0.0,8.499671415611124e-59,0.9954940913736653,1.4932411370604979,1.5385350997549758,4.863854898731143,0.0,0.05,0.15405767236812593,1.4932411370604979
aed,0,2612,1,puzzle,1,0.0,0.0,8.074687844830575e-59,0.8996819814733379,1.3495229722100068,1.537840039117251,5.003533416651075,0.0,0.05,0.15405767236812593,1.3495229722100068
aed,0,2613,1,puzzle,2,1.0,0.0,7.670953452589035e-59,0.9954945109202902,1.4932417663804354,1.537867047753567,4.9981233638576965,0.0,0.05,0.15405767236812593,2.4932417663804354
aed,0,2614,1,puzzle,2,1.0,0.0,7.287405779959571e-59,0.9954949301983496,1.4932423952975244,1.5378939244912868,4.992793659412882,0.0,0.05,0.15405767236812593,2.4932423952975244
aed,0,2615,1,puzzle,2,1.0,0.0,6.923035490961609e-59,0.9954953492081454,1.493243023812218,1.5379206699878916,4.987543368994427,0.0,0.05,0.15405767236812593,2.493243023812218
aed,0,2616,1,puzzle,2,1.0,0.0,6.576883716413517e-59,0.9954957679499764,1.4932436519249646,1.5379472848975768,4.982371568277094,0.0,0.05,0.15405767236812593,2.4932436519249643
aed,0,2617,1,puzzle,2,1.0,0.0,6.248039530592841e-59,0.9954961864241437,1.4932442796362155,1.53797376987127,4.977277342829378,0.0,0.05,0.15405767236812593,2.4932442796362153
aed,0,2618,1,puzzle,2,1.0,0.0,5.9356375540632065e-59,0.9954966046309479,1.4932449069464218,1.5380001255566458,4.972259788011309,0.0,0.05,0.15405767236812593,2.4932449069464218
aed,0,2619,1,puzzle,2,1.0,0.0,5.638855676360044e-59,0.9954970225706871,1.4932455338560306,1.5380263525981426,4.967318008873307,0.0,0.05,0.15405767236812593,2.4932455338560304
aed,0,2620,1,puzzle,2,1.0,0.0,5.356912892542047e-59,0.9954974402436594,1.493246160365489,1.5380524516369793,4.962451120056064,0.0,0.05,0.15405767236812593,2.493246160365489
aed,0,2621,1,puzzle,2,1.0,0.0,5.089067247914942e-59,0.9954978576501627,1.4932467864752441,1.5380784233111708,4.95765824569143,0.0,0.05,0.15405767236812593,2.493246786475244
aed,0,2622,1,puzzle,2,1.0,0.0,4.83461388551919e-59,0.9954982747904959,1.493247412185744,1.5381042682555437,4.952938519304315,0.0,0.05,0.15405767236812593,2.493247412185744
aed,0,2623,1,puzzle,2,1.0,0.0,4.592883191243227e-59,0.9954986916649562,1.4932480374974344,1.538129987101753,4.94829108371559,0.0,0.05,0.15405767236812593,2.4932480374974344
aed,0,2624,1,puzzle,0,1.0,0.0,4.363239031681068e-59,0.9955383532397848,1.4933075298596772,1.5381558748155426,4.9436565178343,0.0,0.05,0.15405767236812593,2.493307529859677
aed,0,2625,1,puzzle,2,1.0,0.0,4.14507708009702e-59,0.9955387669449458,1.4933081504174188,1.538181636193552,4.9390934384320895,0.0,0.05,0.15405767236812593,2.493308150417419
aed,0,2626,1,puzzle,2,1.0,0.0,3.9378232260921708e-59,0.9955391803865741,1.4933087705798611,1.5382072718654836,4.934601005333391,0.0,0.05,0.15405767236812593,2.493308770579861
aed,0,2627,1,puzzle,2,1.0,0.0,3.740932064787551e-59,0.9955395935649648,1.4933093903474473,1.5382327824578934,4.930178387390503,0.0,0.05,0.15405767236812593,2.4933093903474473
aed,0,2628,1,puzzle,2,1.0,0.0,3.5538854615481797e-59,0.9955400064804093,1.493310009720614,1.538258168594207,4.925824762390191,0.0,0.05,0.15405767236812593,2.493310009720614
aed,0,2629,1,puzzle,2,1.0,0.0,3.37619118847077e-59,0.9955404191332018,1.4933106286998026,1.5382834308947348,4.921539316961222,0.0,0.05,0.15405767236812593,2.4933106286998026
aed,0,2630,1,puzzle,2,1.0,0.0,3.207381629047231e-59,0.9955408315236339,1.4933112472854508,1.5383085699766885,4.917321246482847,0.0,0.05,0.15405767236812593,2.493311247285451
aed,0,2631,1,puzzle,2,1.0,0.0,3.0470125475948682e-59,0.9955412436519978,1.4933118654779967,1.538333586454195,4.913169754994216,0.0,0.05,0.15405767236812593,2.4933118654779967
aed,0,2632,1,puzzle,2,1.0,0.0,2.894661920215122e-59,0.9955416555185865,1.49331248327788,1.5383584809383133,4.9090840551047075,0.0,0.05,0.15405767236812593,2.49331248327788
aed,0,2633,1,puzzle,2,1.0,0.0,2.7499288242043687e-59,0.9955420671236892,1.4933131006855338,1.5383832540370492,4.905063367905176,0.0,0.05,0.15405767236812593,2.493313100685534
aed,0,2634,1,puzzle,2,1.0,0.0,2.612432382994149e-59,0.9955424784675979,1.4933137177013969,1.5384079063553708,4.901106922880098,0.0,0.05,0.15405767236812593,2.4933137177013966
aed,0,2635,1,puzzle,2,1.0,0.0,2.4818107638444407e-59,0.9955428895506021,1.4933143343259032,1.5384324384952235,4.897213957820618,0.0,0.05,0.15405767236812593,2.493314334325903
aed,0,2636,1,puzzle,2,1.0,0.0,2.3577202256522172e-59,0.9955433003729924,1.4933149505594887,1.538456851055545,4.893383718738469,0.0,0.05,0.15405767236812593,2.4933149505594887
aed,0,2637,1,puzzle,2,1.0,0.0,2.2398342143696064e-59,0.9955437109350567,1.493315566402585,1.5384811446322801,4.889615459780779,0.0,0.05,0.15405767236812593,2.4933155664025852
aed,0,2638,1,puzzle,2,1.0,0.0,2.12784250365113e-59,0.9955441212370839,1.4933161818556258,1.5385053198183969,4.885908443145743,0.0,0.05,0.15405767236812593,2.4933161818556258
aed,0,2639,1,puzzle,2,1.0,0.0,2.0214503784685717e-59,0.9955445312793638,1.4933167969190457,1.5385293772039002,4.8822619389991395,0.0,0.05,0.15405767236812593,2.4933167969190455
aed,0,2640,1,puzzle,2,1.0,0.0,1.920377859545146e-59,0.9955449410621835,1.4933174115932752,1.538553317375847,4.87867522539172,0.0,0.05,0.15405767236812593,2.4933174115932752
aed,0,2641,1,puzzle,2,1.0,0.0,1.8243589665678883e-59,0.9955453505858298,1.4933180258787448,1.5385771409183615,4.875147588177419,0.0,0.05,0.15405767236812593,2.493318025878745
aed,0,2642,1,puzzle,2,1.0,0.0,1.7331410182394896e-59,0.9955457598505901,1.493318639775885,1.538600848412649,4.871678320932409,0.0,0.05,0.15405767236812593,2.493318639775885
aed,0,2643,1,puzzle,2,1.0,0.0,1.6464839673275176e-59,0.9955461688567523,1.4933192532851285,1.5386244404370113,4.868266724874967,0.0,0.05,0.15405767236812593,2.4933192532851285
aed,0,2644,1,puzzle,2,1.0,0.0,1.564159768961143e-59,0.9955465776046005,1.4933198664069007,1.5386479175668606,4.864912108786177,0.0,0.05,0.15405767236812593,2.4933198664069005
aed,0,2645,1,puzzle,2,1.0,0.0,1.4859517805130839e-59,0.9955469860944217,1.4933204791416326,1.5386712803747344,4.861613788931417,0.0,0.05,0.15405767236812593,2.493320479141633
aed,0,2646,1,puzzle,2,1.0,0.0,1.4116541914874299e-59,0.9955473943265004,1.4933210914897506,1.5386945294303096,4.858371088982662,0.0,0.05,0.15405767236812593,2.493321091489751
aed,0,2647,1,puzzle,2,1.0,0.0,1.3410714819130596e-59,0.9955478023011217,1.4933217034516826,1.5387176653004164,4.855183339941569,0.0,0.05,0.15405767236812593,2.4933217034516826
aed,0,2648,1,puzzle,2,1.0,0.0,1.2740179078174056e-59,0.9955482100185693,1.493322315027854,1.5387406885490535,4.852049880063353,0.0,0.05,0.15405767236812593,2.493322315027854
aed,0,2649,1,puzzle,2,1.0,0.0,1.2103170124265362e-59,0.9955486174791285,1.4933229262186927,1.5387635997374018,4.848970054781429,0.0,0.05,0.15405767236812593,2.493322926218693
aed,0,2650,1,puzzle,2,1.0,0.0,1.149801161805207e-59,0.99554902468308,1.49332353702462,1.5387863994238378,4.845943216632832,0.0,0.05,0.15405767236812593,2.49332353702462
aed,0,2651,1,puzzle,2,1.0,0.0,1.0923111037149483e-59,0.9955494316307095,1.4933241474460643,1.538809088163949,4.842968725184388,0.0,0.05,0.15405767236812593,2.4933241474460646
aed,0,2652,1,puzzle,2,1.0,0.0,1.0376955485292e-59,0.9955498383222985,1.4933247574834478,1.5388316665105464,4.840045946959643,0.0,0.05,0.15405767236812593,2.493324757483448
aed,0,2653,1,puzzle,2,1.0,0.0,9.858107711027411e-60,0.9955502447581293,1.493325367137194,1.5388541350136797,4.8371742553665324,0.0,0.05,0.15405767236812593,2.493325367137194
aed,0,2654,1,puzzle,2,1.0,0.0,9.365202325476017e-60,0.9955506509384836,1.4933259764077254,1.53887649422065,4.834353030625792,0.0,0.05,0.15405767236812593,2.4933259764077254
aed,0,2655,1,puzzle,2,1.0,0.0,8.89694220920223e-60,0.9955510568636414,1.493326585295462,1.5388987446760243,4.831581659700096,0.0,0.05,0.15405767236812593,2.493326585295462
aed,0,2656,1,puzzle,2,1.0,0.0,8.452095098742101e-60,0.9955514625338849,1.4933271938008275,1.5389208869216482,4.8288595362239155,0.0,0.05,0.15405767236812593,2.4933271938008277
aed,0,2657,1,puzzle,2,1.0,0.0,8.029490343805021e-60,0.9955518679494942,1.4933278019242413,1.5389429214966612,4.826186060434097,0.0,0.05,0.15405767236812593,2.4933278019242415
aed,0,2658,1,puzzle,2,1.0,0.0,7.628015826614757e-60,0.9955522731107489,1.4933284096661232,1.5389648489375085,4.823560639101141,0.0,0.05,0.15405767236812593,2.4933284096661232
aed,0,2659,1,puzzle,2,1.0,0.0,7.246615035284014e-60,0.9955526780179275,1.4933290170268911,1.5389866697779553,4.820982685461194,0.0,0.05,0.15405767236812593,2.493329017026891
aed,0,2660,1,puzzle,2,1.0,0.0,6.884284283519827e-60,0.9955530826713108,1.4933296240069662,1.5390083845491005,4.818451619148716,0.0,0.05,0.15405767236812593,2.4933296240069662
aed,0,2661,1,puzzle,2,1.0,0.0,6.540070069343838e-60,0.9955534870711759,1.4933302306067637,1.539029993779389,4.8159668661298545,0.0,0.05,0.15405767236812593,2.4933302306067637
aed,0,2662,1,puzzle,2,1.0,0.0,6.213066565876632e-60,0.9955538912178019,1.4933308368267029,1.5390514979946255,4.813527858636478,0.0,0.05,0.15405767236812593,2.493330836826703
aed,0,2663,1,puzzle,2,1.0,0.0,5.9024132375828e-60,0.9955542951114661,1.493331442667199,1.5390728977179884,4.811134035100903,0.0,0.05,0.15405767236812593,2.4933314426671993
aed,0,2664,1,puzzle,2,1.0,0.0,5.60729257570367e-60,0.995554698752447,1.4933320481286705,1.539094193470042,4.808784840091265,0.0,0.05,0.15405767236812593,2.4933320481286705
aed,0,2665,1,puzzle,2,1.0,0.0,5.326927946918488e-60,0.9955551021410187,1.493332653211528,1.5391153857687494,4.806479724247573,0.0,0.05,0.15405767236812593,2.493332653211528
aed,0,2666,1,puzzle,2,1.0,0.0,5.060581549572549e-60,0.9955555052774595,1.4933332579161893,1.5391364751294867,4.804218144218395,0.0,0.05,0.15405767236812593,2.4933332579161895
aed,0,2667,1,puzzle,2,1.0,0.0,4.807552472093926e-60,0.9955559081620454,1.493333862243068,1.5391574620650545,4.801999562598198,0.0,0.05,0.15405767236812593,2.493333862243068
aed,0,2668,1,puzzle,2,1.0,0.0,4.5671748484892395e-60,0.9955563107950509,1.4933344661925765,1.5391783470856921,4.799823447865331,0.0,0.05,0.15405767236812593,2.4933344661925765
aed,0,2669,1,puzzle,2,1.0,0.0,4.3388161060647705e-60,0.9955567131767524,1.4933350697651286,1.5391991306990893,4.797689274320639,0.0,0.05,0.15405767236812593,2.493335069765129
aed,0,2670,1,puzzle,2,1.0,0.0,4.121875300761531e-60,0.995557115307424,1.493335672961136,1.5392198134103996,4.795596522026696,0.0,0.05,0.15405767236812593,2.493335672961136
aed,0,2671,1,puzzle,2,1.0,0.0,3.915781535723452e-60,0.9955575171873391,1.4933362757810087,1.5392403957222527,4.793544676747673,0.0,0.05,0.15405767236812593,2.493336275781009
aed,0,2672,1,puzzle,2,1.0,0.0,3.719992458937283e-60,0.9955579188167737,1.4933368782251606,1.5392608781347672,4.791533229889803,0.0,0.05,0.15405767236812593,2.4933368782251604
aed,0,2673,1,puzzle,2,1.0,0.0,3.533992835990422e-60,0.9955583201959987,1.493337480293998,1.5392812611455633,4.789561678442469,0.0,0.05,0.15405767236812593,2.493337480293998
aed,0,2674,1,puzzle,2,1.0,0.0,3.3572931941908927e-60,0.9955587213252896,1.4933380819879343,1.5393015452497751,4.787629524919885,0.0,0.05,0.15405767236812593,2.4933380819879343
aed,0,2675,1,puzzle,2,1.0,0.0,3.18942853448135e-60,0.9955591222049166,1.493338683307375,1.539321730940063,4.785736277303375,0.0,0.05,0.15405767236812593,2.4933386833073747
aed,0,2676,1,puzzle,2,1.0,0.0,3.0299571077572837e-60,0.9955595228351528,1.493339284252729,1.5393418187066266,4.783881448984239,0.0,0.05,0.15405767236812593,2.493339284252729
aed,0,2677,1,puzzle,2,1.0,0.0,2.878459252369421e-60,0.9955599232162704,1.4933398848244055,1.5393618090372154,4.782064558707207,0.0,0.05,0.15405767236812593,2.4933398848244055
aed,0,2678,1,puzzle,2,1.0,0.0,2.734536289750949e-60,0.9955603233485404,1.4933404850228107,1.5393817024171434,4.780285130514467,0.0,0.05,0.15405767236812593,2.4933404850228107
aed,0,2679,1,puzzle,2,1.0,0.0,2.597809475263398e-60,0.9955607232322338,1.4933410848483506,1.5394014993292995,4.778542693690271,0.0,0.05,0.15405767236812593,2.4933410848483506
aed,0,2680,1,puzzle,2,1.0,0.0,2.467919001500231e-60,0.995561122867621,1.4933416843014315,1.5394212002541603,4.776836782706097,0.0,0.05,0.15405767236812593,2.4933416843014315
aed,0,2681,1,puzzle,2,1.0,0.0,2.3445230514252173e-60,0.9955615222549709,1.4933422833824563,1.5394408056698017,4.775166937166381,0.0,0.05,0.15405767236812593,2.4933422833824563
aed,0,2682,1,puzzle,2,1.0,0.0,2.2272968988539556e-60,0.9955619213945542,1.4933428820918313,1.5394603160519118,4.773532701754798,0.0,0.05,0.15405767236812593,2.4933428820918313
aed,0,2683,1,puzzle,2,1.0,0.0,2.115932053911261e-60,0.995562320286641,1.4933434804299615,1.539479731873802,4.77193362618109,0.0,0.05,0.15405767236812593,2.4933434804299615
aed,0,2684,1,puzzle,2,1.0,0.0,2.0101354512156983e-60,0.995562718931498,1.493344078397247,1.5394990536064193,4.770369265128451,0.0,0.05,0.15405767236812593,2.493344078397247
aed,0,2685,1,puzzle,2,1.0,0.0,1.9096286786549114e-60,0.9955631173293961,1.493344675994094,1.5395182817183577,4.76883917820143,0.0,0.05,0.15405767236812593,2.493344675994094
aed,0,2686,1,puzzle,2,1.0,0.0,1.8141472447221682e-60,0.9955635154806007,1.4933452732209012,1.5395374166758704,4.767342929874385,0.0,0.05,0.15405767236812593,2.493345273220901
aed,0,2687,1,puzzle,2,1.0,0.0,1.7234398824860607e-60,0.9955639133853806,1.493345870078071,1.5395564589428814,4.765880089440452,0.0,0.05,0.15405767236812593,2.493345870078071
aed,0,2688,1,puzzle,2,1.0,0.0,1.6372678883617577e-60,0.9955643110440034,1.4933464665660052,1.5395754089809972,4.764450230961039,0.0,0.05,0.15405767236812593,2.4933464665660052
aed,0,2689,1,puzzle,2,1.0,0.0,1.5554044939436671e-60,0.9955647084567347,1.493347062685102,1.5395942672495178,4.763052933215844,0.0,0.05,0.15405767236812593,2.493347062685102
aed,0,2690,1,puzzle,2,1.0,0.0,1.477634269246483e-60,0.9955651056238416,1.4933476584357623,1.539613034205449,4.761687779653372,0.0,0.05,0.15405767236812593,2.4933476584357623
aed,0,2691,1,puzzle,2,1.0,0.0,1.40375255578416e-60,0.9955655025455897,1.4933482538183847,1.5396317103035138,4.760354358341967,0.0,0.05,0.15405767236812593,2.4933482538183847
aed,0,2692,1,puzzle,2,1.0,0.0,1.3335649279949536e-60,0.9955658992222451,1.4933488488333677,1.539650295996163,4.759052261921343,0.0,0.05,0.15405767236812593,2.4933488488333677
aed,0,2693,1,puzzle,2,1.0,0.0,1.2668866815952033e-60,0.9955662956540716,1.4933494434811074,1.5396687917335878,4.75778108755461,0.0,0.05,0.15405767236812593,2.493349443481107
aed,0,2694,1,puzzle,0,1.0,0.0,1.203542347515444e-60,0.9956048552163596,1.4934072828245393,1.5396874841890427,4.756483478043568,0.0,0.05,0.15405767236812593,2.4934072828245393
aed,0,2695,1,puzzle,2,1.0,0.0,1.1433652301396698e-60,0.9956052486890592,1.493407873033589,1.5397060861332654,4.755216856362809,0.0,0.05,0.15405767236812593,2.493407873033589
aed,0,2696,1,puzzle,2,1.0,0.0,1.0861969686326881e-60,0.9956056419190403,1.4934084628785604,1.5397245980169918,4.753980822937612,0.0,0.05,0.15405767236812593,2.4934084628785604
aed,0,2697,1,puzzle,2,1.0,0.0,1.0318871202010537e-60,0.995606034906564,1.493409052359846,1.5397430202887061,4.752774982637096,0.0,0.05,0.15405767236812593,2.493409052359846
aed,0,2698,1,puzzle,2,1.0,0.0,9.802927641910012e-61,0.9956064276518923,1.4934096414778386,1.539761353394652,4.7515989447275375,0.0,0.05,0.15405767236812593,2.4934096414778386
aed,0,2699,1,puzzle,2,1.0,0.0,9.312781259814507e-61,0.995606820155287,1.4934102302329304,1.5397795977788433,4.750452322826176,0.0,0.05,0.15405767236812593,2.4934102302329304
aed,0,2700,1,puzzle,2,1.0,0.0,8.847142196823777e-61,0.995607212417008,1.493410818625512,1.5397977538830767,4.749334734855479,0.0,0.05,0.15405767236812593,2.493410818625512
aed,0,2701,1,puzzle,2,1.0,0.0,8.404785086982586e-61,0.9956076044373172,1.4934114066559758,1.5398158221469413,4.748245802997889,0.0,0.05,0.15405767236812593,2.4934114066559756
aed,0,2702,1,puzzle,2,1.0,0.0,7.984545832633463e-61,0.9956079962164738,1.4934119943247106,1.5398338030078302,4.74718515365103,0.0,0.05,0.15405767236812593,2.4934119943247106
aed,0,2703,1,puzzle,2,1.0,0.0,7.5853185410018e-61,0.9956083877547388,1.4934125816321082,1.5398516969009517,4.746152417383363,0.0,0.05,0.15405767236812593,2.493412581632108
aed,0,2704,1,puzzle,2,1.0,0.0,7.206052613951708e-61,0.995608779052371,1.4934131685785565,1.5398695042593398,4.745147228890312,0.0,0.05,0.15405767236812593,2.4934131685785568
aed,0,2705,1,puzzle,2,1.0,0.0,6.845749983254122e-61,0.9956091701096285,1.4934137551644426,1.5398872255138654,4.744169226950833,0.0,0.05,0.15405767236812593,2.4934137551644424
aed,0,2706,1,puzzle,2,1.0,0.0,6.503462484091407e-61,0.9956095609267713,1.493414341390157,1.5399048610932466,4.743218054384414,0.0,0.05,0.15405767236812593,2.493414341390157
aed,0,2707,1,puzzle,0,1.0,0.0,6.1782893598868354e-61,0.9956472170328452,1.493470825549268,1.5399226909155268,4.7422377392068285,0.0,0.05,0.15405767236812593,2.493470825549268
aed,0,2708,1,puzzle,2,1.0,0.0,5.869374891892505e-61,0.9956476049835854,1.493471407475378,1.539940434498326,4.741284388837709,0.0,0.05,0.15405767236812593,2.4934714074753783
aed,0,2709,1,puzzle,2,1.0,0.0,5.5759061472978795e-61,0.9956479926962444,1.4934719890443666,1.539958092271056,4.740357648176021,0.0,0.05,0.15405767236812593,2.493471989044367
aed,0,2710,1,puzzle,2,1.0,0.0,5.297110839932969e-61,0.9956483801710788,1.4934725702566183,1.539975664660984,4.739457166098626,0.0,0.05,0.15405767236812593,2.4934725702566185
aed,0,2711,1,puzzle,2,1.0,0.0,5.032255297936329e-61,0.9956487674083424,1.4934731511125137,1.5399931520932415,4.738582595418367,0.0,0.05,0.15405767236812593,2.4934731511125134
aed,0,2712,1,puzzle,2,1.0,0.0,4.7806425330395145e-61,0.9956491544082925,1.4934737316124387,1.5400105549908374,4.7377335928425826,0.0,0.05,0.15405767236812593,2.493473731612439
aed,0,2713,1,puzzle,2,1.0,0.0,4.5416104063875305e-61,0.9956495411711832,1.4934743117567748,1.540027873774667,4.736909818932049,0.0,0.05,0.15405767236812593,2.493474311756775
aed,0,2714,1,puzzle,2,1.0,0.0,4.3145298860681595e-61,0.995649927697267,1.4934748915459006,1.5400451088635234,4.736110938060351,0.0,0.05,0.15405767236812593,2.4934748915459006
aed,0,2715,1,puzzle,2,1.0,0.0,4.098803391764754e-61,0.9956503139867996,1.4934754709801994,1.5400622606741068,4.735336618373655,0.0,0.05,0.15405767236812593,2.4934754709801994
aed,0,2716,1,puzzle,2,1.0,0.0,3.893863222176513e-61,0.9956507000400341,1.493476050060051,1.5400793296210364,4.734586531750903,0.0,0.05,0.15405767236812593,2.493476050060051
aed,0,2717,1,puzzle,2,1.0,0.0,3.699170061067685e-61,0.995651085857223,1.4934766287858343,1.5400963161168604,4.73386035376442,0.0,0.05,0.15405767236812593,2.4934766287858343
aed,0,2718,1,puzzle,2,1.0,0.0,3.514211558014296e-61,0.9956514714386203,1.4934772071579305,1.5401132205720658,4.733157763640911,0.0,0.05,0.15405767236812593,2.4934772071579303
aed,0,2719,1,puzzle,2,1.0,0.0,3.338500980113591e-61,0.9956518567844771,1.4934777851767156,1.540130043395089,4.732478444222876,0.0,0.05,0.15405767236812593,2.4934777851767156
aed,0,2720,1,puzzle,2,1.0,0.0,3.171575931107912e-61,0.9956522418950469,1.4934783628425703,1.5401467849923265,4.731822081930403,0.0,0.05,0.15405767236812593,2.4934783628425703
aed,0,2721,1,puzzle,2,1.0,0.0,3.01299713455251e-61,0.9956526267705796,1.4934789401558695,1.5401634457681441,4.731188366723374,0.0,0.05,0.15405767236812593,2.4934789401558692
aed,0,2722,1,puzzle,2,1.0,0.0,2.8623472778248807e-61,0.9956530114113272,1.4934795171169908,1.5401800261248884,4.730576992064037,0.0,0.05,0.15405767236812593,2.493479517116991
aed,0,2723,1,puzzle,2,1.0,0.0,2.71922991393364e-61,0.9956533958175405,1.4934800937263109,1.5401965264628954,4.729987654879981,0.0,0.05,0.15405767236812593,2.493480093726311
aed,0,2724,1,puzzle,2,1.0,0.0,2.5832684182369585e-61,0.9956537799894714,1.4934806699842071,1.540212947180502,4.729420055527476,0.0,0.05,0.15405767236812593,2.493480669984207
aed,0,2725,1,puzzle,2,1.0,0.0,2.4541049973251103e-61,0.9956541639273675,1.4934812458910511,1.5402292886740547,4.728873897755205,0.0,0.05,0.15405767236812593,2.493481245891051
aed,0,2726,1,puzzle,2,1.0,0.0,2.3313997474588548e-61,0.995654547631479,1.4934818214472185,1.5402455513379207,4.728348888668355,0.0,0.05,0.15405767236812593,2.4934818214472187
aed,0,2727,1,puzzle,2,1.0,0.0,2.2148297600859146e-61,0.9956549311020565,1.4934823966530848,1.5402617355644965,4.727844738693084,0.0,0.05,0.15405767236812593,2.493482396653085
aed,0,2728,1,puzzle,2,1.0,0.0,2.104088272081619e-61,0.9956553143393482,1.4934829715090223,1.5402778417442191,4.72736116154135,0.0,0.05,0.15405767236812593,2.4934829715090223
aed,0,2729,1,puzzle,2,1.0,0.0,1.998883858477536e-61,0.995655697343602,1.493483546015403,1.540293870265575,4.726897874176109,0.0,0.05,0.15405767236812593,2.493483546015403
aed,0,2730,1,puzzle,2,1.0,0.0,1.8989396655536575e-61,0.9956560801150679,1.493484120172602,1.54030982151511,4.726454596776856,0.0,0.05,0.15405767236812593,2.493484120172602
aed,0,2731,1,puzzle,2,1.0,0.0,1.803992682275978e-61,0.9956564626539917,1.4934846939809874,1.5403256958774396,4.726031052705539,0.0,0.05,0.15405767236812593,2.4934846939809874
aed,0,2732,1,puzzle,2,1.0,0.0,1.7137930481621752e-61,0.9956568449606216,1.4934852674409322,1.540341493735257,4.725626968472809,0.0,0.05,0.15405767236812593,2.4934852674409322
aed,0,2733,1,puzzle,2,1.0,0.0,1.62810339575407e-61,0.9956572270352055,1.4934858405528084,1.540357215469345,4.725242073704617,0.0,0.05,0.15405767236812593,2.4934858405528084
aed,0,2734,1,puzzle,2,1.0,0.0,1.5466982259663624e-61,0.9956576088779892,1.4934864133169836,1.5403728614585832,4.724876101109171,0.0,0.05,0.15405767236812593,2.4934864133169836
aed,0,2735,1,puzzle,2,1.0,0.0,1.4693633146680476e-61,0.9956579904892189,1.4934869857338282,1.5403884320799595,4.7245287864442105,0.0,0.05,0.15405767236812593,2.493486985733828
aed,0,2736,1,puzzle,2,1.0,0.0,1.3958951489346457e-61,0.9956583718691403,1.4934875578037103,1.5404039277085781,4.724199868484637,0.0,0.05,0.15405767236812593,2.4934875578037103
aed,0,2737,1,puzzle,2,1.0,0.0,1.3261003914879126e-61,0.9956587530180002,1.4934881295270004,1.5404193487176703,4.72388908899046,0.0,0.05,0.15405767236812593,2.4934881295270004
aed,0,2738,2,mastered,1,0.0,0.0,1.259795371913515e-61,0.9956951038129761,1.4935426557194642,1.5404349652526794,4.72354250763377,0.0,0.05,0.15405767236812593,1.4935426557194642
aed,0,2739,1,puzzle,1,0.0,0.0,1.1968056033178412e-61,0.9004093426497807,1.350614013974671,1.5397358604962894,4.865428929079051,0.0,0.05,0.15405767236812593,1.350614013974671
aed,0,2740,1,puzzle,2,1.0,0.0,1.1369653231519472e-61,0.9956954822829852,1.4935432234244779,1.5397548973109303,4.862986313674712,0.0,0.05,0.15405767236812593,2.493543223424478
aed,0,2741,1,puzzle,2,1.0,0.0,1.08011705699435e-61,0.9956958605238084,1.4935437907857128,1.5397738417783042,4.860586501530557,0.0,0.05,0.15405767236812593,2.4935437907857128
aed,0,2742,1,puzzle,2,1.0,0.0,1.026111204144634e-61,0.9956962385356877,1.4935443578035315,1.5397926943584304,4.85822897307015,0.0,0.05,0.15405767236812593,2.4935443578035317
aed,0,2743,1,puzzle,2,1.0,0.0,9.748056439374012e-62,0.9956966163188647,1.493544924478297,1.5398114555090296,4.855913214370181,0.0,0.05,0.15405767236812593,2.493544924478297
aed,0,2744,1,puzzle,2,1.0,0.0,9.260653617405308e-62,0.9956969938735842,1.4935454908103765,1.5398301256855365,4.853638717101639,0.0,0.05,0.15405767236812593,2.4935454908103765
aed,0,2745,1,puzzle,2,1.0,0.0,8.797620936535045e-62,0.9956973712000882,1.4935460568001322,1.5398487053411094,4.851404978471599,0.0,0.05,0.15405767236812593,2.493546056800132
aed,0,2746,1,puzzle,2,1.0,0.0,8.357739889708287e-62,0.995697748298616,1.4935466224479241,1.5398671949266436,4.849211501165603,0.0,0.05,0.15405767236812593,2.493546622447924
aed,0,2747,1,puzzle,2,1.0,0.0,7.939852895222867e-62,0.9956981251694093,1.493547187754114,1.5398855948907808,4.847057793290614,0.0,0.05,0.15405767236812593,2.493547187754114
aed,0,2748,1,puzzle,2,1.0,0.0,7.542860250461735e-62,0.995698501812711,1.4935477527190666,1.5399039056799222,4.844943368318564,0.0,0.05,0.15405767236812593,2.4935477527190666
aed,0,2749,1,puzzle,2,1.0,0.0,7.165717237938658e-62,0.9956988782287588,1.493548317343138,1.5399221277382382,4.842867745030478,0.0,0.05,0.15405767236812593,2.493548317343138
aed,0,2750,1,puzzle,2,1.0,0.0,6.807431376041725e-62,0.9956992544177955,1.4935488816266933,1.5399402615076805,4.84083044746116,0.0,0.05,0.15405767236812593,2.493548881626693
aed,0,2751,1,puzzle,2,1.0,0.0,6.467059807239629e-62,0.9956996303800588,1.4935494455700882,1.5399583074279926,4.838831004844453,0.0,0.05,0.15405767236812593,2.493549445570088
aed,0,2752,1,puzzle,2,1.0,0.0,6.143706816877651e-62,0.9957000061157902,1.4935500091736853,1.539976265936721,4.836868951559044,0.0,0.05,0.15405767236812593,2.4935500091736853
aed,0,2753,1,puzzle,2,1.0,0.0,5.836521476033767e-62,0.9957003816252272,1.4935505724378408,1.5399941374692265,4.83494382707484,0.0,0.05,0.15405767236812593,2.493550572437841
aed,0,2754,1,puzzle,2,1.0,0.0,5.544695402232078e-62,0.9957007569086079,1.4935511353629118,1.540011922458695,4.833055175899874,0.0,0.05,0.15405767236812593,2.493551135362912
aed,0,2755,1,puzzle,2,1.0,0.0,5.267460632120475e-62,0.9957011319661722,1.4935516979492582,1.5400296213361477,4.831202547527765,0.0,0.05,0.15405767236812593,2.4935516979492585
aed,0,2756,1,puzzle,2,1.0,0.0,5.004087600514451e-62,0.995701506798157,1.4935522601972355,1.5400472345304532,4.829385496385704,0.0,0.05,0.15405767236812593,2.4935522601972355
aed,0,2757,1,puzzle,2,1.0,0.0,4.753883220488731e-62,0.995701881404801,1.4935528221072014,1.540064762468337,4.8276035817829825,0.0,0.05,0.15405767236812593,2.493552822107201
aed,0,2758,1,puzzle,2,1.0,0.0,4.516189059464289e-62,0.9957022557863404,1.4935533836795107,1.5400822055743928,4.825856367860035,0.0,0.05,0.15405767236812593,2.4935533836795107
aed,0,2759,1,puzzle,2,1.0,0.0,4.290379606491074e-62,0.9957026299430126,1.493553944914519,1.5400995642710935,4.824143423538009,0.0,0.05,0.15405767236812593,2.493553944914519
aed,0,2760,1,puzzle,2,1.0,0.0,4.075860626166524e-62,0.9957030038750553,1.493554505812583,1.540116838978801,4.822464322468847,0.0,0.05,0.15405767236812593,2.493554505812583
aed,0,2761,1,puzzle,2,1.0,0.0,3.8720675948581984e-62,0.9957033775827014,1.4935550663740522,1.5401340301157773,4.820818642985883,0.0,0.05,0.15405767236812593,2.493555066374052
aed,0,2762,1,puzzle,2,1.0,0.0,3.6784642151152767e-62,0.9957037510661908,1.4935556265992862,1.5401511380981947,4.819205968054932,0.0,0.05,0.15405767236812593,2.493555626599286
aed,0,2763,1,puzzle,2,1.0,0.0,3.4945410043595156e-62,0.9957041243257561,1.4935561864886342,1.540168163340147,4.817625885225896,0.0,0.05,0.15405767236812593,2.493556186488634
aed,0,2764,1,puzzle,2,1.0,0.0,3.3198139541415406e-62,0.9957044973616336,1.4935567460424504,1.5401851062536585,4.816077986584844,0.0,0.05,0.15405767236812593,2.4935567460424504
aed,0,2765,1,puzzle,2,1.0,0.0,3.153823256434462e-62,0.9957048701740578,1.4935573052610867,1.5402019672486957,4.814561868706605,0.0,0.05,0.15405767236812593,2.4935573052610867
aed,0,2766,1,puzzle,2,1.0,0.0,2.996132093612742e-62,0.9957052427632639,1.4935578641448959,1.5402187467331767,4.81307713260782,0.0,0.05,0.15405767236812593,2.493557864144896
aed,0,2767,1,puzzle,2,1.0,0.0,2.846325488932102e-62,0.995705615129485,1.4935584226942273,1.540235445112982,4.811623383700496,0.0,0.05,0.15405767236812593,2.4935584226942273
aed,0,2768,1,puzzle,2,1.0,0.0,2.704009214485501e-62,0.995705987272956,1.493558980909434,1.5402520627919642,4.8102002317460215,0.0,0.05,0.15405767236812593,2.493558980909434
aed,0,2769,1,puzzle,2,1.0,0.0,2.568808753761222e-62,0.9957063591939085,1.4935595387908627,1.5402686001719588,4.808807290809657,0.0,0.05,0.15405767236812593,2.493559538790863
aed,0,2770,1,puzzle,2,1.0,0.0,2.44036831607316e-62,0.9957067308925772,1.4935600963388658,1.5402850576527933,4.807444179215488,0.0,0.05,0.15405767236812593,2.4935600963388658
aed,0,2771,1,puzzle,2,1.0,0.0,2.318349900269505e-62,0.9957071023691925,1.4935606535537886,1.5403014356322982,4.806110519501843,0.0,0.05,0.15405767236812593,2.4935606535537884
aed,0,2772,1,puzzle,2,1.0,0.0,2.2024324052560302e-62,0.995707473623991,1.4935612104359866,1.5403177345063166,4.804805938377154,0.0,0.05,0.15405767236812593,2.4935612104359866
aed,0,2773,1,puzzle,2,1.0,0.0,2.09231078499323e-62,0.9957078446572002,1.4935617669858003,1.540333954668714,4.803530066676296,0.0,0.05,0.15405767236812593,2.4935617669858003
aed,0,2774,1,puzzle,2,1.0,0.0,1.987695245743565e-62,0.9957082154690553,1.4935623232035828,1.5403500965113883,4.802282539317338,0.0,0.05,0.15405767236812593,2.493562323203583
aed,0,2775,1,puzzle,2,1.0,0.0,1.8883104834563866e-62,0.9957085860597854,1.4935628790896782,1.5403661604242798,4.801062995258766,0.0,0.05,0.15405767236812593,2.493562879089678
aed,0,2776,1,puzzle,2,1.0,0.0,1.7938949592835662e-62,0.9957089564296218,1.4935634346444326,1.5403821467953804,4.7998710774571265,0.0,0.05,0.15405767236812593,2.4935634346444324
aed,0,2777,1,puzzle,2,1.0,0.0,1.7042002113193907e-62,0.9957093265787962,1.4935639898681943,1.5403980560107444,4.798706432825105,0.0,0.05,0.15405767236812593,2.4935639898681945
aed,0,2778,1,puzzle,2,1.0,0.0,1.6189902007534194e-62,0.995709696507538,1.493564544761307,1.5404138884544971,4.797568712190044,0.0,0.05,0.15405767236812593,2.4935645447613073
aed,0,2779,1,puzzle,2,1.0,0.0,1.5380406907157503e-62,0.9957100662160775,1.4935650993241163,1.5404296445088452,4.796457570252872,0.0,0.05,0.15405767236812593,2.4935650993241163
aed,0,2780,1,puzzle,2,1.0,0.0,1.4611386561799618e-62,0.9957104357046432,1.4935656535569648,1.540445324554086,4.795372665547465,0.0,0.05,0.15405767236812593,2.493565653556965
aed,0,2781,1,puzzle,2,1.0,0.0,1.3880817233709647e-62,0.9957108049734659,1.4935662074601987,1.5404609289686166,4.794313660400407,0.0,0.05,0.15405767236812593,2.4935662074601987
aed,0,2782,1,puzzle,2,1.0,0.0,1.318677637202414e-62,0.9957111740227748,1.493566761034162,1.5404764581289443,4.7932802208911856,0.0,0.05,0.15405767236812593,2.4935667610341623
aed,0,2783,1,puzzle,2,1.0,0.0,1.2527437553422947e-62,0.9957115428527957,1.4935673142791936,1.5404919124096956,4.792272016812776,0.0,0.05,0.15405767236812593,2.4935673142791934
aed,0,2784,1,puzzle,2,1.0,0.0,1.190106567575179e-62,0.99571191146376,1.49356786719564,1.5405072921836254,4.791288721632633,0.0,0.05,0.15405767236812593,2.4935678671956403
aed,0,2785,1,puzzle,2,1.0,0.0,1.1306012391964223e-62,0.9957122798558954,1.493568419783843,1.5405225978216264,4.79033001245409,0.0,0.05,0.15405767236812593,2.493568419783843
aed,0,2786,1,puzzle,2,1.0,0.0,1.0740711772365996e-62,0.9957126480294263,1.4935689720441394,1.540537829692739,4.789395569978149,0.0,0.05,0.15405767236812593,2.493568972044139
aed,0,2787,1,puzzle,2,1.0,0.0,1.0203676183747703e-62,0.9957130159845835,1.4935695239768751,1.5405529881641598,4.788485078465651,0.0,0.05,0.15405767236812593,2.493569523976875
aed,0,2788,1,puzzle,2,1.0,0.0,9.693492374560314e-63,0.9957133837215928,1.4935700755823893,1.540568073601251,4.787598225699856,0.0,0.05,0.15405767236812593,2.4935700755823893
aed,0,2789,1,puzzle,2,1.0,0.0,9.208817755832304e-63,0.9957137512406794,1.4935706268610192,1.5405830863675498,4.7867347029493885,0.0,0.05,0.15405767236812593,2.493570626861019
aed,0,2790,1,puzzle,2,1.0,0.0,8.748376868040687e-63,0.9957141185420723,1.4935711778131084,1.5405980268247776,4.785894204931564,0.0,0.05,0.15405767236812593,2.4935711778131084
aed,0,2791,1,puzzle,2,1.0,0.0,8.310958024638653e-63,0.9957144856259947,1.493571728438992,1.5406128953328488,4.7850764297761055,0.0,0.05,0.15405767236812593,2.493571728438992
aed,0,2792,1,puzzle,2,1.0,0.0,7.895410123406715e-63,0.995714852492673,1.4935722787390096,1.5406276922498798,4.784281078989214,0.0,0.05,0.15405767236812593,2.4935722787390096
aed,0,2793,1,puzzle,2,1.0,0.0,7.500639617236379e-63,0.9957152191423327,1.493572828713499,1.5406424179321978,4.783507857418021,0.0,0.05,0.15405767236812593,2.493572828713499
aed,0,2794,1,puzzle,2,1.0,0.0,7.125607636374553e-63,0.9957155855751997,1.4935733783627996,1.5406570727343507,4.782756473215392,0.0,0.05,0.15405767236812593,2.4935733783627994
aed,0,2795,1,puzzle,2,1.0,0.0,6.769327254555836e-63,0.9957159517914967,1.493573927687245,1.5406716570091152,4.782026637805108,0.0,0.05,0.15405767236812593,2.493573927687245
aed,0,2796,1,puzzle,2,1.0,0.0,6.430860891828029e-63,0.9957163177914482,1.4935744766871724,1.5406861711075055,4.78131806584739,0.0,0.05,0.15405767236812593,2.493574476687172
aed,0,2797,1,puzzle,2,1.0,0.0,6.109317847236627e-63,0.9957166835752801,1.49357502536292,1.5407006153787826,4.780630475204779,0.0,0.05,0.15405767236812593,2.49357502536292
aed,0,2798,1,puzzle,2,1.0,0.0,5.80385195487481e-63,0.9957170491432146,1.4935755737148217,1.5407149901704629,4.779963586908372,0.0,0.05,0.15405767236812593,2.4935755737148217
aed,0,2799,1,puzzle,2,1.0,0.0,5.513659357131067e-63,0.9957174144954741,1.493576121743211,1.5407292958283265,4.779317125124404,0.0,0.05,0.15405767236812593,2.493576121743211
aed,0,2800,1,puzzle,2,1.0,0.0,5.237976389274516e-63,0.9957177796322825,1.4935766694484238,1.540743532696427,4.778690817121163,0.0,0.05,0.15405767236812593,2.493576669448424
aed,0,2801,1,puzzle,2,1.0,0.0,4.976077569810786e-63,0.9957181445538615,1.4935772168307924,1.5407577011170988,4.7780843932362576,0.0,0.05,0.15405767236812593,2.4935772168307926
aed,0,2802,1,puzzle,2,1.0,0.0,4.727273691320237e-63,0.9957185092604358,1.4935777638906538,1.5407718014309666,4.777497586844207,0.0,0.05,0.15405767236812593,2.493577763890654
aed,0,2803,1,puzzle,2,1.0,0.0,4.4909100067542293e-63,0.9957188737522246,1.493578310628337,1.5407858339769533,4.776930134324381,0.0,0.05,0.15405767236812593,2.4935783106283367
aed,0,2804,1,puzzle,2,1.0,0.0,4.2663645064165187e-63,0.9957192380294507,1.4935788570441761,1.5407997990922895,4.776381775029251,0.0,0.05,0.15405767236812593,2.4935788570441764
aed,0,2805,1,puzzle,2,1.0,0.0,4.053046281095693e-63,0.9957196020923362,1.4935794031385043,1.5408136971125206,4.775852251252975,0.0,0.05,0.15405767236812593,2.4935794031385043
aed,0,2806,1,puzzle,2,1.0,0.0,3.8503939670409103e-63,0.9957199659411003,1.4935799489116506,1.5408275283715163,4.775341308200311,0.0,0.05,0.15405767236812593,2.4935799489116506
aed,0,2807,1,puzzle,2,1.0,0.0,3.6578742686888583e-63,0.9957203295759647,1.493580494363947,1.5408412932014786,4.774848693955839,0.0,0.05,0.15405767236812593,2.493580494363947
aed,0,2808,1,puzzle,2,1.0,0.0,3.4749805552544167e-63,0.995720692997149,1.4935810394957236,1.5408549919329497,4.774374159453506,0.0,0.05,0.15405767236812593,2.493581039495724
aed,0,2809,1,puzzle,2,1.0,0.0,3.301231527491695e-63,0.9957210562048749,1.4935815843073124,1.5408686248948216,4.773917458446481,0.0,0.05,0.15405767236812593,2.4935815843073126
aed,0,2810,1,puzzle,2,1.0,0.0,3.13616995111711e-63,0.9957214191993596,1.4935821287990394,1.5408821924143428,4.773478347477319,0.0,0.05,0.15405767236812593,2.4935821287990394
aed,0,2811,1,puzzle,2,1.0,0.0,2.9793614535612556e-63,0.9957217819808246,1.493582672971237,1.540895694817127,4.773056585848436,0.0,0.05,0.15405767236812593,2.493582672971237
aed,0,2812,1,puzzle,2,1.0,0.0,2.830393380883195e-63,0.9957221445494883,1.4935832168242325,1.5409091324271627,4.772651935592882,0.0,0.05,0.15405767236812593,2.4935832168242325
aed,0,2813,1,puzzle,2,1.0,0.0,2.6888737118390335e-63,0.9957225069055679,1.4935837603583517,1.5409225055668188,4.77226416144542,0.0,0.05,0.15405767236812593,2.4935837603583515
aed,0,2814,1,puzzle,2,1.0,0.0,2.5544300262470814e-63,0.9957228690492841,1.4935843035739262,1.5409358145568544,4.771893030813894,0.0,0.05,0.15405767236812593,2.4935843035739262
aed,0,2815,1,puzzle,2,1.0,0.0,2.4267085249347282e-63,0.9957232309808544,1.4935848464712815,1.5409490597164264,4.7715383137509,0.0,0.05,0.15405767236812593,2.4935848464712818
aed,0,2816,1,puzzle,2,1.0,0.0,2.305373098687991e-63,0.9957235927004953,1.493585389050743,1.5409622413630981,4.771199782925747,0.0,0.05,0.15405767236812593,2.493585389050743
aed,0,2817,1,puzzle,2,1.0,0.0,2.1901044437535948e-63,0.9957239542084259,1.4935859313126387,1.5409753598128457,4.7708772135966955,0.0,0.05,0.15405767236812593,2.493585931312639
aed,0,2818,1,puzzle,2,1.0,0.0,2.0805992215659147e-63,0.9957243155048622,1.4935864732572932,1.540988415380068,4.770570383583504,0.0,0.05,0.15405767236812593,2.4935864732572934
aed,0,2819,1,puzzle,2,1.0,0.0,1.9765692604876193e-63,0.9957246765900206,1.493587014885031,1.5410014083775927,4.77027907324023,0.0,0.05,0.15405767236812593,2.4935870148850308
aed,0,2820,1,puzzle,2,1.0,0.0,1.8777407974632377e-63,0.9957250374641189,1.4935875561961782,1.5410143391166857,4.770003065428336,0.0,0.05,0.15405767236812593,2.4935875561961782
aed,0,2821,1,puzzle,2,1.0,0.0,1.7838537575900726e-63,0.9957253981273732,1.4935880971910598,1.5410272079070575,4.76974214549005,0.0,0.05,0.15405767236812593,2.4935880971910596
aed,0,2822,1,puzzle,2,1.0,0.0,1.6946610697105696e-63,0.9957257585799977,1.4935886378699965,1.5410400150568722,4.769496101222025,0.0,0.05,0.15405767236812593,2.4935886378699967
aed,0,2823,1,puzzle,2,1.0,0.0,1.609928016225042e-63,0.9957261188222095,1.4935891782333144,1.5410527608727544,4.769264722849245,0.0,0.05,0.15405767236812593,2.4935891782333144
aed,0,2824,1,puzzle,2,1.0,0.0,1.529431615413788e-63,0.9957264788542243,1.4935897182813365,1.5410654456597974,4.769047802999213,0.0,0.05,0.15405767236812593,2.4935897182813367
aed,0,2825,1,puzzle,2,1.0,0.0,1.4529600346431012e-63,0.9957268386762551,1.4935902580143827,1.5410780697215705,4.7688451366764095,0.0,0.05,0.15405767236812593,2.4935902580143825
aed,0,2826,1,puzzle,2,1.0,0.0,1.3803120329109452e-63,0.9957271982885181,1.4935907974327771,1.5410906333601264,4.768656521236995,0.0,0.05,0.15405767236812593,2.493590797432777
aed,0,2827,1,puzzle,2,1.0,0.0,1.311296431265396e-63,0.9957275576912269,1.4935913365368403,1.54110313687601,4.768481756363794,0.0,0.05,0.15405767236812593,2.4935913365368405
aed,0,2828,1,puzzle,2,1.0,0.0,1.2457316097021293e-63,0.9957279168845954,1.493591875326893,1.5411155805682644,4.768320644041527,0.0,0.05,0.15405767236812593,2.493591875326893
aed,0,2829,1,puzzle,2,1.0,0.0,1.1834450292170204e-63,0.9957282758688379,1.493592413803257,1.5411279647344394,4.768172988532294,0.0,0.05,0.15405767236812593,2.493592413803257
aed,0,2830,1,puzzle,2,1.0,0.0,1.1242727777561718e-63,0.9957286346441667,1.49359295196625,1.5411402896705984,4.768038596351319,0.0,0.05,0.15405767236812593,2.4935929519662503
aed,0,2831,1,puzzle,2,1.0,0.0,1.0680591388683623e-63,0.9957289932107957,1.4935934898161936,1.5411525556713264,4.7679172762429385,0.0,0.05,0.15405767236812593,2.4935934898161936
aed,0,2832,1,puzzle,2,1.0,0.0,1.0146561819249427e-63,0.9957293515689376,1.4935940273534065,1.5411647630297367,4.767808839156839,0.0,0.05,0.15405767236812593,2.4935940273534065
aed,0,2833,1,puzzle,2,1.0,0.0,9.639233728286966e-64,0.9957297097188045,1.4935945645782067,1.541176912037479,4.767713098224543,0.0,0.05,0.15405767236812593,2.4935945645782067
aed,0,2834,1,puzzle,2,1.0,0.0,9.157272041872619e-64,0.995730067660608,1.4935951014909121,1.5411890029847461,4.767629868736131,0.0,0.05,0.15405767236812593,2.493595101490912
aed,0,2835,1,puzzle,2,1.0,0.0,8.699408439778986e-64,0.9957304253945622,1.4935956380918434,1.5412010361602817,4.767558968117209,0.0,0.05,0.15405767236812593,2.4935956380918434
aed,0,2836,1,puzzle,2,1.0,0.0,8.264438017790037e-64,0.9957307829208761,1.4935961743813142,1.5412130118513867,4.767500215906109,0.0,0.05,0.15405767236812593,2.493596174381314
aed,0,2837,1,puzzle,2,1.0,0.0,7.85121611690054e-64,0.9957311402397615,1.4935967103596424,1.5412249303439278,4.767453433731333,0.0,0.05,0.15405767236812593,2.4935967103596424
aed,0,2838,1,puzzle,2,1.0,0.0,7.458655311055514e-64,0.9957314973514304,1.4935972460271456,1.5412367919223438,4.767418445289218,0.0,0.05,0.15405767236812593,2.4935972460271456
aed,0,2839,1,puzzle,2,1.0,0.0,7.085722545502727e-64,0.9957318542560922,1.4935977813841383,1.5412485968696528,4.767395076321841,0.0,0.05,0.15405767236812593,2.493597781384138
aed,0,2840,1,puzzle,2,1.0,0.0,6.731436418227597e-64,0.9957322109539578,1.4935983164309368,1.5412603454674592,4.767383154595145,0.0,0.05,0.15405767236812593,2.493598316430937
aed,0,2841,1,puzzle,2,1.0,0.0,6.394864597316208e-64,0.9957325674452373,1.493598851167856,1.5412720379959612,4.767382509877299,0.0,0.05,0.15405767236812593,2.4935988511678557
aed,0,2842,1,puzzle,2,1.0,0.0,6.075121367450395e-64,0.9957329237301394,1.4935993855952092,1.5412836747339576,4.767392973917275,0.0,0.05,0.15405767236812593,2.493599385595209
aed,0,2843,1,puzzle,2,1.0,0.0,5.771365299077872e-64,0.9957332798088745,1.4935999197133119,1.5412952559588542,4.767414380423645,0.0,0.05,0.15405767236812593,2.493599919713312
aed,0,2844,1,puzzle,2,1.0,0.0,5.482797034123989e-64,0.9957336356816514,1.4936004535224772,1.5413067819466724,4.7674465650436035,0.0,0.05,0.15405767236812593,2.493600453522477
aed,0,2845,1,puzzle,2,1.0,0.0,5.20865718241778e-64,0.9957339913486792,1.493600987023019,1.541318252972054,4.767489365342202,0.0,0.05,0.15405767236812593,2.4936009870230187
aed,0,2846,1,puzzle,2,1.0,0.0,4.948224323296894e-64,0.9957343468101659,1.4936015202152488,1.5413296693082699,4.767542620781801,0.0,0.05,0.15405767236812593,2.4936015202152486
aed,0,2847,1,puzzle,2,1.0,0.0,4.7008131071320504e-64,0.9957347020663191,1.4936020530994787,1.541341031227226,4.76760617270173,0.0,0.05,0.15405767236812593,2.4936020530994787
aed,0,2848,1,puzzle,2,1.0,0.0,4.46577245177545e-64,0.9957350571173478,1.4936025856760216,1.54135233899947,4.767679864298161,0.0,0.05,0.15405767236812593,2.4936025856760216
aed,0,2849,1,puzzle,2,1.0,0.0,4.24248382918668e-64,0.9957354119634587,1.493603117945188,1.5413635928941987,4.767763540604189,0.0,0.05,0.15405767236812593,2.493603117945188
aed,0,2850,1,puzzle,2,1.0,0.0,4.0303596377273484e-64,0.9957357666048609,1.4936036499072913,1.541374793179264,4.767857048470121,0.0,0.05,0.15405767236812593,2.4936036499072913
aed,0,2851,1,puzzle,2,1.0,0.0,3.828841655840971e-64,0.9957361210417585,1.4936041815626377,1.5413859401211811,4.767960236543963,0.0,0.05,0.15405767236812593,2.4936041815626377
aed,0,2852,1,puzzle,2,1.0,0.0,3.63739957304893e-64,0.9957364752743599,1.49360471291154,1.5413970339851328,4.768072955252116,0.0,0.05,0.15405767236812593,2.49360471291154
aed,0,2853,1,puzzle,2,1.0,0.0,3.455529594396476e-64,0.9957368293028716,1.4936052439543073,1.5414080750349786,4.768195056780266,0.0,0.05,0.15405767236812593,2.493605243954307
aed,0,2854,1,puzzle,2,1.0,0.0,3.28275311467666e-64,0.9957371831274996,1.4936057746912494,1.54141906353326,4.768326395054474,0.0,0.05,0.15405767236812593,2.4936057746912494
aed,0,2855,1,puzzle,2,1.0,0.0,3.118615458942824e-64,0.9957375367484488,1.4936063051226731,1.5414299997412073,4.768466825722463,0.0,0.05,0.15405767236812593,2.493606305122673
aed,0,2856,1,puzzle,2,1.0,0.0,2.9626846859956853e-64,0.995737890165927,1.4936068352488905,1.541440883918746,4.768616206135094,0.0,0.05,0.15405767236812593,2.4936068352488903
aed,0,2857,1,puzzle,2,1.0,0.0,2.8145504516958978e-64,0.9957382433801363,1.4936073650702044,1.5414517163245032,4.768774395328042,0.0,0.05,0.15405767236812593,2.493607365070204
aed,0,2858,1,puzzle,2,1.0,0.0,2.673822929111103e-64,0.9957385963912828,1.4936078945869242,1.5414624972158153,4.768941254003653,0.0,0.05,0.15405767236812593,2.4936078945869244
aed,0,2859,1,puzzle,2,1.0,0.0,2.5401317826555488e-64,0.9957389491995725,1.4936084237993588,1.541473226848733,4.76911664451299,0.0,0.05,0.15405767236812593,2.4936084237993588
aed,0,2860,1,puzzle,2,1.0,0.0,2.413125193522769e-64,0.9957393018052068,1.49360895270781,1.5414839054780285,4.769300430838078,0.0,0.05,0.15405767236812593,2.49360895270781
aed,0,2861,1,puzzle,2,1.0,0.0,2.2924689338466324e-64,0.9957396542083927,1.493609481312589,1.5414945333572012,4.76949247857431,0.0,0.05,0.15405767236812593,2.493609481312589
aed,0,2862,1,puzzle,2,1.0,0.0,2.1778454871542983e-64,0.995740006409333,1.4936100096139995,1.5415051107384852,4.769692654913053,0.0,0.05,0.15405767236812593,2.4936100096139997
aed,0,2863,1,puzzle,2,1.0,0.0,2.0689532127965864e-64,0.9957403584082307,1.493610537612346,1.5415156378728545,4.76990082862443,0.0,0.05,0.15405767236812593,2.493610537612346
aed,0,2864,1,puzzle,2,1.0,0.0,1.9655055521567568e-64,0.9957407102052889,1.4936110653079333,1.54152611501003,4.770116870040282,0.0,0.05,0.15405767236812593,2.4936110653079333
aed,0,2865,1,puzzle,2,1.0,0.0,1.8672302745489192e-64,0.9957410618007119,1.4936115927010678,1.541536542398485,4.770340651037296,0.0,0.05,0.15405767236812593,2.493611592701068
aed,0,2866,1,puzzle,2,1.0,0.0,1.773868760821473e-64,0.9957414131946996,1.4936121197920493,1.5415469202854528,4.770572045020327,0.0,0.05,0.15405767236812593,2.4936121197920493
aed,0,2867,1,puzzle,2,1.0,0.0,1.6851753227804004e-64,0.9957417643874559,1.4936126465811839,1.5415572489169314,4.770810926905871,0.0,0.05,0.15405767236812593,2.493612646581184
aed,0,2868,1,puzzle,2,1.0,0.0,1.60091655664138e-64,0.9957421153791829,1.4936131730687743,1.5415675285376906,4.771057173105729,0.0,0.05,0.15405767236812593,2.4936131730687743
aed,0,2869,1,puzzle,2,1.0,0.0,1.5208707288093068e-64,0.9957424661700821,1.4936136992551232,1.5415777593912778,4.771310661510826,0.0,0.05,0.15405767236812593,2.493613699255123
aed,0,2870,1,puzzle,2,1.0,0.0,1.4448271923688455e-64,0.9957428167603558,1.4936142251405338,1.5415879417200242,4.771571271475208,0.0,0.05,0.15405767236812593,2.4936142251405338
aed,0,2871,1,puzzle,2,1.0,0.0,1.372585832750403e-64,0.9957431671502025,1.4936147507253037,1.5415980757650507,4.7718388838002035,0.0,0.05,0.15405767236812593,2.4936147507253037
aed,0,2872,1,puzzle,2,1.0,0.0,1.303956541112882e-64,0.995743517339827,1.4936152760097405,1.5416081617662742,4.772113380718735,0.0,0.05,0.15405767236812593,2.4936152760097405
aed,0,2873,1,puzzle,2,1.0,0.0,1.238758714057238e-64,0.9957438673294258,1.4936158009941387,1.5416181999624134,4.772394645879822,0.0,0.05,0.15405767236812593,2.4936158009941387
aed,0,2874,1,puzzle,2,1.0,0.0,1.1768207783543733e-64,0.9957442171192015,1.4936163256788022,1.5416281905909954,4.772682564333217,0.0,0.05,0.15405767236812593,2.4936163256788024
aed,0,2875,1,puzzle,2,1.0,0.0,1.1179797394366547e-64,0.9957445667093542,1.4936168500640312,1.5416381338883605,4.772977022514214,0.0,0.05,0.15405767236812593,2.493616850064031
aed,0,2876,1,puzzle,2,1.0,0.0,1.0620807524648238e-64,0.9957449161000819,1.4936173741501229,1.5416480300896693,4.773277908228618,0.0,0.05,0.15405767236812593,2.493617374150123
aed,0,2877,1,puzzle,2,1.0,0.0,1.0089767148415822e-64,0.9957452652915859,1.4936178979373789,1.5416578794289078,4.77358511063786,0.0,0.05,0.15405767236812593,2.493617897937379
aed,0,2878,1,puzzle,2,1.0,0.0,9.585278790995023e-65,0.9957456142840649,1.4936184214260975,1.5416676821388937,4.773898520244278,0.0,0.05,0.15405767236812593,2.4936184214260972
aed,0,2879,1,puzzle,2,1.0,0.0,9.106014851445277e-65,0.9957459630777165,1.4936189446165746,1.5416774384512821,4.774218028876542,0.0,0.05,0.15405767236812593,2.493618944616575
aed,0,2880,1,puzzle,2,1.0,0.0,8.650714108873015e-65,0.9957463116727404,1.4936194675091106,1.5416871485965713,4.774543529675237,0.0,0.05,0.15405767236812593,2.4936194675091103
aed,0,2881,1,puzzle,2,1.0,0.0,8.218178403429368e-65,0.9957466600693351,1.4936199901040026,1.5416968128041086,4.774874917078591,0.0,0.05,0.15405767236812593,2.4936199901040026
aed,0,2882,1,puzzle,2,1.0,0.0,7.80726948325788e-65,0.9957470082676977,1.4936205124015465,1.5417064313020958,4.775212086808354,0.0,0.05,0.15405767236812593,2.4936205124015465
aed,0,2883,1,puzzle,2,1.0,0.0,7.416906009095006e-65,0.9957473562680262,1.4936210344020393,1.5417160043175957,4.775554935855827,0.0,0.05,0.15405767236812593,2.4936210344020395
aed,0,2884,1,puzzle,2,1.0,0.0,7.046060708640246e-65,0.9957477040705189,1.4936215561057784,1.5417255320765366,4.775903362468027,0.0,0.05,0.15405767236812593,2.4936215561057784
aed,0,2885,1,puzzle,2,1.0,0.0,6.6937576732082256e-65,0.9957480516753712,1.4936220775130566,1.5417350148037192,4.776257266134009,0.0,0.05,0.15405767236812593,2.4936220775130566
aed,0,2886,1,puzzle,2,1.0,0.0,6.359069789547829e-65,0.9957483990827828,1.4936225986241742,1.5417444527228215,4.776616547571316,0.0,0.05,0.15405767236812593,2.4936225986241745
aed,0,2887,1,puzzle,2,1.0,0.0,6.041116300070432e-65,0.9957487462929473,1.493623119439421,1.5417538460564044,4.776981108712587,0.0,0.05,0.15405767236812593,2.493623119439421
aed,0,2888,1,puzzle,2,1.0,0.0,5.739060485066915e-65,0.9957490933060625,1.4936236399590939,1.5417631950259179,4.777350852692285,0.0,0.05,0.15405767236812593,2.493623639959094
aed,0,2889,1,puzzle,2,1.0,0.0,5.452107460813558e-65,0.9957494401223244,1.4936241601834865,1.5417724998517057,4.777725683833581,0.0,0.05,0.15405767236812593,2.4936241601834865
aed,0,2890,1,puzzle,2,1.0,0.0,5.17950208777289e-65,0.9957497867419285,1.4936246801128927,1.5417817607530115,4.778105507635365,0.0,0.05,0.15405767236812593,2.4936246801128927
aed,0,2891,1,puzzle,2,1.0,0.0,4.9205269833842384e-65,0.9957501331650706,1.4936251997476058,1.5417909779479846,4.77849023075939,0.0,0.05,0.15405767236812593,2.4936251997476058
aed,0,2892,1,puzzle,2,1.0,0.0,4.674500634215024e-65,0.9957504793919449,1.4936257190879174,1.5418001516536843,4.778879761017563,0.0,0.05,0.15405767236812593,2.4936257190879174
aed,0,2893,1,puzzle,2,1.0,0.0,4.440775602504277e-65,0.995750825422748,1.4936262381341219,1.5418092820860865,4.779274007359351,0.0,0.05,0.15405767236812593,2.493626238134122
aed,0,2894,1,puzzle,2,1.0,0.0,4.2187368223790675e-65,0.9957511712576741,1.4936267568865111,1.5418183694600887,4.779672879859335,0.0,0.05,0.15405767236812593,2.493626756886511
aed,0,2895,1,puzzle,2,1.0,0.0,4.007799981260106e-65,0.9957515168969169,1.4936272753453754,1.541827413989515,4.780076289704882,0.0,0.05,0.15405767236812593,2.4936272753453754
aed,0,2896,1,puzzle,2,1.0,0.0,3.807409982197105e-65,0.9957518623406705,1.4936277935110058,1.5418364158871225,4.780484149183949,0.0,0.05,0.15405767236812593,2.493627793511006
aed,0,2897,1,puzzle,2,1.0,0.0,3.6170394830872455e-65,0.9957522075891286,1.493628311383693,1.5418453753646053,4.7808963716730215,0.0,0.05,0.15405767236812593,2.4936283113836932
aed,0,2898,1,puzzle,2,1.0,0.0,3.4361875089328846e-65,0.9957525526424867,1.49362882896373,1.5418542926326009,4.781312871625162,0.0,0.05,0.15405767236812593,2.49362882896373
aed,0,2899,1,puzzle,2,1.0,0.0,3.2643781334862437e-65,0.9957528975009363,1.4936293462514045,1.5418631679006949,4.781733564558201,0.0,0.05,0.15405767236812593,2.4936293462514048
aed,0,2900,1,puzzle,2,1.0,0.0,3.101159226811931e-65,0.9957532421646708,1.4936298632470062,1.5418720013774263,4.782158367043039,0.0,0.05,0.15405767236812593,2.493629863247006
aed,0,2901,1,puzzle,2,1.0,0.0,2.9461012654713313e-65,0.9957535866338821,1.4936303799508233,1.5418807932702934,4.782587196692079,0.0,0.05,0.15405767236812593,2.4936303799508233
aed,0,2902,1,puzzle,2,1.0,0.0,2.7987962021977654e-65,0.9957539309087641,1.4936308963631462,1.5418895437857578,4.78301997214777,0.0,0.05,0.15405767236812593,2.493630896363146
aed,0,2903,1,puzzle,2,1.0,0.0,2.6588563920878805e-65,0.9957542749895089,1.4936314124842633,1.5418982531292504,4.783456613071279,0.0,0.05,0.15405767236812593,2.4936314124842633
aed,0,2904,1,puzzle,2,1.0,0.0,2.5259135724834817e-65,0.9957546188763065,1.4936319283144597,1.5419069215051764,4.783897040131283,0.0,0.05,0.15405767236812593,2.4936319283144597
aed,0,2905,1,puzzle,2,1.0,0.0,2.39961789385931e-65,0.9957549625693516,1.4936324438540274,1.5419155491169205,4.784341174992863,0.0,0.05,0.15405767236812593,2.493632443854027
aed,0,2906,1,puzzle,2,1.0,0.0,2.279636999166344e-65,0.9957553060688333,1.49363295910325,1.541924136166852,4.7847889403065365,0.0,0.05,0.15405767236812593,2.49363295910325
aed,0,2907,1,puzzle,2,1.0,0.0,2.1656551492080273e-65,0.9957556493749433,1.493633474062415,1.54193268285633,4.785240259697385,0.0,0.05,0.15405767236812593,2.493633474062415
aed,0,2908,1,puzzle,2,1.0,0.0,2.0573723917476216e-65,0.9957559924878729,1.4936339887318093,1.5419411893857073,4.785695057754309,0.0,0.05,0.15405767236812593,2.4936339887318093
aed,0,2909,2,mastered,1,0.0,0.0,1.954503772160243e-65,0.9957911718153714,1.493686757723057,1.541949917227394,4.786101266681103,0.0,0.05,0.15405767236812593,1.493686757723057
aed,0,2910,1,puzzle,1,0.0,0.0,1.8567785835522283e-65,0.9011176059449264,1.3516764089173896,1.541248549685844,4.927812394782746,0.0,0.05,0.15405767236812593,1.3516764089173896
aed,0,2911,1,puzzle,2,1.0,0.0,1.7639396543746203e-65,0.9957915125564313,1.493687268834647,1.541260743281588,4.92610774528186,0.0,0.05,0.15405767236812593,2.493687268834647
aed,0,2912,1,puzzle,2,1.0,0.0,1.6757426716558862e-65,0.9957918531058348,1.4936877796587522,1.5412728784634737,4.924431766633763,0.0,0.05,0.15405767236812593,2.493687779658752
aed,0,2913,1,puzzle,2,1.0,0.0,1.5919555380730956e-65,0.9957921934637722,1.4936882901956583,1.5412849555221346,4.9227841142939015,0.0,0.05,0.15405767236812593,2.4936882901956583
aed,0,2914,1,puzzle,2,1.0,0.0,1.512357761169438e-65,0.9957925336304313,1.493688800445647,1.5412969747467522,4.9211644474520675,0.0,0.05,0.15405767236812593,2.4936888004456472
aed,0,2915,1,puzzle,2,1.0,0.0,1.4367398731109666e-65,0.9957928736060019,1.4936893104090028,1.5413089364250634,4.919572428993607,0.0,0.05,0.15405767236812593,2.4936893104090028
aed,0,2916,1,puzzle,2,1.0,0.0,1.3649028794554205e-65,0.9957932133906717,1.4936898200860076,1.541320840843368,4.918007725461032,0.0,0.05,0.15405767236812593,2.493689820086008
aed,0,2917,1,puzzle,2,1.0,0.0,1.296657735482646e-65,0.9957935529846276,1.4936903294769412,1.541332688286536,4.9164700070160166,0.0,0.05,0.15405767236812593,2.4936903294769412
aed,0,2918,1,puzzle,2,1.0,0.0,1.231824848708516e-65,0.9957938923880583,1.4936908385820873,1.5413444790380137,4.914958947401782,0.0,0.05,0.15405767236812593,2.4936908385820873
aed,0,2919,1,puzzle,2,1.0,0.0,1.1702336062730908e-65,0.9957942316011505,1.4936913474017257,1.5413562133798324,4.913474223905871,0.0,0.05,0.15405767236812593,2.4936913474017257
aed,0,2920,1,puzzle,2,1.0,0.0,1.1117219259594338e-65,0.9957945706240926,1.493691855936139,1.5413678915926141,4.912015517323287,0.0,0.05,0.15405767236812593,2.493691855936139
aed,0,2921,1,puzzle,2,1.0,0.0,1.056135829661463e-65,0.9957949094570687,1.493692364185603,1.541379513955579,4.91058251192003,0.0,0.05,0.15405767236812593,2.493692364185603
aed,0,2922,1,puzzle,2,1.0,0.0,1.0033290381783884e-65,0.9957952481002685,1.4936928721504028,1.5413910807465532,4.90917489539698,0.0,0.05,0.15405767236812593,2.493692872150403
aed,0,2923,1,puzzle,2,1.0,0.0,9.531625862694698e-66,0.9957955865538781,1.4936933798308172,1.5414025922419745,4.907792358854167,0.0,0.05,0.15405767236812593,2.493693379830817
aed,0,2924,1,puzzle,2,1.0,0.0,9.055044569559968e-66,0.9957959248180814,1.4936938872271222,1.5414140487169001,4.906434596755403,0.0,0.05,0.15405767236812593,2.4936938872271224
aed,0,2925,1,puzzle,2,1.0,0.0,8.602292341081985e-66,0.9957962628930658,1.4936943943395986,1.5414254504450136,4.905101306893265,0.0,0.05,0.15405767236812593,2.493694394339599
aed,0,2926,1,puzzle,2,1.0,0.0,8.172177724027879e-66,0.9957966007790162,1.4936949011685243,1.5414367976986312,4.903792190354439,0.0,0.05,0.15405767236812593,2.4936949011685243
aed,0,2927,1,puzzle,2,1.0,0.0,7.763568837826475e-66,0.9957969384761185,1.4936954077141777,1.541448090748709,4.902506951485425,0.0,0.05,0.15405767236812593,2.4936954077141777
aed,0,2928,1,puzzle,2,1.0,0.0,7.375390395935152e-66,0.9957972759845578,1.4936959139768367,1.5414593298648496,4.901245297858583,0.0,0.05,0.15405767236812593,2.4936959139768367
aed,0,2929,1,puzzle,2,1.0,0.0,7.006620876138393e-66,0.995797613304519,1.4936964199567786,1.5414705153153092,4.900006940238528,0.0,0.05,0.15405767236812593,2.4936964199567786
aed,0,2930,1,puzzle,2,1.0,0.0,6.656289832331483e-66,0.9957979504361851,1.4936969256542776,1.5414816473670039,4.898791592548869,0.0,0.05,0.15405767236812593,2.4936969256542776
aed,0,2931,1,puzzle,2,1.0,0.0,6.323475340714893e-66,0.995798287379742,1.493697431069613,1.541492726285517,4.897598971839284,0.0,0.05,0.15405767236812593,2.493697431069613
aed,0,2932,1,puzzle,2,1.0,0.0,6.007301573679164e-66,0.9957986241353732,1.4936979362030598,1.5415037523351047,4.896428798252936,0.0,0.05,0.15405767236812593,2.49369793620306
aed,0,2933,1,puzzle,2,1.0,0.0,5.706936494995191e-66,0.9957989607032622,1.4936984410548932,1.5415147257787039,4.895280794994218,0.0,0.05,0.15405767236812593,2.4936984410548932
aed,0,2934,1,puzzle,2,1.0,0.0,5.421589670245442e-66,0.9957992970835924,1.4936989456253886,1.5415256468779373,4.894154688296824,0.0,0.05,0.15405767236812593,2.493698945625389
aed,0,2935,1,puzzle,2,1.0,0.0,5.15051018673316e-66,0.9957996332765486,1.493699449914823,1.5415365158931218,4.893050207392155,0.0,0.05,0.15405767236812593,2.493699449914823
aed,0,2936,1,puzzle,2,1.0,0.0,4.892984677396514e-66,0.9957999692823126,1.493699953923469,1.5415473330832734,4.891967084478038,0.0,0.05,0.15405767236812593,2.493699953923469
aed,0,2937,1,puzzle,2,1.0,0.0,4.6483354435266733e-66,0.9958003051010665,1.4937004576515998,1.541558098706115,4.890905054687773,0.0,0.05,0.15405767236812593,2.4937004576515998
aed,0,2938,1,puzzle,2,1.0,0.0,4.41591867135035e-66,0.995800640732994,1.4937009610994911,1.5415688130180818,4.889863856059486,0.0,0.05,0.15405767236812593,2.493700961099491
aed,0,2939,1,puzzle,2,1.0,0.0,4.1951227377828306e-66,0.9958009761782763,1.4937014642674145,1.5415794762743285,4.888843229505804,0.0,0.05,0.15405767236812593,2.4937014642674145
aed,0,2940,1,puzzle,2,1.0,0.0,3.985366600893689e-66,0.9958013114370973,1.493701967155646,1.541590088728735,4.887842918783835,0.0,0.05,0.15405767236812593,2.493701967155646
aed,0,2941,1,puzzle,2,1.0,0.0,3.7860982708490046e-66,0.9958016465096358,1.4937024697644536,1.5416006506339137,4.886862670465456,0.0,0.05,0.15405767236812593,2.493702469764454
aed,0,2942,1,puzzle,2,1.0,0.0,3.596793357306555e-66,0.9958019813960758,1.4937029720941137,1.5416111622412147,4.885902233907903,0.0,0.05,0.15405767236812593,2.4937029720941135
aed,0,2943,1,puzzle,2,1.0,0.0,3.416953689441221e-66,0.9958023160965963,1.4937034741448945,1.5416216238007332,4.884961361224662,0.0,0.05,0.15405767236812593,2.4937034741448945
aed,0,2944,1,puzzle,2,1.0,0.0,3.246106004969167e-66,0.9958026506113804,1.4937039759170707,1.541632035561315,4.884039807256659,0.0,0.05,0.15405767236812593,2.4937039759170707
aed,0,2945,1,puzzle,0,1.0,0.0,3.0838007047207026e-66,0.9958377239359901,1.4937565859039852,1.5416426583130283,4.883085481593136,0.0,0.05,0.15405767236812593,2.493756585903985
aed,0,2946,1,puzzle,2,1.0,0.0,2.9296106694846696e-66,0.9958380560609685,1.493757084091453,1.5416532304419206,4.882150773127672,0.0,0.05,0.15405767236812593,2.493757084091453
aed,0,2947,1,puzzle,2,1.0,0.0,2.783130136010436e-66,0.9958383880017239,1.4937575820025857,1.541663752199724,4.881235435593534,0.0,0.05,0.15405767236812593,2.4937575820025857
aed,0,2948,1,puzzle,2,1.0,0.0,2.6439736292099126e-66,0.9958387197584349,1.4937580796376522,1.5416742238369137,4.88033922543686,0.0,0.05,0.15405767236812593,2.493758079637652
aed,0,2949,1,puzzle,0,1.0,0.0,2.511774947749415e-66,0.9958730273646164,1.4938095410469245,1.5416849004229636,4.87941119255853,0.0,0.05,0.15405767236812593,2.4938095410469243
aed,0,2950,1,puzzle,2,1.0,0.0,2.3861862003619475e-66,0.9958733567905976,1.4938100351858965,1.5416955260967784,4.878502571543827,0.0,0.05,0.15405767236812593,2.4938100351858967
aed,0,2951,1,puzzle,2,1.0,0.0,2.2668768903438514e-66,0.9958736860340142,1.4938105290510213,1.5417061011115498,4.877613117888917,0.0,0.05,0.15405767236812593,2.4938105290510215
aed,0,2952,1,puzzle,2,1.0,0.0,2.1535330458266613e-66,0.995874015095042,1.493811022642563,1.541716625719205,4.876742589786669,0.0,0.05,0.15405767236812593,2.493811022642563
aed,0,2953,1,puzzle,2,1.0,0.0,2.0458563935353278e-66,0.9958743439738599,1.4938115159607899,1.541727100170413,4.875890748098426,0.0,0.05,0.15405767236812593,2.4938115159607896
aed,0,2954,1,puzzle,2,1.0,0.0,1.943563573858559e-66,0.9958746726706436,1.4938120090059654,1.5417375247145906,4.875057356326067,0.0,0.05,0.15405767236812593,2.4938120090059654
aed,0,2955,1,puzzle,2,1.0,0.0,1.8463853951656312e-66,0.9958750011855712,1.4938125017783568,1.5417478995999094,4.874242180584359,0.0,0.05,0.15405767236812593,2.493812501778357
aed,0,2956,1,puzzle,2,1.0,0.0,1.7540661254073496e-66,0.9958753295188164,1.4938129942782246,1.541758225073301,4.873444989573592,0.0,0.05,0.15405767236812593,2.4938129942782243
aed,0,2957,1,puzzle,2,1.0,0.0,1.6663628191369792e-66,0.9958756576705579,1.4938134865058368,1.5417685013804638,4.872665554552483,0.0,0.05,0.15405767236812593,2.493813486505837
aed,0,2958,1,puzzle,2,1.0,0.0,1.5830446781801307e-66,0.99587598564097,1.493813978461455,1.5417787287658686,4.871903649311371,0.0,0.05,0.15405767236812593,2.4938139784614552
aed,0,2959,1,puzzle,2,1.0,0.0,1.503892444271125e-66,0.9958763134302292,1.4938144701453437,1.541788907472766,4.87115905014568,0.0,0.05,0.15405767236812593,2.4938144701453435
aed,0,2960,1,puzzle,2,1.0,0.0,1.4286978220575672e-66,0.9958766410385113,1.493814961557767,1.541799037743191,4.870431535829647,0.0,0.05,0.15405767236812593,2.493814961557767
aed,0,2961,1,puzzle,2,1.0,0.0,1.3572629309546912e-66,0.99587696846599,1.493815452698985,1.5418091198179698,4.8697208875903355,0.0,0.05,0.15405767236812593,2.493815452698985
aed,0,2962,1,puzzle,2,1.0,0.0,1.2893997844069556e-66,0.9958772957128408,1.493815943569261,1.541819153936726,4.869026889081898,0.0,0.05,0.15405767236812593,2.493815943569261
aed,0,2963,1,puzzle,2,1.0,0.0,1.2249297951866093e-66,0.9958776227792393,1.493816434168859,1.5418291403378868,4.868349326360107,0.0,0.05,0.15405767236812593,2.493816434168859
aed,0,2964,1,puzzle,2,1.0,0.0,1.1636833054272763e-66,0.99587794966536,1.4938169244980402,1.5418390792586876,4.8676879878571535,0.0,0.05,0.15405767236812593,2.49381692449804
aed,0,2965,1,puzzle,2,1.0,0.0,1.1054991401559144e-66,0.9958782763713758,1.4938174145570637,1.5418489709351795,4.867042664356698,0.0,0.05,0.15405767236812593,2.4938174145570637
aed,0,2966,1,puzzle,2,1.0,0.0,1.0502241831481182e-66,0.9958786028974603,1.4938179043461906,1.5418588156022344,4.866413148969174,0.0,0.05,0.15405767236812593,2.4938179043461908
aed,0,2967,1,puzzle,2,1.0,0.0,9.97712973990711e-67,0.9958789292437894,1.4938183938656842,1.5418686134935515,4.86579923710735,0.0,0.05,0.15405767236812593,2.493818393865684
aed,0,2968,1,puzzle,2,1.0,0.0,9.478273252911763e-67,0.9958792554105341,1.4938188831158012,1.5418783648416627,4.865200726462137,0.0,0.05,0.15405767236812593,2.493818883115801
aed,0,2969,1,puzzle,2,1.0,0.0,9.004359590266167e-67,0.9958795813978699,1.493819372096805,1.5418880698779385,4.86461741697865,0.0,0.05,0.15405767236812593,2.493819372096805
aed,0,2970,1,puzzle,2,1.0,0.0,8.554141610752862e-67,0.9958799072059682,1.4938198608089523,1.5418977288325935,4.864049110832504,0.0,0.05,0.15405767236812593,2.4938198608089523
aed,0,2971,1,puzzle,2,1.0,0.0,8.126434530215226e-67,0.9958802328350032,1.4938203492525046,1.541907341934693,4.863495612406367,0.0,0.05,0.15405767236812593,2.4938203492525046
aed,0,2972,1,puzzle,2,1.0,0.0,7.720112803704457e-67,0.9958805582851461,1.493820837427719,1.541916909412158,4.8629567282667425,0.0,0.05,0.15405767236812593,2.493820837427719
aed,0,2973,1,puzzle,2,1.0,0.0,7.334107163519244e-67,0.9958808835565698,1.4938213253348547,1.5419264314917716,4.862432267140992,0.0,0.05,0.15405767236812593,2.4938213253348547
aed,0,2974,1,puzzle,2,1.0,0.0,6.967401805343266e-67,0.9958812086494466,1.4938218129741698,1.5419359083991835,4.861922039894596,0.0,0.05,0.15405767236812593,2.49382181297417
aed,0,2975,1,puzzle,2,1.0,0.0,6.619031715076108e-67,0.9958815335639472,1.4938223003459208,1.5419453403589172,4.861425859508646,0.0,0.05,0.15405767236812593,2.493822300345921
aed,0,2976,1,puzzle,2,1.0,0.0,6.288080129322311e-67,0.9958818583002451,1.4938227874503678,1.5419547275943744,4.8609435410575665,0.0,0.05,0.15405767236812593,2.493822787450368
aed,0,2977,1,puzzle,2,1.0,0.0,5.97367612285618e-67,0.9958821828585103,1.4938232742877653,1.5419640703278414,4.860474901687066,0.0,0.05,0.15405767236812593,2.4938232742877653
aed,0,2978,1,puzzle,2,1.0,0.0,5.674992316713376e-67,0.9958825072389134,1.49382376085837,1.5419733687804942,4.860019760592319,0.0,0.05,0.15405767236812593,2.49382376085837
aed,0,2979,1,puzzle,2,1.0,0.0,5.391242700877707e-67,0.9958828314416263,1.4938242471624394,1.5419826231724039,4.8595779389963605,0.0,0.05,0.15405767236812593,2.4938242471624394
aed,0,2980,1,puzzle,2,1.0,0.0,5.1216805658338185e-67,0.9958831554668197,1.4938247332002295,1.5419918337225431,4.85914926012871,0.0,0.05,0.15405767236812593,2.4938247332002295
aed,0,2981,1,puzzle,2,1.0,0.0,4.865596537542132e-67,0.9958834793146628,1.4938252189719943,1.5420010006487905,4.858733549204219,0.0,0.05,0.15405767236812593,2.4938252189719945
aed,0,2982,1,puzzle,2,1.0,0.0,4.622316710665029e-67,0.9958838029853271,1.4938257044779906,1.5420101241679365,4.858330633402122,0.0,0.05,0.15405767236812593,2.493825704477991
aed,0,2983,1,puzzle,2,1.0,0.0,4.391200875131769e-67,0.9958841264789834,1.493826189718475,1.542019204495689,4.857940341845316,0.0,0.05,0.15405767236812593,2.493826189718475
aed,0,2984,1,puzzle,2,1.0,0.0,4.1716408313751816e-67,0.9958844497958,1.4938266746937001,1.542028241846679,4.857562505579841,0.0,0.05,0.15405767236812593,2.4938266746937003
aed,0,2985,1,puzzle,2,1.0,0.0,3.9630587898064246e-67,0.9958847729359457,1.4938271594039185,1.5420372364344652,4.857196957554589,0.0,0.05,0.15405767236812593,2.4938271594039185
aed,0,2986,1,puzzle,2,1.0,0.0,3.764905850316105e-67,0.9958850958995905,1.4938276438493858,1.5420461884715397,4.8568435326011965,0.0,0.05,0.15405767236812593,2.493827643849386
aed,0,2987,1,puzzle,2,1.0,0.0,3.576660557800301e-67,0.9958854186869042,1.4938281280303563,1.5420550981693337,4.856502067414162,0.0,0.05,0.15405767236812593,2.4938281280303563
aed,0,2988,1,puzzle,2,1.0,0.0,3.3978275299102784e-67,0.9958857412980551,1.4938286119470825,1.5420639657382225,4.856172400531161,0.0,0.05,0.15405767236812593,2.4938286119470825
aed,0,2989,1,puzzle,2,1.0,0.0,3.227936153414768e-67,0.995886063733211,1.4938290955998164,1.5420727913875305,4.855854372313563,0.0,0.05,0.15405767236812593,2.4938290955998164
aed,0,2990,1,puzzle,2,1.0,0.0,3.0665393457440287e-67,0.995886385992541,1.4938295789888114,1.5420815753255368,4.855547824927153,0.0,0.05,0.15405767236812593,2.4938295789888114
aed,0,2991,1,puzzle,2,1.0,0.0,2.913212378456823e-67,0.9958867080762138,1.4938300621143208,1.542090317759481,4.855252602323041,0.0,0.05,0.15405767236812593,2.493830062114321
aed,0,2992,1,puzzle,2,1.0,0.0,2.7675517595339908e-67,0.9958870299843952,1.4938305449765927,1.5420990188955663,4.854968550218785,0.0,0.05,0.15405767236812593,2.4938305449765927
aed,0,2993,1,puzzle,2,1.0,0.0,2.6291741715572865e-67,0.9958873517172563,1.4938310275758844,1.5421076789389678,4.85469551607968,0.0,0.05,0.15405767236812593,2.4938310275758844
aed,0,2994,1,puzzle,2,1.0,0.0,2.4977154629794222e-67,0.9958876732749609,1.4938315099124413,1.5421162980938352,4.854433349100277,0.0,0.05,0.15405767236812593,2.4938315099124413
aed,0,2995,1,puzzle,2,1.0,0.0,2.372829689830452e-67,0.9958879946576781,1.493831991986517,1.5421248765632987,4.854181900186056,0.0,0.05,0.15405767236812593,2.493831991986517
aed,0,2996,1,puzzle,2,1.0,0.0,2.254188205338927e-67,0.9958883158655751,1.4938324737983626,1.5421334145494738,4.853941021935307,0.0,0.05,0.15405767236812593,2.4938324737983626
aed,0,2997,1,puzzle,2,1.0,0.0,2.1414787950719808e-67,0.9958886368988172,1.493832955348226,1.5421419122534676,4.853710568621195,0.0,0.05,0.15405767236812593,2.4938329553482257
aed,0,2998,1,puzzle,2,1.0,0.0,2.0344048553183823e-67,0.9958889577575725,1.4938334366363586,1.542150369875382,4.853490396174006,0.0,0.05,0.15405767236812593,2.4938334366363586
aed,0,2999,1,puzzle,2,1.0,0.0,1.9326846125524632e-67,0.9958892784420068,1.4938339176630102,1.5421587876143201,4.853280362163576,0.0,0.05,0.15405767236812593,2.49383391766301
